AÑO,CVE_ENT,ENTIDAD,CVE_MUN,MUNICIPIO,CVE_DDR,DISTRITO,CVE_CADER,CADER,CVE_CICLO,CICLE,CVE_MODALIDAD,MODALIDAD,CVE_UNIDAD,UNIDAD_MEDIDA,CVE_CULTIVO,CULTIVO,SUPERFICIE_SEMBRADA,SUPERFICIE_COSECHADA,SUPERFICIE_SINIESTRADA,VOLUMEN_PRODUCCION,RENDIMIENTO,PRECIO,VALOR_PRODUCCION
2024,1,Aguascalientes,3,Calvillo,1.0,Aguascalientes,2.0,Calvillo,3,Perennes,1,Riego,200201,Tonelada,5060000,Aguacate,55.85,55.85,0.0,731.64,13.1,15500.0,11340420.0
2024,2,Baja California,1,Ensenada,2.0,Ensenada,3.0,Ensenada,3,Perennes,1,Riego,200201,Tonelada,5060000,Aguacate,10.0,10.0,0.0,86.0,8.6,12500.0,1075000.0
2024,2,Baja California,1,Ensenada,2.0,Ensenada,4.0,San Quintín,3,Perennes,1,Riego,200201,Tonelada,5060000,Aguacate,20.0,20.0,0.0,160.0,8.0,25000.0,4000000.0
2024,3,Baja California Sur,1,Comondú,5.0,Comondú,1.0,Comondú,3,Perennes,1,Riego,200201,Tonelada,5060000,Aguacate,16.0,16.0,0.0,75.68,4.73,16235.0,1228664.8
2024,3,Baja California Sur,2,Mulegé,4.0,Mulegé,2.0,Vizcaíno,3,Perennes,1,Riego,200201,Tonelada,5060000,Aguacate,6.0,6.0,0.0,25.32,4.22,16822.26,425939.62
2024,3,Baja California Sur,3,La Paz,6.0,La Paz,1.0,La Paz,3,Perennes,1,Riego,200201,Tonelada,5060000,Aguacate,17.0,9.0,0.0,46.26,5.14,18025.0,833836.5
2024,3,Baja California Sur,8,Los Cabos,7.0,Los Cabos,1.0,Santiago,3,Perennes,1,Riego,200201,Tonelada,5060000,Aguacate,73.0,28.0,0.0,206.36,7.37,13712.09,2829626.89
2024,4,Campeche,2,Campeche,9.0,Campeche,1.0,Castamay,3,Perennes,1,Riego,200201,Tonelada,5060000,Aguacate,29.0,29.0,0.0,468.06,16.14,9744.6,4561057.48
2024,4,Campeche,2,Campeche,9.0,Campeche,1.0,Castamay,3,Perennes,2,Temporal,200201,Tonelada,5060000,Aguacate,6.0,6.0,0.0,39.0,6.5,9744.4,380031.6
2024,4,Campeche,4,Champotón,10.0,Champotón,1.0,Ciudad del Sol/Champotón,3,Perennes,2,Temporal,200201,Tonelada,5060000,Aguacate,12.0,12.0,0.0,62.4,5.2,4222.44,263480.26
2024,4,Campeche,5,Hecelchakán,8.0,Hecelchakán,3.0,Hecelchakán,3,Perennes,1,Riego,200201,Tonelada,5060000,Aguacate,10.0,9.0,0.0,66.24,7.36,10000.0,662400.0
2024,4,Campeche,8,Tenabo,8.0,Hecelchakán,2.0,Tenabo,3,Perennes,1,Riego,200201,Tonelada,5060000,Aguacate,10.5,9.5,0.0,106.97,11.26,10000.0,1069700.0
2024,4,Campeche,13,Dzitbalché,8.0,Hecelchakán,1.0,Calkiní,3,Perennes,1,Riego,200201,Tonelada,5060000,Aguacate,6.5,3.5,0.0,35.0,10.0,10000.0,350000.0
2024,6,Colima,3,Comala,16.0,Colima,2.0,Comala,3,Perennes,1,Riego,200201,Tonelada,5060000,Aguacate,324.0,322.0,0.0,3381.0,10.5,17479.73,59098967.13
2024,6,Colima,4,Coquimatlán,16.0,Colima,1.0,Coquimatlán,3,Perennes,1,Riego,200201,Tonelada,5060000,Aguacate,6.25,6.25,0.0,64.81,10.37,18751.9,1215310.64
2024,6,Colima,5,Cuauhtémoc,16.0,Colima,2.0,Comala,3,Perennes,1,Riego,200201,Tonelada,5060000,Aguacate,218.5,215.5,0.0,2340.33,10.86,17413.99,40754483.22
2024,6,Colima,7,Manzanillo,17.0,Tecomán,2.0,Santiago,3,Perennes,1,Riego,200201,Tonelada,5060000,Aguacate,83.0,83.0,0.0,771.07,9.29,15739.25,12136063.5
2024,6,Colima,8,Minatitlán,16.0,Colima,2.0,Comala,3,Perennes,1,Riego,200201,Tonelada,5060000,Aguacate,72.2,72.2,0.0,766.76,10.62,17282.56,13251575.71
2024,6,Colima,10,Villa de Álvarez,16.0,Colima,1.0,Coquimatlán,3,Perennes,1,Riego,200201,Tonelada,5060000,Aguacate,68.5,67.5,0.0,706.73,10.47,18204.18,12865440.13
2024,7,Chiapas,1,Acacoyagua,25.0,Tapachula,4.0,Acapetahua,3,Perennes,2,Temporal,200201,Tonelada,5060000,Aguacate,31.8,31.8,0.0,172.36,5.42,4246.51,731928.46
2024,7,Chiapas,2,Acala,18.0,Tuxtla Gutiérrez,1.0,Tuxtla Gutiérrez,3,Perennes,2,Temporal,200201,Tonelada,5060000,Aguacate,14.0,10.0,0.0,51.6,5.16,5867.95,302786.22
2024,7,Chiapas,4,Altamirano,19.0,San Cristóbal de las Casas,2.0,Altamirano/Oxchuc,3,Perennes,2,Temporal,200201,Tonelada,5060000,Aguacate,10.0,9.0,0.0,35.01,3.89,9756.97,341591.52
2024,7,Chiapas,6,Amatenango de La Frontera,24.0,Motozintla,1.0,Amatenango/Motozintla,3,Perennes,2,Temporal,200201,Tonelada,5060000,Aguacate,123.0,123.0,0.0,384.99,3.13,14331.98,5517668.98
2024,7,Chiapas,7,Amatenango del Valle,19.0,San Cristóbal de las Casas,1.0,San Cristóbal de Las Casas,3,Perennes,2,Temporal,200201,Tonelada,5060000,Aguacate,6.4,5.9,0.0,23.36,3.96,9964.33,232766.75
2024,7,Chiapas,7,Amatenango del Valle,19.0,San Cristóbal de las Casas,1.0,San Cristóbal de Las Casas,3,Perennes,2,Temporal,200201,Tonelada,5060000,Aguacate,86.5,70.5,0.0,474.47,6.73,29337.85,13919929.69
2024,7,Chiapas,10,Bejucal de Ocampo,24.0,Motozintla,2.0,Porvenir,3,Perennes,2,Temporal,200201,Tonelada,5060000,Aguacate,115.0,115.0,0.0,483.0,4.2,14302.0,6907866.0
2024,7,Chiapas,11,Bella Vista,24.0,Motozintla,1.0,Amatenango/Motozintla,3,Perennes,2,Temporal,200201,Tonelada,5060000,Aguacate,218.0,218.0,0.0,806.6,3.7,14335.36,11562901.38
2024,7,Chiapas,19,Comitán de Domínguez,20.0,Comitán,1.0,Trinitaria,3,Perennes,2,Temporal,200201,Tonelada,5060000,Aguacate,128.5,118.5,0.0,852.02,7.19,29618.49,25235545.85
2024,7,Chiapas,23,Chamula,19.0,San Cristóbal de las Casas,1.0,San Cristóbal de Las Casas,3,Perennes,2,Temporal,200201,Tonelada,5060000,Aguacate,87.0,77.0,0.0,516.67,6.71,29387.61,15183696.46
2024,7,Chiapas,26,Chenalhó,19.0,San Cristóbal de las Casas,3.0,Chenalhó,3,Perennes,2,Temporal,200201,Tonelada,5060000,Aguacate,7.5,7.0,0.0,26.88,3.84,10007.7,269006.98
2024,7,Chiapas,26,Chenalhó,19.0,San Cristóbal de las Casas,3.0,Chenalhó,3,Perennes,2,Temporal,200201,Tonelada,5060000,Aguacate,38.5,37.5,0.0,248.25,6.62,29355.58,7287522.74
2024,7,Chiapas,28,Chiapilla,18.0,Tuxtla Gutiérrez,1.0,Tuxtla Gutiérrez,3,Perennes,2,Temporal,200201,Tonelada,5060000,Aguacate,13.56,10.56,0.0,89.65,8.49,5860.13,525360.65
2024,7,Chiapas,36,La Grandeza,24.0,Motozintla,2.0,Porvenir,3,Perennes,2,Temporal,200201,Tonelada,5060000,Aguacate,21.0,21.0,0.0,81.9,3.9,14325.0,1173217.5
2024,7,Chiapas,37,Huehuetán,25.0,Tapachula,3.0,Huixtla,3,Perennes,2,Temporal,200201,Tonelada,5060000,Aguacate,14.0,14.0,0.0,58.8,4.2,4089.57,240466.72
2024,7,Chiapas,38,Huixtán,19.0,San Cristóbal de las Casas,2.0,Altamirano/Oxchuc,3,Perennes,2,Temporal,200201,Tonelada,5060000,Aguacate,85.0,65.0,0.0,304.85,4.69,29049.52,8855746.17
2024,7,Chiapas,40,Huixtla,25.0,Tapachula,3.0,Huixtla,3,Perennes,2,Temporal,200201,Tonelada,5060000,Aguacate,9.0,9.0,0.0,38.25,4.25,4158.75,159072.19
2024,7,Chiapas,41,La Independencia,20.0,Comitán,3.0,Margaritas,3,Perennes,2,Temporal,200201,Tonelada,5060000,Aguacate,123.0,108.0,0.0,860.76,7.97,29451.53,25350698.96
2024,7,Chiapas,49,Larráinzar,19.0,San Cristóbal de las Casas,1.0,San Cristóbal de Las Casas,3,Perennes,2,Temporal,200201,Tonelada,5060000,Aguacate,4.1,3.4,0.0,13.46,3.96,9970.2,134198.89
2024,7,Chiapas,49,Larráinzar,19.0,San Cristóbal de las Casas,1.0,San Cristóbal de Las Casas,3,Perennes,2,Temporal,200201,Tonelada,5060000,Aguacate,135.3,110.0,0.0,757.9,6.89,29352.95,22246600.81
2024,7,Chiapas,52,Las Margaritas,20.0,Comitán,3.0,Margaritas,3,Perennes,2,Temporal,200201,Tonelada,5060000,Aguacate,6.5,5.5,0.0,70.07,12.74,29466.76,2064735.87
2024,7,Chiapas,53,Mazapa de Madero,24.0,Motozintla,1.0,Amatenango/Motozintla,3,Perennes,2,Temporal,200201,Tonelada,5060000,Aguacate,26.0,26.0,0.0,94.64,3.64,14337.21,1356873.55
2024,7,Chiapas,57,Motozintla,24.0,Motozintla,1.0,Amatenango/Motozintla,3,Perennes,2,Temporal,200201,Tonelada,5060000,Aguacate,112.0,112.0,0.0,582.4,5.2,14335.5,8348995.2
2024,7,Chiapas,64,Oxchuc,19.0,San Cristóbal de las Casas,2.0,Altamirano/Oxchuc,3,Perennes,2,Temporal,200201,Tonelada,5060000,Aguacate,4.5,4.5,0.0,22.68,5.04,9819.78,222712.61
2024,7,Chiapas,64,Oxchuc,19.0,San Cristóbal de las Casas,2.0,Altamirano/Oxchuc,3,Perennes,2,Temporal,200201,Tonelada,5060000,Aguacate,50.05,45.6,0.0,304.15,6.67,29148.32,8865461.53
2024,7,Chiapas,66,Pantelhó,19.0,San Cristóbal de las Casas,3.0,Chenalhó,3,Perennes,2,Temporal,200201,Tonelada,5060000,Aguacate,5.0,4.5,0.0,17.42,3.87,9965.63,173601.27
2024,7,Chiapas,66,Pantelhó,19.0,San Cristóbal de las Casas,3.0,Chenalhó,3,Perennes,2,Temporal,200201,Tonelada,5060000,Aguacate,9.0,8.5,0.0,52.87,6.22,29303.58,1549280.27
2024,7,Chiapas,71,Villa Comaltitlán,25.0,Tapachula,3.0,Huixtla,3,Perennes,2,Temporal,200201,Tonelada,5060000,Aguacate,6.0,6.0,0.0,24.6,4.1,4166.72,102501.31
2024,7,Chiapas,75,Las Rosas,19.0,San Cristóbal de las Casas,1.0,San Cristóbal de Las Casas,3,Perennes,2,Temporal,200201,Tonelada,5060000,Aguacate,9.7,9.7,0.0,33.85,3.49,9979.92,337820.29
2024,7,Chiapas,75,Las Rosas,19.0,San Cristóbal de las Casas,1.0,San Cristóbal de Las Casas,3,Perennes,2,Temporal,200201,Tonelada,5060000,Aguacate,46.4,44.4,0.0,277.5,6.25,29454.79,8173704.23
2024,7,Chiapas,78,San Cristóbal de Las Casas,19.0,San Cristóbal de las Casas,1.0,San Cristóbal de Las Casas,3,Perennes,2,Temporal,200201,Tonelada,5060000,Aguacate,4.2,3.5,0.0,16.1,4.6,9955.77,160287.9
2024,7,Chiapas,78,San Cristóbal de Las Casas,19.0,San Cristóbal de las Casas,1.0,San Cristóbal de Las Casas,3,Perennes,2,Temporal,200201,Tonelada,5060000,Aguacate,92.0,84.0,0.0,556.08,6.62,29413.18,16356081.13
2024,7,Chiapas,80,Siltepec,24.0,Motozintla,2.0,Porvenir,3,Perennes,2,Temporal,200201,Tonelada,5060000,Aguacate,17.0,17.0,0.0,64.94,3.82,14316.0,929681.04
2024,7,Chiapas,93,Tenejapa,19.0,San Cristóbal de las Casas,1.0,San Cristóbal de Las Casas,3,Perennes,2,Temporal,200201,Tonelada,5060000,Aguacate,7.9,6.9,0.0,26.29,3.81,9993.16,262710.19
2024,7,Chiapas,93,Tenejapa,19.0,San Cristóbal de las Casas,1.0,San Cristóbal de Las Casas,3,Perennes,2,Temporal,200201,Tonelada,5060000,Aguacate,65.0,59.0,0.0,393.53,6.67,29430.24,11581682.35
2024,7,Chiapas,94,Teopisca,19.0,San Cristóbal de las Casas,1.0,San Cristóbal de Las Casas,3,Perennes,2,Temporal,200201,Tonelada,5060000,Aguacate,10.6,10.1,0.0,38.08,3.77,10041.43,382347.57
2024,7,Chiapas,94,Teopisca,19.0,San Cristóbal de las Casas,1.0,San Cristóbal de Las Casas,3,Perennes,2,Temporal,200201,Tonelada,5060000,Aguacate,188.0,180.0,0.0,1224.0,6.8,29433.67,36026812.08
2024,7,Chiapas,98,Totolapa,18.0,Tuxtla Gutiérrez,1.0,Tuxtla Gutiérrez,3,Perennes,2,Temporal,200201,Tonelada,5060000,Aguacate,7.3,4.3,0.0,27.05,6.29,9038.73,244470.6
2024,7,Chiapas,99,La Trinitaria,20.0,Comitán,1.0,Trinitaria,3,Perennes,2,Temporal,200201,Tonelada,5060000,Aguacate,415.0,414.5,0.0,3709.78,8.95,29535.58,109570355.6
2024,7,Chiapas,103,Tuzantán,25.0,Tapachula,3.0,Huixtla,3,Perennes,2,Temporal,200201,Tonelada,5060000,Aguacate,3.0,3.0,0.0,16.56,5.52,4209.98,69717.27
2024,7,Chiapas,104,Tzimol,20.0,Comitán,1.0,Trinitaria,3,Perennes,2,Temporal,200201,Tonelada,5060000,Aguacate,42.0,41.5,0.0,316.23,7.62,29485.3,9324136.42
2024,7,Chiapas,110,San Lucas,18.0,Tuxtla Gutiérrez,1.0,Tuxtla Gutiérrez,3,Perennes,2,Temporal,200201,Tonelada,5060000,Aguacate,17.0,14.0,0.0,88.48,6.32,9447.6,835923.65
2024,7,Chiapas,111,Zinacantán,19.0,San Cristóbal de las Casas,1.0,San Cristóbal de Las Casas,3,Perennes,2,Temporal,200201,Tonelada,5060000,Aguacate,410.0,350.0,0.0,2282.0,6.52,29433.81,67167954.42
2024,7,Chiapas,112,San Juan Cancuc,19.0,San Cristóbal de las Casas,2.0,Altamirano/Oxchuc,3,Perennes,2,Temporal,200201,Tonelada,5060000,Aguacate,308.0,108.0,0.0,713.88,6.61,29124.41,20791333.81
2024,7,Chiapas,113,Aldama,19.0,San Cristóbal de las Casas,3.0,Chenalhó,3,Perennes,2,Temporal,200201,Tonelada,5060000,Aguacate,82.0,72.0,0.0,452.88,6.29,29337.69,13286453.05
2024,7,Chiapas,119,Santiago El Pinar,19.0,San Cristóbal de las Casas,1.0,San Cristóbal de Las Casas,3,Perennes,2,Temporal,200201,Tonelada,5060000,Aguacate,153.5,138.0,0.0,913.56,6.62,29453.79,26907804.39
2024,7,Chiapas,123,Emiliano Zapata,18.0,Tuxtla Gutiérrez,1.0,Tuxtla Gutiérrez,3,Perennes,2,Temporal,200201,Tonelada,5060000,Aguacate,7.4,4.4,0.0,22.09,5.02,5860.74,129452.04
2024,8,Chihuahua,27,Guachochi,38.0,Balleza,2.0,Guachochi,3,Perennes,1,Riego,200201,Tonelada,5060000,Aguacate,35.0,27.0,0.0,148.5,5.5,31000.0,4603500.0
2024,8,Chihuahua,29,Guadalupe Y Calvo,38.0,Balleza,3.0,Guadalupe Y Calvo,3,Perennes,1,Riego,200201,Tonelada,5060000,Aguacate,34.0,24.0,0.0,132.0,5.5,31000.0,4092000.0
2024,10,Durango,2,Canelas,47.0,Santiago Papasquiaro,1.0,Tepehuanes,3,Perennes,1,Riego,200201,Tonelada,5060000,Aguacate,33.0,33.0,0.0,66.99,2.03,16000.0,1071840.0
2024,10,Durango,19,Otáez,47.0,Santiago Papasquiaro,2.0,Santiago Papasquiaro,3,Perennes,1,Riego,200201,Tonelada,5060000,Aguacate,3.1,3.1,0.0,6.01,1.94,16620.0,99886.2
2024,10,Durango,23,Pueblo Nuevo,44.0,El Salto,2.0,El Salto,3,Perennes,2,Temporal,200201,Tonelada,5060000,Aguacate,360.0,360.0,0.0,457.2,1.27,16517.69,7551887.87
2024,10,Durango,26,San Dimas,44.0,El Salto,1.0,San Miguel de Cruces,3,Perennes,2,Temporal,200201,Tonelada,5060000,Aguacate,375.0,375.0,0.0,596.25,1.59,15985.74,9531497.48
2024,10,Durango,34,Tamazula,44.0,El Salto,2.0,El Salto,3,Perennes,2,Temporal,200201,Tonelada,5060000,Aguacate,375.0,375.0,0.0,622.5,1.66,16603.68,10335790.8
2024,10,Durango,37,Topia,47.0,Santiago Papasquiaro,1.0,Tepehuanes,3,Perennes,1,Riego,200201,Tonelada,5060000,Aguacate,22.63,22.63,0.0,59.06,2.61,15048.9,888853.0
2024,11,Guanajuato,1,Abasolo,52.0,Cortazar,9.0,Abasolo,3,Perennes,1,Riego,200201,Tonelada,5060000,Aguacate,17.0,17.0,0.0,141.1,8.3,18807.24,2653701.56
2024,11,Guanajuato,3,San Miguel de Allende,48.0,Dolores Hidalgo,3.0,San Miguel de Allende,3,Perennes,1,Riego,200201,Tonelada,5060000,Aguacate,5.0,5.0,0.0,32.0,6.4,15100.0,483200.0
2024,11,Guanajuato,3,San Miguel de Allende,48.0,Dolores Hidalgo,3.0,San Miguel de Allende,3,Perennes,2,Temporal,200201,Tonelada,5060000,Aguacate,5.0,5.0,0.0,32.5,6.5,29607.57,962246.03
2024,11,Guanajuato,4,Apaseo El Alto,51.0,Celaya,1.0,Celaya,3,Perennes,1,Riego,200201,Tonelada,5060000,Aguacate,2.0,1.0,0.0,9.4,9.4,17127.98,161003.01
2024,11,Guanajuato,4,Apaseo El Alto,51.0,Celaya,1.0,Celaya,3,Perennes,2,Temporal,200201,Tonelada,5060000,Aguacate,1.0,1.0,0.0,8.5,8.5,12011.91,102101.24
2024,11,Guanajuato,5,Apaseo El Grande,51.0,Celaya,1.0,Celaya,3,Perennes,1,Riego,200201,Tonelada,5060000,Aguacate,3.5,2.0,0.0,19.0,9.5,16849.47,320139.93
2024,11,Guanajuato,5,Apaseo El Grande,51.0,Celaya,1.0,Celaya,3,Perennes,1,Riego,200201,Tonelada,5060000,Aguacate,10.0,10.0,0.0,90.0,9.0,14586.38,1312774.2
2024,11,Guanajuato,7,Celaya,51.0,Celaya,1.0,Celaya,3,Perennes,1,Riego,200201,Tonelada,5060000,Aguacate,5.0,5.0,0.0,47.25,9.45,16562.64,782584.74
2024,11,Guanajuato,7,Celaya,51.0,Celaya,1.0,Celaya,3,Perennes,1,Riego,200201,Tonelada,5060000,Aguacate,15.0,13.0,0.0,115.7,8.9,14643.87,1694295.76
2024,11,Guanajuato,9,Comonfort,51.0,Celaya,1.0,Celaya,3,Perennes,1,Riego,200201,Tonelada,5060000,Aguacate,1.0,1.0,0.0,9.75,9.75,16395.02,159851.45
2024,11,Guanajuato,9,Comonfort,51.0,Celaya,1.0,Celaya,3,Perennes,1,Riego,200201,Tonelada,5060000,Aguacate,31.0,31.0,0.0,283.65,9.15,14625.56,4148540.09
2024,11,Guanajuato,12,Cuerámaro,52.0,Cortazar,9.0,Abasolo,3,Perennes,1,Riego,200201,Tonelada,5060000,Aguacate,29.0,24.0,0.0,211.2,8.8,17215.51,3635915.71
2024,11,Guanajuato,15,Guanajuato,50.0,León,3.0,Silao/Guanajuato,3,Perennes,1,Riego,200201,Tonelada,5060000,Aguacate,22.0,22.0,0.0,143.0,6.5,25666.85,3670359.55
2024,11,Guanajuato,16,Huanímaro,52.0,Cortazar,9.0,Abasolo,3,Perennes,1,Riego,200201,Tonelada,5060000,Aguacate,3.0,3.0,0.0,25.05,8.35,17402.81,435940.39
2024,11,Guanajuato,19,Jerécuaro,51.0,Celaya,2.0,Jerécuaro,3,Perennes,1,Riego,200201,Tonelada,5060000,Aguacate,6.2,6.2,0.0,48.36,7.8,11367.51,549732.78
2024,11,Guanajuato,20,León,50.0,León,1.0,Leon,3,Perennes,1,Riego,200201,Tonelada,5060000,Aguacate,60.0,30.0,0.0,215.4,7.18,25203.29,5428788.67
2024,11,Guanajuato,23,Pénjamo,52.0,Cortazar,3.0,Pénjamo,3,Perennes,1,Riego,200201,Tonelada,5060000,Aguacate,5.0,3.0,0.0,37.5,12.5,12168.93,456334.88
2024,11,Guanajuato,23,Pénjamo,52.0,Cortazar,3.0,Pénjamo,3,Perennes,1,Riego,200201,Tonelada,5060000,Aguacate,5.0,3.0,0.0,60.6,20.2,21108.75,1279190.25
2024,11,Guanajuato,25,Purísima del Rincón,50.0,León,2.0,San Francisco del Rincón,3,Perennes,1,Riego,200201,Tonelada,5060000,Aguacate,1.0,1.0,0.0,5.2,5.2,27293.33,141925.32
2024,11,Guanajuato,26,Romita,50.0,León,3.0,Silao/Guanajuato,3,Perennes,1,Riego,200201,Tonelada,5060000,Aguacate,4.0,4.0,0.0,35.6,8.9,24265.55,863853.58
2024,11,Guanajuato,27,Salamanca,52.0,Cortazar,8.0,Salamanca,3,Perennes,2,Temporal,200201,Tonelada,5060000,Aguacate,7.0,7.0,0.0,52.22,7.46,12204.64,637326.3
2024,11,Guanajuato,31,San Francisco del Rincón,50.0,León,2.0,San Francisco del Rincón,3,Perennes,1,Riego,200201,Tonelada,5060000,Aguacate,16.0,16.0,0.0,83.2,5.2,25693.88,2137730.82
2024,11,Guanajuato,35,Santa Cruz de Juventino Rosas,51.0,Celaya,1.0,Celaya,3,Perennes,1,Riego,200201,Tonelada,5060000,Aguacate,1.0,1.0,0.0,8.5,8.5,16334.82,138845.97
2024,11,Guanajuato,37,Silao de La Victoria,50.0,León,3.0,Silao/Guanajuato,3,Perennes,1,Riego,200201,Tonelada,5060000,Aguacate,10.0,10.0,0.0,60.0,6.0,33817.5,2029050.0
2024,11,Guanajuato,37,Silao de La Victoria,50.0,León,3.0,Silao/Guanajuato,3,Perennes,1,Riego,200201,Tonelada,5060000,Aguacate,24.0,24.0,0.0,153.6,6.4,20694.88,3178733.57
2024,11,Guanajuato,39,Tarimoro,51.0,Celaya,1.0,Celaya,3,Perennes,1,Riego,200201,Tonelada,5060000,Aguacate,18.0,18.0,0.0,171.0,9.5,12828.38,2193652.98
2024,12,Guerrero,1,Acapulco de Juárez,54.0,Las Vigas,2.0,Acapulco,3,Perennes,1,Riego,200201,Tonelada,5060000,Aguacate,2.0,2.0,0.0,15.78,7.89,9590.95,151345.19
2024,12,Guerrero,1,Acapulco de Juárez,54.0,Las Vigas,2.0,Acapulco,3,Perennes,2,Temporal,200201,Tonelada,5060000,Aguacate,9.0,9.0,0.0,61.02,6.78,9048.36,552130.93
2024,12,Guerrero,2,Ahuacuotzingo,56.0,Chilpancingo,4.0,Chilapa,3,Perennes,2,Temporal,200201,Tonelada,5060000,Aguacate,3.34,3.34,0.0,38.24,11.45,15999.85,611882.45
2024,12,Guerrero,4,Alcozauca de Guerrero,57.0,Tlapa,6.0,Alcozauca,3,Perennes,1,Riego,200201,Tonelada,5060000,Aguacate,1.02,1.0,0.0,8.77,8.77,13500.0,118395.0
2024,12,Guerrero,6,Apaxtla,58.0,Iguala,4.0,Teloloapan,3,Perennes,1,Riego,200201,Tonelada,5060000,Aguacate,1.0,1.0,0.0,6.7,6.7,12600.59,84423.96
2024,12,Guerrero,6,Apaxtla,58.0,Iguala,4.0,Teloloapan,3,Perennes,2,Temporal,200201,Tonelada,5060000,Aguacate,1.0,0.0,0.0,0.0,,,0.0
2024,12,Guerrero,6,Apaxtla,58.0,Iguala,4.0,Teloloapan,3,Perennes,2,Temporal,200201,Tonelada,5060000,Aguacate,1.0,1.0,0.0,5.01,5.01,11955.05,59894.8
2024,12,Guerrero,11,Atoyac de Álvarez,53.0,Atoyac,6.0,Coyuca de Benítez,3,Perennes,1,Riego,200201,Tonelada,5060000,Aguacate,4.0,1.0,0.0,9.5,9.5,18422.81,175016.7
2024,12,Guerrero,11,Atoyac de Álvarez,53.0,Atoyac,6.0,Coyuca de Benítez,3,Perennes,2,Temporal,200201,Tonelada,5060000,Aguacate,77.0,74.0,0.0,485.44,6.56,14769.81,7169856.57
2024,12,Guerrero,12,Ayutla de Los Libres,54.0,Las Vigas,4.0,Ayutla,3,Perennes,2,Temporal,200201,Tonelada,5060000,Aguacate,118.0,115.0,0.0,799.25,6.95,13027.46,10412197.41
2024,12,Guerrero,15,Buenavista de Cuéllar,58.0,Iguala,1.0,Tepecoacuilco,3,Perennes,1,Riego,200201,Tonelada,5060000,Aguacate,4.0,4.0,0.0,18.88,4.72,10324.6,194928.45
2024,12,Guerrero,16,Coahuayutla de José María Izazaga,53.0,Atoyac,4.0,La Unión,3,Perennes,2,Temporal,200201,Tonelada,5060000,Aguacate,39.0,34.0,0.0,210.46,6.19,14280.73,3005522.44
2024,12,Guerrero,17,Cocula,58.0,Iguala,3.0,Cocula,3,Perennes,1,Riego,200201,Tonelada,5060000,Aguacate,2.0,2.0,0.0,17.5,8.75,10698.54,187224.45
2024,12,Guerrero,22,Coyuca de Catalán,55.0,Altamirano,1.0,Coyuca de Catalán,3,Perennes,1,Riego,200201,Tonelada,5060000,Aguacate,38.0,30.0,0.0,315.6,10.52,9600.66,3029968.3
2024,12,Guerrero,26,Cuetzala del Progreso,58.0,Iguala,4.0,Teloloapan,3,Perennes,1,Riego,200201,Tonelada,5060000,Aguacate,25.0,25.0,0.0,237.5,9.5,9356.69,2222213.88
2024,12,Guerrero,28,Chilapa de Álvarez,56.0,Chilpancingo,4.0,Chilapa,3,Perennes,1,Riego,200201,Tonelada,5060000,Aguacate,0.5,0.5,0.0,5.57,11.14,7892.32,43960.22
2024,12,Guerrero,28,Chilapa de Álvarez,56.0,Chilpancingo,4.0,Chilapa,3,Perennes,2,Temporal,200201,Tonelada,5060000,Aguacate,1.5,1.5,0.0,12.77,8.51,11882.05,151674.4
2024,12,Guerrero,29,Chilpancingo de Los Bravo,56.0,Chilpancingo,1.0,Tixtla,3,Perennes,1,Riego,200201,Tonelada,5060000,Aguacate,201.0,100.0,0.0,860.0,8.6,9989.43,8590909.8
2024,12,Guerrero,32,General Heliodoro Castillo,56.0,Chilpancingo,2.0,Chichihualco,3,Perennes,1,Riego,200201,Tonelada,5060000,Aguacate,788.0,630.0,0.0,5638.5,8.95,10270.76,57911680.26
2024,12,Guerrero,32,General Heliodoro Castillo,56.0,Chilpancingo,2.0,Chichihualco,3,Perennes,2,Temporal,200201,Tonelada,5060000,Aguacate,21.5,18.5,0.0,92.5,5.0,7853.1,726411.75
2024,12,Guerrero,32,General Heliodoro Castillo,56.0,Chilpancingo,2.0,Chichihualco,3,Perennes,2,Temporal,200201,Tonelada,5060000,Aguacate,495.0,413.0,0.0,2882.74,6.98,9076.36,26164786.03
2024,12,Guerrero,36,Igualapa,54.0,Las Vigas,1.0,Ometepec,3,Perennes,2,Temporal,200201,Tonelada,5060000,Aguacate,23.2,23.2,0.0,131.08,5.65,8095.55,1061164.69
2024,12,Guerrero,37,Ixcateopan de Cuauhtémoc,58.0,Iguala,5.0,Taxco de Alarcón,3,Perennes,1,Riego,200201,Tonelada,5060000,Aguacate,6.0,6.0,0.0,28.26,4.71,9882.47,279278.6
2024,12,Guerrero,38,Zihuatanejo de Azueta,53.0,Atoyac,5.0,Petatlán,3,Perennes,1,Riego,200201,Tonelada,5060000,Aguacate,15.0,15.0,0.0,109.95,7.33,14806.98,1628027.45
2024,12,Guerrero,38,Zihuatanejo de Azueta,53.0,Atoyac,5.0,Petatlán,3,Perennes,2,Temporal,200201,Tonelada,5060000,Aguacate,21.0,18.0,0.0,99.18,5.51,14345.15,1422751.98
2024,12,Guerrero,40,Leonardo Bravo,56.0,Chilpancingo,2.0,Chichihualco,3,Perennes,1,Riego,200201,Tonelada,5060000,Aguacate,220.0,150.0,0.0,1419.0,9.46,10279.86,14587121.34
2024,12,Guerrero,40,Leonardo Bravo,56.0,Chilpancingo,2.0,Chichihualco,3,Perennes,2,Temporal,200201,Tonelada,5060000,Aguacate,21.0,21.0,0.0,171.15,8.15,7868.5,1346693.78
2024,12,Guerrero,44,Mochitlán,56.0,Chilpancingo,3.0,Quechultenango,3,Perennes,1,Riego,200201,Tonelada,5060000,Aguacate,27.0,26.0,0.0,210.34,8.09,9909.42,2084347.4
2024,12,Guerrero,44,Mochitlán,56.0,Chilpancingo,3.0,Quechultenango,3,Perennes,2,Temporal,200201,Tonelada,5060000,Aguacate,4.0,3.0,0.0,22.95,7.65,9906.12,227345.45
2024,12,Guerrero,44,Mochitlán,56.0,Chilpancingo,3.0,Quechultenango,3,Perennes,2,Temporal,200201,Tonelada,5060000,Aguacate,15.0,13.5,0.0,95.72,7.09,11414.77,1092564.35
2024,12,Guerrero,46,Ometepec,54.0,Las Vigas,1.0,Ometepec,3,Perennes,2,Temporal,200201,Tonelada,5060000,Aguacate,55.0,55.0,0.0,306.35,5.57,8685.15,2660695.7
2024,12,Guerrero,48,Petatlán,53.0,Atoyac,5.0,Petatlán,3,Perennes,1,Riego,200201,Tonelada,5060000,Aguacate,27.0,23.0,0.0,185.38,8.06,14811.05,2745672.45
2024,12,Guerrero,48,Petatlán,53.0,Atoyac,5.0,Petatlán,3,Perennes,2,Temporal,200201,Tonelada,5060000,Aguacate,35.0,28.0,0.0,194.6,6.95,14421.26,2806377.2
2024,12,Guerrero,49,Pilcaya,58.0,Iguala,5.0,Taxco de Alarcón,3,Perennes,1,Riego,200201,Tonelada,5060000,Aguacate,1.0,1.0,0.0,6.8,6.8,15893.65,108076.82
2024,12,Guerrero,51,Quechultenango,56.0,Chilpancingo,3.0,Quechultenango,3,Perennes,1,Riego,200201,Tonelada,5060000,Aguacate,2.0,2.0,0.0,13.16,6.58,9324.26,122707.26
2024,12,Guerrero,51,Quechultenango,56.0,Chilpancingo,3.0,Quechultenango,3,Perennes,2,Temporal,200201,Tonelada,5060000,Aguacate,9.0,9.0,0.0,77.22,8.58,12970.38,1001572.74
2024,12,Guerrero,51,Quechultenango,56.0,Chilpancingo,3.0,Quechultenango,3,Perennes,2,Temporal,200201,Tonelada,5060000,Aguacate,14.0,10.0,0.0,62.6,6.26,6110.3,382504.78
2024,12,Guerrero,52,San Luis Acatlán,54.0,Las Vigas,5.0,San Luis Acatlán,3,Perennes,2,Temporal,200201,Tonelada,5060000,Aguacate,131.0,131.0,0.0,707.4,5.4,7796.17,5515010.66
2024,12,Guerrero,55,Taxco de Alarcón,58.0,Iguala,5.0,Taxco de Alarcón,3,Perennes,1,Riego,200201,Tonelada,5060000,Aguacate,8.23,8.23,0.0,53.08,6.45,12575.11,667486.84
2024,12,Guerrero,55,Taxco de Alarcón,58.0,Iguala,5.0,Taxco de Alarcón,3,Perennes,1,Riego,200201,Tonelada,5060000,Aguacate,18.15,18.15,0.0,190.58,10.5,14840.09,2828150.03
2024,12,Guerrero,55,Taxco de Alarcón,58.0,Iguala,5.0,Taxco de Alarcón,3,Perennes,2,Temporal,200201,Tonelada,5060000,Aguacate,36.2,36.2,0.0,166.52,4.6,15746.83,2622162.13
2024,12,Guerrero,56,Tecoanapa,54.0,Las Vigas,4.0,Ayutla,3,Perennes,2,Temporal,200201,Tonelada,5060000,Aguacate,98.0,96.0,0.0,691.2,7.2,12996.18,8982959.62
2024,12,Guerrero,57,Técpan de Galeana,53.0,Atoyac,1.0,Técpan de Galeana,3,Perennes,1,Riego,200201,Tonelada,5060000,Aguacate,89.0,87.0,0.0,555.93,6.39,14719.12,8182800.38
2024,12,Guerrero,57,Técpan de Galeana,53.0,Atoyac,1.0,Técpan de Galeana,3,Perennes,2,Temporal,200201,Tonelada,5060000,Aguacate,413.0,405.0,0.0,2531.25,6.25,14467.92,36621922.5
2024,12,Guerrero,58,Teloloapan,58.0,Iguala,4.0,Teloloapan,3,Perennes,1,Riego,200201,Tonelada,5060000,Aguacate,25.0,25.0,0.0,232.5,9.3,10403.79,2418881.18
2024,12,Guerrero,60,Tetipac,58.0,Iguala,5.0,Taxco de Alarcón,3,Perennes,1,Riego,200201,Tonelada,5060000,Aguacate,0.54,0.54,0.0,1.9,3.52,16524.8,31397.12
2024,12,Guerrero,60,Tetipac,58.0,Iguala,5.0,Taxco de Alarcón,3,Perennes,2,Temporal,200201,Tonelada,5060000,Aguacate,1.5,1.5,0.0,12.9,8.6,13879.55,179046.2
2024,12,Guerrero,62,Tlacoachistlahuaca,54.0,Las Vigas,1.0,Ometepec,3,Perennes,2,Temporal,200201,Tonelada,5060000,Aguacate,171.5,170.0,0.0,994.5,5.85,7490.78,7449580.71
2024,12,Guerrero,68,La Unión de Isidoro Montes de Oca,53.0,Atoyac,4.0,La Unión,3,Perennes,1,Riego,200201,Tonelada,5060000,Aguacate,1701.0,1546.0,0.0,13156.46,8.51,16866.63,221905142.9
2024,12,Guerrero,71,Xochistlahuaca,54.0,Las Vigas,1.0,Ometepec,3,Perennes,2,Temporal,200201,Tonelada,5060000,Aguacate,125.0,125.0,0.0,793.75,6.35,7522.43,5970928.81
2024,12,Guerrero,74,Zitlala,56.0,Chilpancingo,4.0,Chilapa,3,Perennes,1,Riego,200201,Tonelada,5060000,Aguacate,0.4,0.4,0.0,2.97,7.42,9866.43,29303.3
2024,12,Guerrero,75,Eduardo Neri,56.0,Chilpancingo,2.0,Chichihualco,3,Perennes,1,Riego,200201,Tonelada,5060000,Aguacate,27.0,26.0,0.0,156.26,6.01,10115.31,1580618.35
2024,12,Guerrero,75,Eduardo Neri,56.0,Chilpancingo,2.0,Chichihualco,3,Perennes,2,Temporal,200201,Tonelada,5060000,Aguacate,5.0,5.0,0.0,41.15,8.23,7779.88,320142.06
2024,12,Guerrero,79,José Joaquín de Herrera,56.0,Chilpancingo,4.0,Chilapa,3,Perennes,2,Temporal,200201,Tonelada,5060000,Aguacate,3.0,3.0,0.0,18.87,6.29,14987.66,282817.14
2024,13,Hidalgo,2,Acaxochitlán,61.0,Tulancingo,1.0,Tulancingo,3,Perennes,2,Temporal,200201,Tonelada,5060000,Aguacate,58.6,58.6,0.0,228.54,3.9,19300.0,4410822.0
2024,13,Hidalgo,12,Atotonilco El Grande,62.0,Pachuca,2.0,Atotonilco,3,Perennes,1,Riego,200201,Tonelada,5060000,Aguacate,11.0,11.0,0.0,110.33,10.03,35000.0,3861550.0
2024,13,Hidalgo,12,Atotonilco El Grande,62.0,Pachuca,2.0,Atotonilco,3,Perennes,1,Riego,200201,Tonelada,5060000,Aguacate,57.0,51.0,0.0,515.1,10.1,32553.15,16768127.57
2024,13,Hidalgo,14,Calnali,60.0,Zacualtipán,3.0,Tlanchinol,3,Perennes,2,Temporal,200201,Tonelada,5060000,Aguacate,26.5,22.5,0.0,110.25,4.9,22995.92,2535300.18
2024,13,Hidalgo,19,Chilcuautla,63.0,Mixquiahuala,3.0,Chilcuautla,3,Perennes,1,Riego,200201,Tonelada,5060000,Aguacate,9.0,9.0,0.0,45.81,5.09,16580.0,759529.8
2024,13,Hidalgo,20,Eloxochitlán,60.0,Zacualtipán,1.0,Molango,3,Perennes,1,Riego,200201,Tonelada,5060000,Aguacate,50.0,45.0,0.0,290.25,6.45,19000.0,5514750.0
2024,13,Hidalgo,24,Huasca de Ocampo,62.0,Pachuca,2.0,Atotonilco,3,Perennes,1,Riego,200201,Tonelada,5060000,Aguacate,47.0,47.0,0.0,427.7,9.1,33100.0,14156870.0
2024,13,Hidalgo,24,Huasca de Ocampo,62.0,Pachuca,2.0,Atotonilco,3,Perennes,1,Riego,200201,Tonelada,5060000,Aguacate,62.0,50.0,0.0,527.5,10.55,36000.0,18990000.0
2024,13,Hidalgo,24,Huasca de Ocampo,62.0,Pachuca,2.0,Atotonilco,3,Perennes,2,Temporal,200201,Tonelada,5060000,Aguacate,19.0,9.0,0.0,44.1,4.9,33200.0,1464120.0
2024,13,Hidalgo,30,Ixmiquilpan,63.0,Mixquiahuala,2.0,Ixmiquilpan,3,Perennes,1,Riego,200201,Tonelada,5060000,Aguacate,3.0,3.0,0.0,29.61,9.87,16333.33,483629.9
2024,13,Hidalgo,31,Jacala de Ledezma,64.0,Huichapan,1.0,Chapulhuacán,3,Perennes,1,Riego,200201,Tonelada,5060000,Aguacate,10.0,10.0,0.0,95.3,9.53,14806.78,1411086.13
2024,13,Hidalgo,31,Jacala de Ledezma,64.0,Huichapan,1.0,Chapulhuacán,3,Perennes,2,Temporal,200201,Tonelada,5060000,Aguacate,4.0,4.0,0.0,18.0,4.5,13500.0,243000.0
2024,13,Hidalgo,34,Lolotla,60.0,Zacualtipán,3.0,Tlanchinol,3,Perennes,2,Temporal,200201,Tonelada,5060000,Aguacate,6.0,6.0,0.0,23.7,3.95,22998.73,545069.9
2024,13,Hidalgo,36,San Agustín Metzquititlán,60.0,Zacualtipán,4.0,Zacualtipán,3,Perennes,1,Riego,200201,Tonelada,5060000,Aguacate,136.0,128.0,0.0,806.4,6.3,21000.0,16934400.0
2024,13,Hidalgo,37,Metztitlán,60.0,Zacualtipán,2.0,Metztitlán,3,Perennes,1,Riego,200201,Tonelada,5060000,Aguacate,52.0,49.0,0.0,301.35,6.15,19000.0,5725650.0
2024,13,Hidalgo,38,Mineral del Chico,62.0,Pachuca,2.0,Atotonilco,3,Perennes,2,Temporal,200201,Tonelada,5060000,Aguacate,7.0,7.0,0.0,35.35,5.05,35500.0,1254925.0
2024,13,Hidalgo,43,Nicolás Flores,64.0,Huichapan,2.0,Zimapán,3,Perennes,2,Temporal,200201,Tonelada,5060000,Aguacate,10.0,10.0,0.0,40.0,4.0,25000.0,1000000.0
2024,13,Hidalgo,43,Nicolás Flores,64.0,Huichapan,2.0,Zimapán,3,Perennes,2,Temporal,200201,Tonelada,5060000,Aguacate,70.0,34.0,0.0,136.0,4.0,18000.0,2448000.0
2024,13,Hidalgo,47,Pacula,64.0,Huichapan,2.0,Zimapán,3,Perennes,1,Riego,200201,Tonelada,5060000,Aguacate,12.0,10.0,0.0,40.0,4.0,20000.0,800000.0
2024,13,Hidalgo,53,San Bartolo Tutotepec,61.0,Tulancingo,2.0,San Bartolo Tutotepec,3,Perennes,2,Temporal,200201,Tonelada,5060000,Aguacate,58.6,48.6,0.0,206.55,4.25,19500.0,4027725.0
2024,13,Hidalgo,59,Tecozautla,64.0,Huichapan,3.0,Huichapan,3,Perennes,1,Riego,200201,Tonelada,5060000,Aguacate,17.0,16.0,0.0,116.8,7.3,23219.79,2712071.47
2024,13,Hidalgo,60,Tenango de Doria,61.0,Tulancingo,2.0,San Bartolo Tutotepec,3,Perennes,2,Temporal,200201,Tonelada,5060000,Aguacate,15.0,12.0,0.0,54.0,4.5,19000.0,1026000.0
2024,13,Hidalgo,62,Tepehuacán de Guerrero,60.0,Zacualtipán,3.0,Tlanchinol,3,Perennes,2,Temporal,200201,Tonelada,5060000,Aguacate,77.0,62.0,0.0,207.7,3.35,23674.43,4917179.11
2024,13,Hidalgo,68,Tianguistengo,60.0,Zacualtipán,4.0,Zacualtipán,3,Perennes,2,Temporal,200201,Tonelada,5060000,Aguacate,18.0,17.0,0.0,57.12,3.36,20600.0,1176672.0
2024,13,Hidalgo,71,Tlahuiltepa,60.0,Zacualtipán,1.0,Molango,3,Perennes,1,Riego,200201,Tonelada,5060000,Aguacate,12.0,12.0,0.0,56.16,4.68,22590.0,1268654.4
2024,13,Hidalgo,73,Tlanchinol,60.0,Zacualtipán,3.0,Tlanchinol,3,Perennes,2,Temporal,200201,Tonelada,5060000,Aguacate,16.0,12.0,0.0,41.4,3.45,24611.59,1018919.83
2024,13,Hidalgo,81,Zacualtipán de Ángeles,60.0,Zacualtipán,4.0,Zacualtipán,3,Perennes,2,Temporal,200201,Tonelada,5060000,Aguacate,11.0,9.0,0.0,31.32,3.48,20200.0,632664.0
2024,13,Hidalgo,84,Zimapán,64.0,Huichapan,2.0,Zimapán,3,Perennes,1,Riego,200201,Tonelada,5060000,Aguacate,10.0,7.0,0.0,28.0,4.0,19000.0,532000.0
2024,13,Hidalgo,84,Zimapán,64.0,Huichapan,2.0,Zimapán,3,Perennes,2,Temporal,200201,Tonelada,5060000,Aguacate,3.0,3.0,0.0,12.0,4.0,25000.0,300000.0
2024,14,Jalisco,1,Acatic,66.0,Lagos de Moreno,7.0,Tepatitlán,3,Perennes,1,Riego,200201,Tonelada,5060000,Aguacate,120.4,120.4,0.0,1590.48,13.21,31359.1,49876146.8
2024,14,Jalisco,2,Acatlán de Juárez,65.0,Zapopan,3.0,Tlajomulco,3,Perennes,1,Riego,200201,Tonelada,5060000,Aguacate,30.0,30.0,0.0,426.0,14.2,10885.34,4637154.84
2024,14,Jalisco,3,Ahualulco de Mercado,67.0,Ameca,2.0,Antonio Escobedo,3,Perennes,1,Riego,200201,Tonelada,5060000,Aguacate,68.0,68.0,0.0,768.4,11.3,18686.64,14358814.18
2024,14,Jalisco,4,Amacueca,71.0,Ciudad Guzmán,1.0,Zacoalco de Torres,3,Perennes,1,Riego,200201,Tonelada,5060000,Aguacate,280.76,235.76,0.0,2786.68,11.82,21637.8,60297680.24
2024,14,Jalisco,6,Ameca,67.0,Ameca,4.0,Ameca,3,Perennes,1,Riego,200201,Tonelada,5060000,Aguacate,116.0,116.0,0.0,1540.48,13.28,18410.07,28360344.63
2024,14,Jalisco,7,San Juanito de Escobedo,67.0,Ameca,2.0,Antonio Escobedo,3,Perennes,1,Riego,200201,Tonelada,5060000,Aguacate,19.0,19.0,0.0,218.5,11.5,19402.84,4239520.54
2024,14,Jalisco,8,Arandas,66.0,Lagos de Moreno,5.0,Arandas,3,Perennes,1,Riego,200201,Tonelada,5060000,Aguacate,222.0,222.0,0.0,3596.4,16.2,22144.79,79641522.76
2024,14,Jalisco,9,El Arenal,67.0,Ameca,3.0,Tala,3,Perennes,1,Riego,200201,Tonelada,5060000,Aguacate,55.0,55.0,0.0,605.55,11.01,20953.9,12688634.15
2024,14,Jalisco,11,Atengo,69.0,El Grullo,2.0,Tecolotlán,3,Perennes,1,Riego,200201,Tonelada,5060000,Aguacate,65.0,65.0,0.0,1178.45,18.13,25142.82,29629556.23
2024,14,Jalisco,12,Atenguillo,67.0,Ameca,6.0,Mixtlán,3,Perennes,1,Riego,200201,Tonelada,5060000,Aguacate,105.0,105.0,0.0,1278.9,12.18,16194.49,20711133.26
2024,14,Jalisco,13,Atotonilco El Alto,70.0,La Barca,3.0,Atotonilco,3,Perennes,1,Riego,200201,Tonelada,5060000,Aguacate,280.0,255.0,0.0,5049.0,19.8,22875.97,115500772.5
2024,14,Jalisco,14,Atoyac,71.0,Ciudad Guzmán,1.0,Zacoalco de Torres,3,Perennes,1,Riego,200201,Tonelada,5060000,Aguacate,518.58,479.58,0.0,5683.02,11.85,22969.23,130534593.5
2024,14,Jalisco,15,Autlán de Navarro,69.0,El Grullo,3.0,Autlán,3,Perennes,1,Riego,200201,Tonelada,5060000,Aguacate,74.0,74.0,0.0,804.38,10.87,23271.45,18719088.95
2024,14,Jalisco,16,Ayotlán,70.0,La Barca,5.0,Ayotlán,3,Perennes,1,Riego,200201,Tonelada,5060000,Aguacate,183.0,178.0,0.0,3358.86,18.87,25881.48,86932267.91
2024,14,Jalisco,17,Ayutla,69.0,El Grullo,1.0,Unión de Tula,3,Perennes,1,Riego,200201,Tonelada,5060000,Aguacate,5.0,5.0,0.0,81.85,16.37,22740.4,1861301.74
2024,14,Jalisco,17,Ayutla,69.0,El Grullo,1.0,Unión de Tula,3,Perennes,2,Temporal,200201,Tonelada,5060000,Aguacate,21.3,21.3,0.0,187.01,8.78,22139.89,4140380.83
2024,14,Jalisco,18,La Barca,70.0,La Barca,1.0,La Barca,3,Perennes,1,Riego,200201,Tonelada,5060000,Aguacate,60.0,43.0,0.0,699.18,16.26,22637.01,15827344.65
2024,14,Jalisco,20,Cabo Corrientes,68.0,Tomatlán,5.0,Puerto Vallarta,3,Perennes,1,Riego,200201,Tonelada,5060000,Aguacate,13.0,13.0,0.0,105.17,8.09,26430.19,2779663.08
2024,14,Jalisco,23,Zapotlán el Grande,71.0,Ciudad Guzmán,6.0,Sayula,3,Perennes,1,Riego,200201,Tonelada,5060000,Aguacate,6030.0,6030.0,0.0,69043.5,11.45,25357.91,1750798859.0
2024,14,Jalisco,23,Zapotlán el Grande,71.0,Ciudad Guzmán,6.0,Sayula,3,Perennes,2,Temporal,200201,Tonelada,5060000,Aguacate,155.0,155.0,0.0,1426.0,9.2,20052.83,28595335.58
2024,14,Jalisco,24,Cocula,67.0,Ameca,5.0,Cocula,3,Perennes,1,Riego,200201,Tonelada,5060000,Aguacate,65.0,65.0,0.0,770.25,11.85,20566.49,15841338.92
2024,14,Jalisco,26,Concepción de Buenos Aires,71.0,Ciudad Guzmán,3.0,Mazamitla,3,Perennes,1,Riego,200201,Tonelada,5060000,Aguacate,1446.04,1126.04,0.0,13951.64,12.39,31474.3,439117908.6
2024,14,Jalisco,26,Concepción de Buenos Aires,71.0,Ciudad Guzmán,3.0,Mazamitla,3,Perennes,2,Temporal,200201,Tonelada,5060000,Aguacate,930.0,675.0,0.0,6446.25,9.55,32565.59,209925928.1
2024,14,Jalisco,27,Cuautitlán de García Barragán,68.0,Tomatlán,2.0,La Huerta,3,Perennes,1,Riego,200201,Tonelada,5060000,Aguacate,135.0,135.0,0.0,1020.6,7.56,27750.34,28321997.0
2024,14,Jalisco,30,Chapala,70.0,La Barca,4.0,Jocotepec,3,Perennes,1,Riego,200201,Tonelada,5060000,Aguacate,9.0,3.0,0.0,53.82,17.94,22653.44,1219208.14
2024,14,Jalisco,32,Chiquilistlán,71.0,Ciudad Guzmán,2.0,Tapalpa,3,Perennes,1,Riego,200201,Tonelada,5060000,Aguacate,175.0,165.0,0.0,1518.0,9.2,27504.79,41752271.22
2024,14,Jalisco,33,Degollado,70.0,La Barca,5.0,Ayotlán,3,Perennes,1,Riego,200201,Tonelada,5060000,Aguacate,252.0,248.0,0.0,4870.72,19.64,24934.23,121447652.8
2024,14,Jalisco,36,Etzatlán,67.0,Ameca,2.0,Antonio Escobedo,3,Perennes,1,Riego,200201,Tonelada,5060000,Aguacate,23.0,23.0,0.0,272.55,11.85,23887.08,6510423.65
2024,14,Jalisco,38,Guachinango,67.0,Ameca,6.0,Mixtlán,3,Perennes,1,Riego,200201,Tonelada,5060000,Aguacate,10.0,10.0,0.0,96.0,9.6,27050.27,2596825.92
2024,14,Jalisco,44,Ixtlahuacán de Los Membrillos,70.0,La Barca,4.0,Jocotepec,3,Perennes,1,Riego,200201,Tonelada,5060000,Aguacate,24.0,22.0,0.0,386.32,17.56,22672.71,8758921.33
2024,14,Jalisco,45,Ixtlahuacán del Río,65.0,Zapopan,1.0,Palos Altos,3,Perennes,1,Riego,200201,Tonelada,5060000,Aguacate,49.0,49.0,0.0,585.06,11.94,25255.08,14775737.1
2024,14,Jalisco,48,Jesús María,66.0,Lagos de Moreno,5.0,Arandas,3,Perennes,1,Riego,200201,Tonelada,5060000,Aguacate,133.0,133.0,0.0,1396.5,10.5,22326.27,31178636.06
2024,14,Jalisco,50,Jocotepec,70.0,La Barca,4.0,Jocotepec,3,Perennes,1,Riego,200201,Tonelada,5060000,Aguacate,37.0,35.0,0.0,620.9,17.74,22644.55,14060001.1
2024,14,Jalisco,54,El Limón,69.0,El Grullo,4.0,El Limón,3,Perennes,1,Riego,200201,Tonelada,5060000,Aguacate,1.5,1.5,0.0,11.93,7.95,20218.04,241201.22
2024,14,Jalisco,55,Magdalena,67.0,Ameca,1.0,Tequila,3,Perennes,1,Riego,200201,Tonelada,5060000,Aguacate,12.0,12.0,0.0,146.4,12.2,21072.1,3084955.44
2024,14,Jalisco,57,La Manzanilla de la Paz,71.0,Ciudad Guzmán,3.0,Mazamitla,3,Perennes,1,Riego,200201,Tonelada,5060000,Aguacate,324.0,169.0,0.0,3189.03,18.87,23689.52,75546589.97
2024,14,Jalisco,57,La Manzanilla de la Paz,71.0,Ciudad Guzmán,3.0,Mazamitla,3,Perennes,2,Temporal,200201,Tonelada,5060000,Aguacate,292.35,193.75,0.0,1817.38,9.38,22779.2,41398353.45
2024,14,Jalisco,58,Mascota,67.0,Ameca,7.0,Mascota,3,Perennes,1,Riego,200201,Tonelada,5060000,Aguacate,126.45,126.45,0.0,1350.49,10.68,26888.83,36313096.03
2024,14,Jalisco,59,Mazamitla,71.0,Ciudad Guzmán,3.0,Mazamitla,3,Perennes,1,Riego,200201,Tonelada,5060000,Aguacate,631.0,529.0,0.0,8146.6,15.4,34923.6,284508599.8
2024,14,Jalisco,59,Mazamitla,71.0,Ciudad Guzmán,3.0,Mazamitla,3,Perennes,2,Temporal,200201,Tonelada,5060000,Aguacate,351.0,286.0,0.0,2345.2,8.2,30969.29,72629190.63
2024,14,Jalisco,62,Mixtlán,67.0,Ameca,6.0,Mixtlán,3,Perennes,1,Riego,200201,Tonelada,5060000,Aguacate,39.0,39.0,0.0,492.57,12.63,23123.45,11389917.77
2024,14,Jalisco,63,Ocotlán,70.0,La Barca,2.0,Ocotlán,3,Perennes,1,Riego,200201,Tonelada,5060000,Aguacate,13.0,2.0,0.0,31.78,15.89,24667.09,783920.12
2024,14,Jalisco,65,Pihuamo,71.0,Ciudad Guzmán,7.0,Tecalitlán,3,Perennes,2,Temporal,200201,Tonelada,5060000,Aguacate,48.0,48.0,0.0,489.6,10.2,24241.71,11868741.22
2024,14,Jalisco,67,Puerto Vallarta,68.0,Tomatlán,5.0,Puerto Vallarta,3,Perennes,1,Riego,200201,Tonelada,5060000,Aguacate,15.0,15.0,0.0,114.3,7.62,27438.57,3136228.55
2024,14,Jalisco,68,Villa Purificación,68.0,Tomatlán,3.0,Casimiro Castillo,3,Perennes,1,Riego,200201,Tonelada,5060000,Aguacate,110.0,110.0,0.0,711.7,6.47,27702.71,19716018.71
2024,14,Jalisco,69,Quitupan,71.0,Ciudad Guzmán,3.0,Mazamitla,3,Perennes,1,Riego,200201,Tonelada,5060000,Aguacate,379.79,319.79,0.0,4288.38,13.41,38767.99,166252044.5
2024,14,Jalisco,69,Quitupan,71.0,Ciudad Guzmán,3.0,Mazamitla,3,Perennes,2,Temporal,200201,Tonelada,5060000,Aguacate,394.0,325.0,0.0,2600.0,8.0,23321.64,60636264.0
2024,14,Jalisco,71,San Cristóbal de La Barranca,65.0,Zapopan,2.0,Tesistán,3,Perennes,1,Riego,200201,Tonelada,5060000,Aguacate,4.0,4.0,0.0,50.2,12.55,18544.12,930914.82
2024,14,Jalisco,75,San Marcos,67.0,Ameca,2.0,Antonio Escobedo,3,Perennes,1,Riego,200201,Tonelada,5060000,Aguacate,12.0,12.0,0.0,136.8,11.4,24404.81,3338578.01
2024,14,Jalisco,77,San Martín Hidalgo,67.0,Ameca,5.0,Cocula,3,Perennes,1,Riego,200201,Tonelada,5060000,Aguacate,36.0,36.0,0.0,442.8,12.3,20694.29,9163431.61
2024,14,Jalisco,79,Gómez Farías,71.0,Ciudad Guzmán,6.0,Sayula,3,Perennes,1,Riego,200201,Tonelada,5060000,Aguacate,1641.33,1541.33,0.0,18033.56,11.7,21005.19,378798354.2
2024,14,Jalisco,79,Gómez Farías,71.0,Ciudad Guzmán,6.0,Sayula,3,Perennes,2,Temporal,200201,Tonelada,5060000,Aguacate,210.0,210.0,0.0,1680.0,8.0,23602.05,39651444.0
2024,14,Jalisco,80,San Sebastián del Oeste,67.0,Ameca,7.0,Mascota,3,Perennes,1,Riego,200201,Tonelada,5060000,Aguacate,32.0,32.0,0.0,332.8,10.4,20576.65,6847909.12
2024,14,Jalisco,81,Santa María de Los Ángeles,72.0,Colotlán,1.0,Huejúcar,3,Perennes,1,Riego,200201,Tonelada,5060000,Aguacate,9.0,9.0,0.0,82.89,9.21,17277.41,1432124.51
2024,14,Jalisco,82,Sayula,71.0,Ciudad Guzmán,6.0,Sayula,3,Perennes,1,Riego,200201,Tonelada,5060000,Aguacate,1061.0,1061.0,0.0,11671.0,11.0,23117.09,269799557.4
2024,14,Jalisco,83,Tala,67.0,Ameca,3.0,Tala,3,Perennes,1,Riego,200201,Tonelada,5060000,Aguacate,50.5,50.5,0.0,520.15,10.3,18094.62,9411916.59
2024,14,Jalisco,84,Talpa de Allende,67.0,Ameca,8.0,Talpa de Allende,3,Perennes,1,Riego,200201,Tonelada,5060000,Aguacate,32.0,32.0,0.0,364.8,11.4,22340.49,8149810.75
2024,14,Jalisco,85,Tamazula de Gordiano,71.0,Ciudad Guzmán,4.0,Tamazula,3,Perennes,1,Riego,200201,Tonelada,5060000,Aguacate,998.0,998.0,0.0,12385.18,12.41,25582.08,316838665.6
2024,14,Jalisco,86,Tapalpa,71.0,Ciudad Guzmán,2.0,Tapalpa,3,Perennes,1,Riego,200201,Tonelada,5060000,Aguacate,1896.0,1416.0,0.0,15576.0,11.0,24944.31,388532572.6
2024,14,Jalisco,87,Tecalitlán,71.0,Ciudad Guzmán,7.0,Tecalitlán,3,Perennes,1,Riego,200201,Tonelada,5060000,Aguacate,124.0,124.0,0.0,1475.6,11.9,24032.13,35461811.03
2024,14,Jalisco,87,Tecalitlán,71.0,Ciudad Guzmán,7.0,Tecalitlán,3,Perennes,2,Temporal,200201,Tonelada,5060000,Aguacate,65.0,65.0,0.0,585.0,9.0,24586.11,14382874.35
2024,14,Jalisco,88,Tecolotlán,69.0,El Grullo,2.0,Tecolotlán,3,Perennes,1,Riego,200201,Tonelada,5060000,Aguacate,60.0,60.0,0.0,1005.0,16.75,25016.24,25141321.2
2024,14,Jalisco,89,Techaluta de Montenegro,71.0,Ciudad Guzmán,1.0,Zacoalco de Torres,3,Perennes,1,Riego,200201,Tonelada,5060000,Aguacate,18.0,12.0,0.0,138.48,11.54,26004.29,3601074.08
2024,14,Jalisco,90,Tenamaxtlán,69.0,El Grullo,2.0,Tecolotlán,3,Perennes,1,Riego,200201,Tonelada,5060000,Aguacate,2.0,2.0,0.0,36.36,18.18,22778.56,828228.44
2024,14,Jalisco,92,Teocuitatlán de Corona,71.0,Ciudad Guzmán,1.0,Zacoalco de Torres,3,Perennes,1,Riego,200201,Tonelada,5060000,Aguacate,79.55,54.55,0.0,698.24,12.8,26262.58,18337583.86
2024,14,Jalisco,93,Tepatitlán de Morelos,66.0,Lagos de Moreno,7.0,Tepatitlán,3,Perennes,1,Riego,200201,Tonelada,5060000,Aguacate,492.25,492.25,0.0,6153.13,12.5,22788.36,140219618.5
2024,14,Jalisco,94,Tequila,67.0,Ameca,1.0,Tequila,3,Perennes,1,Riego,200201,Tonelada,5060000,Aguacate,21.0,21.0,0.0,252.0,12.0,20675.01,5210102.52
2024,14,Jalisco,95,Teuchitlán,67.0,Ameca,3.0,Tala,3,Perennes,1,Riego,200201,Tonelada,5060000,Aguacate,2.0,2.0,0.0,20.5,10.25,21216.96,434947.68
2024,14,Jalisco,96,Tizapán El Alto,70.0,La Barca,4.0,Jocotepec,3,Perennes,1,Riego,200201,Tonelada,5060000,Aguacate,43.0,38.0,0.0,701.1,18.45,22763.73,15959651.1
2024,14,Jalisco,97,Tlajomulco de Zúñiga,65.0,Zapopan,3.0,Tlajomulco,3,Perennes,1,Riego,200201,Tonelada,5060000,Aguacate,27.0,27.0,0.0,378.0,14.0,11891.2,4494873.6
2024,14,Jalisco,98,San Pedro Tlaquepaque,65.0,Zapopan,3.0,Tlajomulco,3,Perennes,1,Riego,200201,Tonelada,5060000,Aguacate,8.0,8.0,0.0,118.8,14.85,24132.61,2866954.07
2024,14,Jalisco,99,Tolimán,71.0,Ciudad Guzmán,9.0,Tolimán,3,Perennes,1,Riego,200201,Tonelada,5060000,Aguacate,7.0,7.0,0.0,92.4,13.2,26657.98,2463197.35
2024,14,Jalisco,99,Tolimán,71.0,Ciudad Guzmán,9.0,Tolimán,3,Perennes,2,Temporal,200201,Tonelada,5060000,Aguacate,107.38,107.38,0.0,912.73,8.5,23427.7,21383164.62
2024,14,Jalisco,103,Tonila,71.0,Ciudad Guzmán,5.0,Tuxpan,3,Perennes,1,Riego,200201,Tonelada,5060000,Aguacate,986.0,986.0,0.0,13015.2,13.2,24798.77,322760951.3
2024,14,Jalisco,103,Tonila,71.0,Ciudad Guzmán,5.0,Tuxpan,3,Perennes,2,Temporal,200201,Tonelada,5060000,Aguacate,80.0,80.0,0.0,840.0,10.5,27351.12,22974940.8
2024,14,Jalisco,105,Tototlán,70.0,La Barca,3.0,Atotonilco,3,Perennes,1,Riego,200201,Tonelada,5060000,Aguacate,30.0,30.0,0.0,587.4,19.58,24795.38,14564806.21
2024,14,Jalisco,107,Tuxcueca,70.0,La Barca,4.0,Jocotepec,3,Perennes,1,Riego,200201,Tonelada,5060000,Aguacate,53.0,50.0,0.0,938.0,18.76,22486.08,21091943.04
2024,14,Jalisco,108,Tuxpan,71.0,Ciudad Guzmán,5.0,Tuxpan,3,Perennes,1,Riego,200201,Tonelada,5060000,Aguacate,1850.0,1850.0,0.0,24512.5,13.25,18935.25,464150315.6
2024,14,Jalisco,112,Valle de Juárez,71.0,Ciudad Guzmán,3.0,Mazamitla,3,Perennes,1,Riego,200201,Tonelada,5060000,Aguacate,90.0,65.0,0.0,935.35,14.39,23474.76,21957116.77
2024,14,Jalisco,112,Valle de Juárez,71.0,Ciudad Guzmán,3.0,Mazamitla,3,Perennes,2,Temporal,200201,Tonelada,5060000,Aguacate,36.9,24.9,0.0,224.1,9.0,27841.03,6239174.82
2024,14,Jalisco,113,San Gabriel,71.0,Ciudad Guzmán,6.0,Sayula,3,Perennes,1,Riego,200201,Tonelada,5060000,Aguacate,3008.99,2470.36,0.0,28162.1,11.4,24867.17,700311728.3
2024,14,Jalisco,114,Villa Corona,65.0,Zapopan,3.0,Tlajomulco,3,Perennes,1,Riego,200201,Tonelada,5060000,Aguacate,33.0,33.0,0.0,470.25,14.25,25196.89,11848837.52
2024,14,Jalisco,118,Yahualica de González Gallo,66.0,Lagos de Moreno,6.0,Yahualica,3,Perennes,1,Riego,200201,Tonelada,5060000,Aguacate,28.0,28.0,0.0,392.0,14.0,24600.15,9643258.8
2024,14,Jalisco,119,Zacoalco de Torres,71.0,Ciudad Guzmán,1.0,Zacoalco de Torres,3,Perennes,1,Riego,200201,Tonelada,5060000,Aguacate,52.1,44.1,0.0,553.01,12.54,26149.13,14460730.38
2024,14,Jalisco,120,Zapopan,65.0,Zapopan,2.0,Tesistán,3,Perennes,1,Riego,200201,Tonelada,5060000,Aguacate,25.0,25.0,0.0,366.25,14.65,11948.04,4375969.65
2024,14,Jalisco,121,Zapotiltic,71.0,Ciudad Guzmán,5.0,Tuxpan,3,Perennes,1,Riego,200201,Tonelada,5060000,Aguacate,2526.7,2526.7,0.0,30320.4,12.0,26315.11,797884661.2
2024,14,Jalisco,122,Zapotitlán de Vadillo,71.0,Ciudad Guzmán,9.0,Tolimán,3,Perennes,2,Temporal,200201,Tonelada,5060000,Aguacate,584.0,584.0,0.0,5256.0,9.0,22522.81,118379889.4
2024,14,Jalisco,123,Zapotlán del Rey,70.0,La Barca,2.0,Ocotlán,3,Perennes,1,Riego,200201,Tonelada,5060000,Aguacate,2.0,2.0,0.0,30.54,15.27,23412.42,715015.31
2024,14,Jalisco,124,Zapotlanejo,65.0,Zapopan,4.0,Zapotlanejo,3,Perennes,1,Riego,200201,Tonelada,5060000,Aguacate,33.0,33.0,0.0,417.45,12.65,24365.03,10171181.77
2024,15,Estado de México,4,Almoloya de Alquisiras,78.0,Coatepec Harinas,8.0,Almoloya de Alquisiras,3,Perennes,1,Riego,200201,Tonelada,5060000,Aguacate,427.28,367.0,0.0,4037.0,11.0,17692.08,71422926.96
2024,15,Estado de México,4,Almoloya de Alquisiras,78.0,Coatepec Harinas,8.0,Almoloya de Alquisiras,3,Perennes,2,Temporal,200201,Tonelada,5060000,Aguacate,208.0,208.0,0.0,2019.68,9.71,17052.62,34440835.56
2024,15,Estado de México,7,Amanalco,79.0,Valle de Bravo,5.0,Amanalco,3,Perennes,1,Riego,200201,Tonelada,5060000,Aguacate,55.0,46.5,0.0,585.9,12.6,16995.11,9957434.95
2024,15,Estado de México,8,Amatepec,76.0,Tejupilco,4.0,Amatepec,3,Perennes,1,Riego,200201,Tonelada,5060000,Aguacate,39.0,39.0,0.0,295.62,7.58,21508.35,6358298.43
2024,15,Estado de México,8,Amatepec,76.0,Tejupilco,4.0,Amatepec,3,Perennes,2,Temporal,200201,Tonelada,5060000,Aguacate,126.42,126.42,0.0,642.21,5.08,20253.27,13006852.53
2024,15,Estado de México,15,Atlautla,75.0,Texcoco,7.0,Atlautla,3,Perennes,2,Temporal,200201,Tonelada,5060000,Aguacate,20.0,20.0,0.0,119.0,5.95,10866.67,1293133.73
2024,15,Estado de México,15,Atlautla,75.0,Texcoco,7.0,Atlautla,3,Perennes,2,Temporal,200201,Tonelada,5060000,Aguacate,25.0,25.0,0.0,192.75,7.71,15547.32,2996745.93
2024,15,Estado de México,15,Atlautla,75.0,Texcoco,7.0,Atlautla,3,Perennes,2,Temporal,200201,Tonelada,5060000,Aguacate,113.83,90.71,0.0,1043.17,11.5,16900.08,17629573.0
2024,15,Estado de México,21,Coatepec Harinas,78.0,Coatepec Harinas,3.0,Coatepec Harinas,3,Perennes,1,Riego,200201,Tonelada,5060000,Aguacate,2051.0,2051.0,0.0,32323.76,15.76,18606.41,601429131.3
2024,15,Estado de México,21,Coatepec Harinas,78.0,Coatepec Harinas,3.0,Coatepec Harinas,3,Perennes,2,Temporal,200201,Tonelada,5060000,Aguacate,126.0,126.0,0.0,1354.5,10.75,17399.85,23568096.83
2024,15,Estado de México,32,Donato Guerra,79.0,Valle de Bravo,6.0,Donato Guerra,3,Perennes,1,Riego,200201,Tonelada,5060000,Aguacate,1129.0,959.0,0.0,11853.24,12.36,17907.0,212255968.7
2024,15,Estado de México,32,Donato Guerra,79.0,Valle de Bravo,6.0,Donato Guerra,3,Perennes,2,Temporal,200201,Tonelada,5060000,Aguacate,404.0,370.0,0.0,3056.2,8.26,17680.87,54036274.89
2024,15,Estado de México,34,Ecatzingo,75.0,Texcoco,7.0,Atlautla,3,Perennes,2,Temporal,200201,Tonelada,5060000,Aguacate,131.91,126.91,0.0,1262.75,9.95,17566.62,22182325.17
2024,15,Estado de México,40,Ixtapan de La Sal,78.0,Coatepec Harinas,10.0,Tonatico,3,Perennes,1,Riego,200201,Tonelada,5060000,Aguacate,6.0,6.0,0.0,63.66,10.61,15214.66,968565.26
2024,15,Estado de México,40,Ixtapan de La Sal,78.0,Coatepec Harinas,10.0,Tonatico,3,Perennes,2,Temporal,200201,Tonelada,5060000,Aguacate,18.0,18.0,0.0,175.5,9.75,16629.42,2918463.21
2024,15,Estado de México,41,Ixtapan del Oro,79.0,Valle de Bravo,6.0,Donato Guerra,3,Perennes,1,Riego,200201,Tonelada,5060000,Aguacate,171.0,108.0,0.0,1232.28,11.41,17090.47,21060244.37
2024,15,Estado de México,41,Ixtapan del Oro,79.0,Valle de Bravo,6.0,Donato Guerra,3,Perennes,2,Temporal,200201,Tonelada,5060000,Aguacate,248.0,93.0,0.0,860.25,9.25,17916.18,15412393.85
2024,15,Estado de México,49,Joquicingo,73.0,Toluca,4.0,Tenango del Valle,3,Perennes,2,Temporal,200201,Tonelada,5060000,Aguacate,140.0,140.0,0.0,2552.2,18.23,12283.48,31349897.66
2024,15,Estado de México,50,Juchitepec,75.0,Texcoco,6.0,Juchitepec,3,Perennes,2,Temporal,200201,Tonelada,5060000,Aguacate,57.64,47.64,0.0,412.56,8.66,17000.0,7013520.0
2024,15,Estado de México,52,Malinalco,78.0,Coatepec Harinas,7.0,Malinalco,3,Perennes,1,Riego,200201,Tonelada,5060000,Aguacate,365.0,365.0,0.0,5237.75,14.35,17333.75,90789849.06
2024,15,Estado de México,52,Malinalco,78.0,Coatepec Harinas,7.0,Malinalco,3,Perennes,2,Temporal,200201,Tonelada,5060000,Aguacate,357.0,240.0,0.0,2289.6,9.54,17292.99,39594029.9
2024,15,Estado de México,60,Nicolás Romero,74.0,Zumpango,4.0,Nicolás Romero,3,Perennes,2,Temporal,200201,Tonelada,5060000,Aguacate,8.0,8.0,0.0,64.0,8.0,12924.5,827168.0
2024,15,Estado de México,63,Ocuilan,78.0,Coatepec Harinas,4.0,Ocuilan,3,Perennes,1,Riego,200201,Tonelada,5060000,Aguacate,110.0,110.0,0.0,990.0,9.0,15705.34,15548286.6
2024,15,Estado de México,63,Ocuilan,78.0,Coatepec Harinas,4.0,Ocuilan,3,Perennes,2,Temporal,200201,Tonelada,5060000,Aguacate,199.0,199.0,0.0,1938.26,9.74,14667.04,28428536.95
2024,15,Estado de México,66,Otzoloapan,79.0,Valle de Bravo,4.0,Otzoloapan,3,Perennes,2,Temporal,200201,Tonelada,5060000,Aguacate,14.0,11.0,0.0,105.6,9.6,13488.22,1424356.03
2024,15,Estado de México,68,Ozumba,75.0,Texcoco,7.0,Atlautla,3,Perennes,2,Temporal,200201,Tonelada,5060000,Aguacate,4.0,4.0,0.0,34.0,8.5,13051.0,443734.0
2024,15,Estado de México,68,Ozumba,75.0,Texcoco,7.0,Atlautla,3,Perennes,2,Temporal,200201,Tonelada,5060000,Aguacate,5.0,5.0,0.0,26.7,5.34,11888.0,317409.6
2024,15,Estado de México,68,Ozumba,75.0,Texcoco,7.0,Atlautla,3,Perennes,2,Temporal,200201,Tonelada,5060000,Aguacate,144.69,107.52,0.0,977.36,9.09,18441.82,18024297.2
2024,15,Estado de México,77,San Simón de Guerrero,76.0,Tejupilco,2.0,Temascaltepec,3,Perennes,1,Riego,200201,Tonelada,5060000,Aguacate,2.0,2.0,0.0,13.5,6.75,16640.0,224640.0
2024,15,Estado de México,77,San Simón de Guerrero,76.0,Tejupilco,2.0,Temascaltepec,3,Perennes,1,Riego,200201,Tonelada,5060000,Aguacate,15.0,15.0,0.0,114.3,7.62,19140.0,2187702.0
2024,15,Estado de México,77,San Simón de Guerrero,76.0,Tejupilco,2.0,Temascaltepec,3,Perennes,2,Temporal,200201,Tonelada,5060000,Aguacate,2.0,2.0,0.0,13.9,6.95,20222.0,281085.8
2024,15,Estado de México,77,San Simón de Guerrero,76.0,Tejupilco,2.0,Temascaltepec,3,Perennes,2,Temporal,200201,Tonelada,5060000,Aguacate,475.6,372.0,0.0,2923.92,7.86,19433.31,56821443.78
2024,15,Estado de México,78,Santo Tomás,79.0,Valle de Bravo,4.0,Otzoloapan,3,Perennes,1,Riego,200201,Tonelada,5060000,Aguacate,14.0,14.0,0.0,156.66,11.19,17372.11,2721514.75
2024,15,Estado de México,80,Sultepec,78.0,Coatepec Harinas,5.0,Sultepec,3,Perennes,2,Temporal,200201,Tonelada,5060000,Aguacate,345.0,345.0,0.0,3312.0,9.6,18322.04,60682596.48
2024,15,Estado de México,82,Tejupilco,76.0,Tejupilco,3.0,Tejupilco,3,Perennes,1,Riego,200201,Tonelada,5060000,Aguacate,138.24,84.24,0.0,700.88,8.32,21658.22,15179813.23
2024,15,Estado de México,86,Temascaltepec,76.0,Tejupilco,2.0,Temascaltepec,3,Perennes,1,Riego,200201,Tonelada,5060000,Aguacate,8.0,8.0,0.0,58.4,7.3,12627.0,737416.8
2024,15,Estado de México,86,Temascaltepec,76.0,Tejupilco,2.0,Temascaltepec,3,Perennes,1,Riego,200201,Tonelada,5060000,Aguacate,778.0,628.0,0.0,6594.0,10.5,21600.0,142430400.0
2024,15,Estado de México,86,Temascaltepec,76.0,Tejupilco,2.0,Temascaltepec,3,Perennes,2,Temporal,200201,Tonelada,5060000,Aguacate,8.0,8.0,0.0,57.52,7.19,22444.0,1290978.88
2024,15,Estado de México,86,Temascaltepec,76.0,Tejupilco,2.0,Temascaltepec,3,Perennes,2,Temporal,200201,Tonelada,5060000,Aguacate,1093.0,955.0,0.0,8193.9,8.58,21249.79,174118654.3
2024,15,Estado de México,88,Tenancingo,78.0,Coatepec Harinas,2.0,Tenancingo,3,Perennes,1,Riego,200201,Tonelada,5060000,Aguacate,136.0,136.0,0.0,1829.2,13.45,17318.64,31679256.29
2024,15,Estado de México,88,Tenancingo,78.0,Coatepec Harinas,2.0,Tenancingo,3,Perennes,2,Temporal,200201,Tonelada,5060000,Aguacate,748.0,748.0,0.0,8482.32,11.34,16852.54,142948637.1
2024,15,Estado de México,90,Tenango del Valle,73.0,Toluca,4.0,Tenango del Valle,3,Perennes,2,Temporal,200201,Tonelada,5060000,Aguacate,16.0,16.0,0.0,288.0,18.0,12533.0,3609504.0
2024,15,Estado de México,94,Tepetlixpa,75.0,Texcoco,7.0,Atlautla,3,Perennes,2,Temporal,200201,Tonelada,5060000,Aguacate,6.0,6.0,0.0,51.84,8.64,11999.0,622028.16
2024,15,Estado de México,94,Tepetlixpa,75.0,Texcoco,7.0,Atlautla,3,Perennes,2,Temporal,200201,Tonelada,5060000,Aguacate,154.0,114.0,0.0,1299.6,11.4,19010.0,24705396.0
2024,15,Estado de México,97,Texcaltitlán,78.0,Coatepec Harinas,1.0,Texcaltitlán,3,Perennes,1,Riego,200201,Tonelada,5060000,Aguacate,15.0,15.0,0.0,177.6,11.84,17660.65,3136531.44
2024,15,Estado de México,97,Texcaltitlán,78.0,Coatepec Harinas,1.0,Texcaltitlán,3,Perennes,2,Temporal,200201,Tonelada,5060000,Aguacate,16.0,16.0,0.0,164.8,10.3,18145.24,2990335.55
2024,15,Estado de México,110,Valle de Bravo,79.0,Valle de Bravo,1.0,Valle de Bravo,3,Perennes,1,Riego,200201,Tonelada,5060000,Aguacate,316.0,312.0,0.0,3806.4,12.2,16716.0,63627782.4
2024,15,Estado de México,110,Valle de Bravo,79.0,Valle de Bravo,1.0,Valle de Bravo,3,Perennes,2,Temporal,200201,Tonelada,5060000,Aguacate,650.0,645.0,0.0,5940.45,9.21,17896.07,106310709.0
2024,15,Estado de México,111,Villa de Allende,79.0,Valle de Bravo,3.0,Villa de Allende,3,Perennes,1,Riego,200201,Tonelada,5060000,Aguacate,390.0,387.0,0.0,5073.57,13.11,16744.45,84954139.19
2024,15,Estado de México,111,Villa de Allende,79.0,Valle de Bravo,3.0,Villa de Allende,3,Perennes,2,Temporal,200201,Tonelada,5060000,Aguacate,116.0,116.0,0.0,1550.92,13.37,16887.01,26190401.55
2024,15,Estado de México,113,Villa Guerrero,78.0,Coatepec Harinas,9.0,Villa Guerrero,3,Perennes,1,Riego,200201,Tonelada,5060000,Aguacate,410.9,410.9,0.0,4314.45,10.5,18755.5,80919666.98
2024,15,Estado de México,113,Villa Guerrero,78.0,Coatepec Harinas,9.0,Villa Guerrero,3,Perennes,2,Temporal,200201,Tonelada,5060000,Aguacate,141.0,141.0,0.0,1311.3,9.3,17145.92,22483444.9
2024,15,Estado de México,116,Zacazonapan,79.0,Valle de Bravo,4.0,Otzoloapan,3,Perennes,1,Riego,200201,Tonelada,5060000,Aguacate,4.0,4.0,0.0,44.76,11.19,13812.83,618262.27
2024,15,Estado de México,117,Zacualpan,78.0,Coatepec Harinas,6.0,Zacualpan,3,Perennes,2,Temporal,200201,Tonelada,5060000,Aguacate,37.0,37.0,0.0,347.43,9.39,16720.96,5809363.13
2024,15,Estado de México,119,Zumpahuacán,78.0,Coatepec Harinas,2.0,Tenancingo,3,Perennes,1,Riego,200201,Tonelada,5060000,Aguacate,64.0,64.0,0.0,789.12,12.33,16675.24,13158765.39
2024,15,Estado de México,123,Luvianos,76.0,Tejupilco,1.0,Luvianos,3,Perennes,1,Riego,200201,Tonelada,5060000,Aguacate,139.0,139.0,0.0,1181.5,8.5,20770.63,24540499.35
2024,16,Michoacán,1,Acuitzio,91.0,Morelia,1.0,Morelia,3,Perennes,1,Riego,200201,Tonelada,5060000,Aguacate,1634.0,1602.0,0.0,18647.28,11.64,17388.78,324253449.5
2024,16,Michoacán,1,Acuitzio,91.0,Morelia,1.0,Morelia,3,Perennes,2,Temporal,200201,Tonelada,5060000,Aguacate,349.0,332.0,0.0,3422.92,10.31,16929.32,57947708.01
2024,16,Michoacán,2,Aguililla,82.0,Aguililla,1.0,Aguililla,3,Perennes,1,Riego,200201,Tonelada,5060000,Aguacate,45.0,45.0,0.0,621.0,13.8,17718.32,11003076.72
2024,16,Michoacán,6,Apatzingán,85.0,Apatzingán,1.0,Apatzingán,3,Perennes,1,Riego,200201,Tonelada,5060000,Aguacate,1016.0,981.0,0.0,10153.35,10.35,22237.06,225780653.2
2024,16,Michoacán,8,Aquila,81.0,Coahuayana,1.0,Aquila,3,Perennes,1,Riego,200201,Tonelada,5060000,Aguacate,5.0,5.0,0.0,38.7,7.74,17133.5,663066.45
2024,16,Michoacán,9,Ario,90.0,Pátzcuaro,2.0,Villa Escalante,3,Perennes,1,Riego,200201,Tonelada,5060000,Aguacate,290.0,290.0,0.0,3538.0,12.2,23109.67,81762012.46
2024,16,Michoacán,9,Ario,90.0,Pátzcuaro,2.0,Villa Escalante,3,Perennes,1,Riego,200201,Tonelada,5060000,Aguacate,7991.79,7901.79,0.0,93162.1,11.79,22498.55,2096012165.0
2024,16,Michoacán,9,Ario,90.0,Pátzcuaro,2.0,Villa Escalante,3,Perennes,2,Temporal,200201,Tonelada,5060000,Aguacate,11613.17,11463.17,0.0,115892.65,10.11,22453.33,2602175915.0
2024,16,Michoacán,15,Coalcomán de Vázquez Pallares,82.0,Aguililla,2.0,Coalcomán,3,Perennes,1,Riego,200201,Tonelada,5060000,Aguacate,523.0,523.0,0.0,7060.5,13.5,17473.17,123369316.8
2024,16,Michoacán,16,Coeneo,89.0,La Piedad,3.0,Zacapu,3,Perennes,1,Riego,200201,Tonelada,5060000,Aguacate,62.0,62.0,0.0,652.24,10.52,20883.3,13620923.59
2024,16,Michoacán,18,Copándaro,91.0,Morelia,2.0,Cuitzeo,3,Perennes,1,Riego,200201,Tonelada,5060000,Aguacate,5.0,4.0,0.0,37.24,9.31,22050.53,821161.74
2024,16,Michoacán,19,Cotija,87.0,Zamora,4.0,Cotija,3,Perennes,1,Riego,200201,Tonelada,5060000,Aguacate,108.0,106.0,0.0,1272.0,12.0,22198.19,28236097.68
2024,16,Michoacán,19,Cotija,87.0,Zamora,4.0,Cotija,3,Perennes,1,Riego,200201,Tonelada,5060000,Aguacate,490.0,463.0,0.0,5602.3,12.1,19114.82,107086956.1
2024,16,Michoacán,19,Cotija,87.0,Zamora,4.0,Cotija,3,Perennes,2,Temporal,200201,Tonelada,5060000,Aguacate,2167.0,2151.0,0.0,26027.1,12.1,18696.59,486618017.6
2024,16,Michoacán,21,Charapan,86.0,Uruapan,3.0,Paracho,3,Perennes,2,Temporal,200201,Tonelada,5060000,Aguacate,1805.0,1790.0,0.0,16557.5,9.25,18894.6,312847339.5
2024,16,Michoacán,22,Charo,91.0,Morelia,3.0,Álvaro Obregón,3,Perennes,1,Riego,200201,Tonelada,5060000,Aguacate,114.0,106.0,0.0,988.98,9.33,17636.74,17442383.13
2024,16,Michoacán,22,Charo,91.0,Morelia,3.0,Álvaro Obregón,3,Perennes,2,Temporal,200201,Tonelada,5060000,Aguacate,46.0,46.0,0.0,349.6,7.6,16590.85,5800161.16
2024,16,Michoacán,25,Chilchota,87.0,Zamora,2.0,Tangancícuaro,3,Perennes,1,Riego,200201,Tonelada,5060000,Aguacate,72.0,68.0,0.0,666.4,9.8,19262.12,12836276.77
2024,16,Michoacán,25,Chilchota,87.0,Zamora,2.0,Tangancícuaro,3,Perennes,2,Temporal,200201,Tonelada,5060000,Aguacate,1274.0,1264.0,0.0,12892.8,10.2,18716.91,241313377.3
2024,16,Michoacán,26,Chinicuila,81.0,Coahuayana,3.0,Chinicuila,3,Perennes,1,Riego,200201,Tonelada,5060000,Aguacate,94.0,94.0,0.0,707.82,7.53,17097.76,12102136.48
2024,16,Michoacán,32,Erongarícuaro,90.0,Pátzcuaro,1.0,Quiroga,3,Perennes,1,Riego,200201,Tonelada,5060000,Aguacate,732.0,697.0,0.0,9416.47,13.51,22617.89,212980682.7
2024,16,Michoacán,34,Hidalgo,93.0,Zitácuaro,3.0,Ciudad Hidalgo,3,Perennes,1,Riego,200201,Tonelada,5060000,Aguacate,15.0,0.0,0.0,0.0,,,0.0
2024,16,Michoacán,34,Hidalgo,93.0,Zitácuaro,3.0,Ciudad Hidalgo,3,Perennes,2,Temporal,200201,Tonelada,5060000,Aguacate,52.0,52.0,0.0,451.36,8.68,17205.35,7765806.78
2024,16,Michoacán,39,Huiramba,90.0,Pátzcuaro,1.0,Quiroga,3,Perennes,2,Temporal,200201,Tonelada,5060000,Aguacate,258.0,228.0,0.0,2530.8,11.1,20663.13,52294249.4
2024,16,Michoacán,40,Indaparapeo,91.0,Morelia,3.0,Álvaro Obregón,3,Perennes,1,Riego,200201,Tonelada,5060000,Aguacate,4.0,4.0,0.0,29.0,7.25,16800.67,487219.43
2024,16,Michoacán,41,Irimbo,93.0,Zitácuaro,3.0,Ciudad Hidalgo,3,Perennes,1,Riego,200201,Tonelada,5060000,Aguacate,82.0,82.0,0.0,719.14,8.77,17409.67,12519990.08
2024,16,Michoacán,41,Irimbo,93.0,Zitácuaro,3.0,Ciudad Hidalgo,3,Perennes,2,Temporal,200201,Tonelada,5060000,Aguacate,112.0,112.0,0.0,957.6,8.55,17280.1,16547423.76
2024,16,Michoacán,44,Jiménez,89.0,La Piedad,3.0,Zacapu,3,Perennes,2,Temporal,200201,Tonelada,5060000,Aguacate,583.0,535.0,0.0,5521.2,10.32,20813.74,114916821.3
2024,16,Michoacán,45,Jiquilpan,88.0,Sahuayo,2.0,Jiquilpan,3,Perennes,1,Riego,200201,Tonelada,5060000,Aguacate,155.0,140.0,0.0,1680.0,12.0,20245.39,34012255.2
2024,16,Michoacán,46,Juárez,93.0,Zitácuaro,4.0,Zitácuaro,3,Perennes,1,Riego,200201,Tonelada,5060000,Aguacate,42.0,42.0,0.0,373.8,8.9,17824.89,6662943.88
2024,16,Michoacán,47,Jungapeo,93.0,Zitácuaro,3.0,Ciudad Hidalgo,3,Perennes,1,Riego,200201,Tonelada,5060000,Aguacate,39.0,29.0,0.0,250.85,8.65,17490.43,4387474.37
2024,16,Michoacán,47,Jungapeo,93.0,Zitácuaro,3.0,Ciudad Hidalgo,3,Perennes,2,Temporal,200201,Tonelada,5060000,Aguacate,3.0,3.0,0.0,27.3,9.1,16660.58,454833.83
2024,16,Michoacán,48,Lagunillas,90.0,Pátzcuaro,1.0,Quiroga,3,Perennes,2,Temporal,200201,Tonelada,5060000,Aguacate,47.0,42.0,0.0,466.2,11.1,22525.24,10501266.89
2024,16,Michoacán,49,Madero,91.0,Morelia,1.0,Morelia,3,Perennes,1,Riego,200201,Tonelada,5060000,Aguacate,1586.0,1561.0,0.0,18232.48,11.68,17343.3,316211370.4
2024,16,Michoacán,50,Maravatío,93.0,Zitácuaro,2.0,Maravatío,3,Perennes,1,Riego,200201,Tonelada,5060000,Aguacate,6.0,6.0,0.0,62.1,10.35,18293.92,1136052.43
2024,16,Michoacán,50,Maravatío,93.0,Zitácuaro,2.0,Maravatío,3,Perennes,2,Temporal,200201,Tonelada,5060000,Aguacate,3.0,3.0,0.0,26.4,8.8,16742.49,442001.74
2024,16,Michoacán,53,Morelia,91.0,Morelia,1.0,Morelia,3,Perennes,1,Riego,200201,Tonelada,5060000,Aguacate,1097.5,1026.5,0.0,12030.58,11.72,17292.85,208043015.4
2024,16,Michoacán,53,Morelia,91.0,Morelia,1.0,Morelia,3,Perennes,2,Temporal,200201,Tonelada,5060000,Aguacate,484.0,433.0,0.0,4594.13,10.61,23346.86,107258509.9
2024,16,Michoacán,54,Morelos,89.0,La Piedad,4.0,Sixto Verduzco,3,Perennes,2,Temporal,200201,Tonelada,5060000,Aguacate,152.0,137.0,0.0,1522.07,11.11,21154.43,32198523.27
2024,16,Michoacán,57,Nocupétaro,92.0,Huetamo,3.0,Carácuaro,3,Perennes,1,Riego,200201,Tonelada,5060000,Aguacate,6.0,6.0,0.0,58.32,9.72,18750.19,1093511.08
2024,16,Michoacán,58,Nuevo Parangaricutiro,86.0,Uruapan,1.0,Parangaricutiro,3,Perennes,1,Riego,200201,Tonelada,5060000,Aguacate,380.0,380.0,0.0,3990.0,10.5,22854.5,91189455.0
2024,16,Michoacán,58,Nuevo Parangaricutiro,86.0,Uruapan,1.0,Parangaricutiro,3,Perennes,1,Riego,200201,Tonelada,5060000,Aguacate,3960.0,3925.0,0.0,45922.5,11.7,19357.88,888962244.3
2024,16,Michoacán,58,Nuevo Parangaricutiro,86.0,Uruapan,1.0,Parangaricutiro,3,Perennes,2,Temporal,200201,Tonelada,5060000,Aguacate,480.0,480.0,0.0,4368.0,9.1,22315.8,97475414.4
2024,16,Michoacán,58,Nuevo Parangaricutiro,86.0,Uruapan,1.0,Parangaricutiro,3,Perennes,2,Temporal,200201,Tonelada,5060000,Aguacate,4183.0,4180.0,0.0,40128.0,9.6,19579.73,785695405.4
2024,16,Michoacán,59,Nuevo Urecho,85.0,Apatzingán,5.0,Gabriel Zamora,3,Perennes,1,Riego,200201,Tonelada,5060000,Aguacate,313.35,293.35,0.0,3068.44,10.46,22094.25,67794880.47
2024,16,Michoacán,61,Ocampo,93.0,Zitácuaro,4.0,Zitácuaro,3,Perennes,1,Riego,200201,Tonelada,5060000,Aguacate,31.0,31.0,0.0,347.2,11.2,17495.62,6074479.26
2024,16,Michoacán,61,Ocampo,93.0,Zitácuaro,4.0,Zitácuaro,3,Perennes,2,Temporal,200201,Tonelada,5060000,Aguacate,65.0,65.0,0.0,565.5,8.7,17152.27,9699608.69
2024,16,Michoacán,62,Pajacuarán,88.0,Sahuayo,1.0,Venustiano Carranza,3,Perennes,1,Riego,200201,Tonelada,5060000,Aguacate,6.0,6.0,0.0,72.0,12.0,21166.57,1523993.04
2024,16,Michoacán,63,Panindícuaro,89.0,La Piedad,3.0,Zacapu,3,Perennes,1,Riego,200201,Tonelada,5060000,Aguacate,5.0,5.0,0.0,45.0,9.0,20779.07,935058.15
2024,16,Michoacán,66,Pátzcuaro,90.0,Pátzcuaro,1.0,Quiroga,3,Perennes,2,Temporal,200201,Tonelada,5060000,Aguacate,1260.0,1175.0,0.0,12807.5,10.9,22507.97,288270825.8
2024,16,Michoacán,67,Penjamillo,89.0,La Piedad,2.0,Numarán,3,Perennes,2,Temporal,200201,Tonelada,5060000,Aguacate,18.0,0.0,0.0,0.0,,,0.0
2024,16,Michoacán,68,Peribán,87.0,Zamora,3.0,Reyes Los,3,Perennes,1,Riego,200201,Tonelada,5060000,Aguacate,667.0,667.0,0.0,8004.0,12.0,24272.75,194279091.0
2024,16,Michoacán,68,Peribán,87.0,Zamora,3.0,Reyes Los,3,Perennes,1,Riego,200201,Tonelada,5060000,Aguacate,2200.0,2183.0,0.0,27287.5,12.5,19247.39,525213154.6
2024,16,Michoacán,68,Peribán,87.0,Zamora,3.0,Reyes Los,3,Perennes,2,Temporal,200201,Tonelada,5060000,Aguacate,8889.0,8874.0,0.0,107375.4,12.1,18809.05,2019629267.0
2024,16,Michoacán,70,Purépero,87.0,Zamora,2.0,Tangancícuaro,3,Perennes,2,Temporal,200201,Tonelada,5060000,Aguacate,870.0,849.0,0.0,8574.9,10.1,18740.43,160697313.2
2024,16,Michoacán,71,Puruándiro,89.0,La Piedad,4.0,Sixto Verduzco,3,Perennes,1,Riego,200201,Tonelada,5060000,Aguacate,4.0,4.0,0.0,40.0,10.0,20799.57,831982.8
2024,16,Michoacán,71,Puruándiro,89.0,La Piedad,4.0,Sixto Verduzco,3,Perennes,2,Temporal,200201,Tonelada,5060000,Aguacate,2.0,0.0,0.0,0.0,,,0.0
2024,16,Michoacán,72,Queréndaro,91.0,Morelia,4.0,Queréndaro,3,Perennes,1,Riego,200201,Tonelada,5060000,Aguacate,35.0,35.0,0.0,357.35,10.21,17088.59,6106607.64
2024,16,Michoacán,72,Queréndaro,91.0,Morelia,4.0,Queréndaro,3,Perennes,2,Temporal,200201,Tonelada,5060000,Aguacate,41.0,41.0,0.0,378.02,9.22,16665.29,6299812.93
2024,16,Michoacán,73,Quiroga,90.0,Pátzcuaro,1.0,Quiroga,3,Perennes,2,Temporal,200201,Tonelada,5060000,Aguacate,208.0,193.0,0.0,2103.7,10.9,22469.58,47269255.45
2024,16,Michoacán,75,Los Reyes,87.0,Zamora,3.0,Reyes Los,3,Perennes,1,Riego,200201,Tonelada,5060000,Aguacate,44.0,44.0,0.0,506.0,11.5,24342.8,12317456.8
2024,16,Michoacán,75,Los Reyes,87.0,Zamora,3.0,Reyes Los,3,Perennes,1,Riego,200201,Tonelada,5060000,Aguacate,1280.0,1262.0,0.0,15648.8,12.4,19118.68,299184399.6
2024,16,Michoacán,75,Los Reyes,87.0,Zamora,3.0,Reyes Los,3,Perennes,2,Temporal,200201,Tonelada,5060000,Aguacate,5870.0,5490.0,0.0,65880.0,12.0,18856.59,1242272149.0
2024,16,Michoacán,76,Sahuayo,88.0,Sahuayo,1.0,Venustiano Carranza,3,Perennes,2,Temporal,200201,Tonelada,5060000,Aguacate,14.0,11.0,0.0,132.0,12.0,18454.97,2436056.04
2024,16,Michoacán,79,Salvador Escalante,90.0,Pátzcuaro,2.0,Villa Escalante,3,Perennes,1,Riego,200201,Tonelada,5060000,Aguacate,8224.0,8135.0,0.0,103314.5,12.7,22536.12,2328307970.0
2024,16,Michoacán,79,Salvador Escalante,90.0,Pátzcuaro,2.0,Villa Escalante,3,Perennes,2,Temporal,200201,Tonelada,5060000,Aguacate,8606.0,8530.0,0.0,94683.0,11.1,22532.46,2133440910.0
2024,16,Michoacán,81,Susupuato,93.0,Zitácuaro,4.0,Zitácuaro,3,Perennes,1,Riego,200201,Tonelada,5060000,Aguacate,206.0,206.0,0.0,2121.8,10.3,17982.81,38155926.26
2024,16,Michoacán,81,Susupuato,93.0,Zitácuaro,4.0,Zitácuaro,3,Perennes,2,Temporal,200201,Tonelada,5060000,Aguacate,206.0,206.0,0.0,2132.1,10.35,16959.44,36159222.02
2024,16,Michoacán,82,Tacámbaro,90.0,Pátzcuaro,3.0,Tacámbaro,3,Perennes,1,Riego,200201,Tonelada,5060000,Aguacate,40.0,40.0,0.0,436.0,10.9,13739.63,5990478.68
2024,16,Michoacán,82,Tacámbaro,90.0,Pátzcuaro,3.0,Tacámbaro,3,Perennes,1,Riego,200201,Tonelada,5060000,Aguacate,125.0,120.0,0.0,1320.0,11.0,22985.57,30340952.4
2024,16,Michoacán,82,Tacámbaro,90.0,Pátzcuaro,3.0,Tacámbaro,3,Perennes,1,Riego,200201,Tonelada,5060000,Aguacate,10033.0,9824.0,0.0,117986.24,12.01,22557.38,2661460450.0
2024,16,Michoacán,82,Tacámbaro,90.0,Pátzcuaro,3.0,Tacámbaro,3,Perennes,2,Temporal,200201,Tonelada,5060000,Aguacate,7319.5,7206.0,0.0,73573.26,10.21,22536.35,1658072738.0
2024,16,Michoacán,83,Tancítaro,86.0,Uruapan,1.0,Parangaricutiro,3,Perennes,1,Riego,200201,Tonelada,5060000,Aguacate,750.0,750.0,0.0,7875.0,10.5,22548.15,177566681.3
2024,16,Michoacán,83,Tancítaro,86.0,Uruapan,1.0,Parangaricutiro,3,Perennes,1,Riego,200201,Tonelada,5060000,Aguacate,3080.0,3035.0,0.0,34902.5,11.5,19377.18,676312025.0
2024,16,Michoacán,83,Tancítaro,86.0,Uruapan,1.0,Parangaricutiro,3,Perennes,2,Temporal,200201,Tonelada,5060000,Aguacate,20990.0,20990.0,0.0,211999.0,10.1,18907.29,4008326573.0
2024,16,Michoacán,84,Tangamandapio,87.0,Zamora,1.0,Zamora,3,Perennes,1,Riego,200201,Tonelada,5060000,Aguacate,275.0,270.0,0.0,3267.0,12.1,19238.17,62851101.39
2024,16,Michoacán,84,Tangamandapio,87.0,Zamora,1.0,Zamora,3,Perennes,2,Temporal,200201,Tonelada,5060000,Aguacate,62.0,60.0,0.0,660.0,11.0,21986.12,14510839.2
2024,16,Michoacán,84,Tangamandapio,87.0,Zamora,1.0,Zamora,3,Perennes,2,Temporal,200201,Tonelada,5060000,Aguacate,3081.0,2954.0,0.0,35743.4,12.1,18799.97,671974847.7
2024,16,Michoacán,85,Tangancícuaro,87.0,Zamora,2.0,Tangancícuaro,3,Perennes,1,Riego,200201,Tonelada,5060000,Aguacate,67.0,67.0,0.0,676.7,10.1,19251.32,13027368.24
2024,16,Michoacán,85,Tangancícuaro,87.0,Zamora,2.0,Tangancícuaro,3,Perennes,2,Temporal,200201,Tonelada,5060000,Aguacate,17.0,17.0,0.0,156.4,9.2,22052.75,3449050.1
2024,16,Michoacán,85,Tangancícuaro,87.0,Zamora,2.0,Tangancícuaro,3,Perennes,2,Temporal,200201,Tonelada,5060000,Aguacate,1845.0,1837.0,0.0,20390.7,11.1,18711.34,381537320.5
2024,16,Michoacán,86,Tanhuato,89.0,La Piedad,1.0,Vista Hermosa,3,Perennes,1,Riego,200201,Tonelada,5060000,Aguacate,10.0,10.0,0.0,131.0,13.1,21160.86,2772072.66
2024,16,Michoacán,87,Taretan,86.0,Uruapan,2.0,Ziracuaretiro,3,Perennes,1,Riego,200201,Tonelada,5060000,Aguacate,247.0,247.0,0.0,2494.7,10.1,22176.62,55324013.91
2024,16,Michoacán,87,Taretan,86.0,Uruapan,2.0,Ziracuaretiro,3,Perennes,1,Riego,200201,Tonelada,5060000,Aguacate,1172.0,1160.0,0.0,12412.0,10.7,19495.47,241977773.6
2024,16,Michoacán,87,Taretan,86.0,Uruapan,2.0,Ziracuaretiro,3,Perennes,2,Temporal,200201,Tonelada,5060000,Aguacate,250.0,250.0,0.0,2337.5,9.35,22324.58,52183705.75
2024,16,Michoacán,87,Taretan,86.0,Uruapan,2.0,Ziracuaretiro,3,Perennes,2,Temporal,200201,Tonelada,5060000,Aguacate,1680.0,1680.0,0.0,16296.0,9.7,19188.01,312687811.0
2024,16,Michoacán,88,Tarímbaro,91.0,Morelia,3.0,Álvaro Obregón,3,Perennes,1,Riego,200201,Tonelada,5060000,Aguacate,4.0,4.0,0.0,31.4,7.85,21644.28,679630.39
2024,16,Michoacán,89,Tepalcatepec,85.0,Apatzingán,2.0,Tepalcatepec,3,Perennes,1,Riego,200201,Tonelada,5060000,Aguacate,21.0,17.0,0.0,173.74,10.22,22199.57,3856953.29
2024,16,Michoacán,90,Tingambato,86.0,Uruapan,2.0,Ziracuaretiro,3,Perennes,2,Temporal,200201,Tonelada,5060000,Aguacate,550.0,550.0,0.0,4840.0,8.8,22737.23,110048193.2
2024,16,Michoacán,90,Tingambato,86.0,Uruapan,2.0,Ziracuaretiro,3,Perennes,2,Temporal,200201,Tonelada,5060000,Aguacate,3700.0,3700.0,0.0,37740.0,10.2,19700.72,743505172.8
2024,16,Michoacán,91,Tingüindín,87.0,Zamora,4.0,Cotija,3,Perennes,1,Riego,200201,Tonelada,5060000,Aguacate,26.0,26.0,0.0,299.0,11.5,23600.13,7056438.87
2024,16,Michoacán,91,Tingüindín,87.0,Zamora,4.0,Cotija,3,Perennes,1,Riego,200201,Tonelada,5060000,Aguacate,1335.0,1320.0,0.0,16077.6,12.18,18817.14,302534450.1
2024,16,Michoacán,91,Tingüindín,87.0,Zamora,4.0,Cotija,3,Perennes,2,Temporal,200201,Tonelada,5060000,Aguacate,26.0,26.0,0.0,230.62,8.87,20968.13,4835670.14
2024,16,Michoacán,91,Tingüindín,87.0,Zamora,4.0,Cotija,3,Perennes,2,Temporal,200201,Tonelada,5060000,Aguacate,4035.0,4013.0,0.0,48156.0,12.0,18792.39,904966332.8
2024,16,Michoacán,94,Tlazazalca,87.0,Zamora,2.0,Tangancícuaro,3,Perennes,1,Riego,200201,Tonelada,5060000,Aguacate,20.0,20.0,0.0,240.0,12.0,19103.57,4584856.8
2024,16,Michoacán,94,Tlazazalca,87.0,Zamora,2.0,Tangancícuaro,3,Perennes,2,Temporal,200201,Tonelada,5060000,Aguacate,259.0,254.0,0.0,2819.4,11.1,18636.41,52543494.35
2024,16,Michoacán,95,Tocumbo,87.0,Zamora,4.0,Cotija,3,Perennes,1,Riego,200201,Tonelada,5060000,Aguacate,23.0,23.0,0.0,264.5,11.5,24055.24,6362610.98
2024,16,Michoacán,95,Tocumbo,87.0,Zamora,4.0,Cotija,3,Perennes,1,Riego,200201,Tonelada,5060000,Aguacate,215.0,206.0,0.0,2472.0,12.0,19110.87,47242070.64
2024,16,Michoacán,95,Tocumbo,87.0,Zamora,4.0,Cotija,3,Perennes,2,Temporal,200201,Tonelada,5060000,Aguacate,23.0,23.0,0.0,299.0,13.0,21934.01,6558268.99
2024,16,Michoacán,95,Tocumbo,87.0,Zamora,4.0,Cotija,3,Perennes,2,Temporal,200201,Tonelada,5060000,Aguacate,825.0,813.0,0.0,9756.0,12.0,18835.81,183762162.4
2024,16,Michoacán,97,Turicato,90.0,Pátzcuaro,4.0,Turicato,3,Perennes,1,Riego,200201,Tonelada,5060000,Aguacate,66.0,60.0,0.0,846.6,14.11,22964.0,19441322.4
2024,16,Michoacán,97,Turicato,90.0,Pátzcuaro,4.0,Turicato,3,Perennes,1,Riego,200201,Tonelada,5060000,Aguacate,1407.0,1362.0,0.0,19354.02,14.21,22391.26,433360893.9
2024,16,Michoacán,97,Turicato,90.0,Pátzcuaro,4.0,Turicato,3,Perennes,2,Temporal,200201,Tonelada,5060000,Aguacate,5190.0,5150.0,0.0,54126.5,10.51,22434.21,1214285268.0
2024,16,Michoacán,98,Tuxpan,93.0,Zitácuaro,3.0,Ciudad Hidalgo,3,Perennes,1,Riego,200201,Tonelada,5060000,Aguacate,340.0,340.0,0.0,3264.0,9.6,17894.93,58409051.52
2024,16,Michoacán,98,Tuxpan,93.0,Zitácuaro,3.0,Ciudad Hidalgo,3,Perennes,2,Temporal,200201,Tonelada,5060000,Aguacate,65.0,65.0,0.0,552.5,8.5,17494.08,9665479.2
2024,16,Michoacán,99,Tuzantla,92.0,Huetamo,4.0,Tuzantla,3,Perennes,1,Riego,200201,Tonelada,5060000,Aguacate,18.0,18.0,0.0,279.0,15.5,18096.93,5049043.47
2024,16,Michoacán,100,Tzintzuntzan,90.0,Pátzcuaro,1.0,Quiroga,3,Perennes,2,Temporal,200201,Tonelada,5060000,Aguacate,59.0,54.0,0.0,540.0,10.0,19575.12,10570564.0
2024,16,Michoacán,101,Tzitzio,91.0,Morelia,5.0,Tzitzio,3,Perennes,1,Riego,200201,Tonelada,5060000,Aguacate,60.0,60.0,0.0,462.0,7.7,17066.11,7884542.82
2024,16,Michoacán,102,Uruapan,86.0,Uruapan,1.0,Parangaricutiro,3,Perennes,1,Riego,200201,Tonelada,5060000,Aguacate,2860.0,2860.0,0.0,30030.0,10.5,27737.05,832943611.5
2024,16,Michoacán,102,Uruapan,86.0,Uruapan,1.0,Parangaricutiro,3,Perennes,1,Riego,200201,Tonelada,5060000,Aguacate,9415.0,9280.0,0.0,118505.6,12.77,18762.7,2223485021.0
2024,16,Michoacán,102,Uruapan,86.0,Uruapan,1.0,Parangaricutiro,3,Perennes,2,Temporal,200201,Tonelada,5060000,Aguacate,700.0,700.0,0.0,7700.0,11.0,22433.52,172738104.0
2024,16,Michoacán,102,Uruapan,86.0,Uruapan,1.0,Parangaricutiro,3,Perennes,2,Temporal,200201,Tonelada,5060000,Aguacate,5680.0,5680.0,0.0,57368.0,10.1,19404.07,1113172688.0
2024,16,Michoacán,105,Vista Hermosa,89.0,La Piedad,1.0,Vista Hermosa,3,Perennes,1,Riego,200201,Tonelada,5060000,Aguacate,5.0,2.0,0.0,14.0,7.0,20537.14,287519.96
2024,16,Michoacán,106,Yurécuaro,89.0,La Piedad,1.0,Vista Hermosa,3,Perennes,1,Riego,200201,Tonelada,5060000,Aguacate,2.0,2.0,0.0,20.2,10.1,20560.79,415327.96
2024,16,Michoacán,107,Zacapu,89.0,La Piedad,3.0,Zacapu,3,Perennes,2,Temporal,200201,Tonelada,5060000,Aguacate,4000.0,4000.0,0.0,44440.0,11.11,20882.83,928032965.2
2024,16,Michoacán,110,Zinapécuaro,91.0,Morelia,4.0,Queréndaro,3,Perennes,1,Riego,200201,Tonelada,5060000,Aguacate,178.0,151.0,0.0,1599.09,10.59,17548.11,28061007.22
2024,16,Michoacán,110,Zinapécuaro,91.0,Morelia,4.0,Queréndaro,3,Perennes,2,Temporal,200201,Tonelada,5060000,Aguacate,74.0,74.0,0.0,494.32,6.68,16921.64,8364705.08
2024,16,Michoacán,111,Ziracuaretiro,86.0,Uruapan,2.0,Ziracuaretiro,3,Perennes,1,Riego,200201,Tonelada,5060000,Aguacate,3400.0,3400.0,0.0,41140.0,12.1,19087.88,785275383.2
2024,16,Michoacán,111,Ziracuaretiro,86.0,Uruapan,2.0,Ziracuaretiro,3,Perennes,2,Temporal,200201,Tonelada,5060000,Aguacate,325.0,325.0,0.0,2925.0,9.0,22268.12,65134251.0
2024,16,Michoacán,111,Ziracuaretiro,86.0,Uruapan,2.0,Ziracuaretiro,3,Perennes,2,Temporal,200201,Tonelada,5060000,Aguacate,1500.0,1500.0,0.0,13875.0,9.25,19051.84,264344280.0
2024,16,Michoacán,112,Zitácuaro,93.0,Zitácuaro,4.0,Zitácuaro,3,Perennes,1,Riego,200201,Tonelada,5060000,Aguacate,553.0,553.0,0.0,5972.4,10.8,18252.75,109012724.1
2024,16,Michoacán,112,Zitácuaro,93.0,Zitácuaro,4.0,Zitácuaro,3,Perennes,2,Temporal,200201,Tonelada,5060000,Aguacate,780.0,780.0,0.0,8268.0,10.6,17255.76,142670623.7
2024,17,Morelos,4,Ayala,94.0,Zacatepec-Galeana,6.0,Cuautla,3,Perennes,2,Temporal,200201,Tonelada,5060000,Aguacate,7.0,7.0,0.0,63.7,9.1,26021.04,1657540.25
2024,17,Morelos,7,Cuernavaca,94.0,Zacatepec-Galeana,3.0,Cuernavaca,3,Perennes,2,Temporal,200201,Tonelada,5060000,Aguacate,266.0,266.0,0.0,2473.8,9.3,19864.13,49139884.79
2024,17,Morelos,9,Huitzilac,94.0,Zacatepec-Galeana,4.0,Yautepec,3,Perennes,2,Temporal,200201,Tonelada,5060000,Aguacate,21.0,21.0,0.0,199.5,9.5,21187.67,4226940.17
2024,17,Morelos,16,Ocuituco,94.0,Zacatepec-Galeana,5.0,Tetela del Volcán/Yecapixtla,3,Perennes,2,Temporal,200201,Tonelada,5060000,Aguacate,242.0,242.0,0.0,1936.0,8.0,15001.8,29043484.8
2024,17,Morelos,16,Ocuituco,94.0,Zacatepec-Galeana,5.0,Tetela del Volcán/Yecapixtla,3,Perennes,2,Temporal,200201,Tonelada,5060000,Aguacate,340.0,340.0,0.0,2380.0,7.0,14342.33,34134745.4
2024,17,Morelos,16,Ocuituco,94.0,Zacatepec-Galeana,5.0,Tetela del Volcán/Yecapixtla,3,Perennes,2,Temporal,200201,Tonelada,5060000,Aguacate,1502.0,1492.0,0.0,14174.0,9.5,23483.81,332859522.9
2024,17,Morelos,19,Tepalcingo,94.0,Zacatepec-Galeana,6.0,Cuautla,3,Perennes,2,Temporal,200201,Tonelada,5060000,Aguacate,5.0,5.0,0.0,46.0,9.2,25796.09,1186620.14
2024,17,Morelos,20,Tepoztlán,94.0,Zacatepec-Galeana,4.0,Yautepec,3,Perennes,2,Temporal,200201,Tonelada,5060000,Aguacate,114.0,88.0,0.0,827.2,9.4,21568.18,17841198.5
2024,17,Morelos,22,Tetela del Volcán,94.0,Zacatepec-Galeana,5.0,Tetela del Volcán/Yecapixtla,3,Perennes,1,Riego,200201,Tonelada,5060000,Aguacate,55.0,55.0,0.0,462.0,8.4,13964.89,6451779.18
2024,17,Morelos,22,Tetela del Volcán,94.0,Zacatepec-Galeana,5.0,Tetela del Volcán/Yecapixtla,3,Perennes,1,Riego,200201,Tonelada,5060000,Aguacate,112.0,112.0,0.0,1086.4,9.7,19694.8,21396430.72
2024,17,Morelos,22,Tetela del Volcán,94.0,Zacatepec-Galeana,5.0,Tetela del Volcán/Yecapixtla,3,Perennes,2,Temporal,200201,Tonelada,5060000,Aguacate,135.0,135.0,0.0,999.0,7.4,14111.17,14097058.83
2024,17,Morelos,22,Tetela del Volcán,94.0,Zacatepec-Galeana,5.0,Tetela del Volcán/Yecapixtla,3,Perennes,2,Temporal,200201,Tonelada,5060000,Aguacate,145.0,145.0,0.0,1218.0,8.4,14815.0,18044670.0
2024,17,Morelos,22,Tetela del Volcán,94.0,Zacatepec-Galeana,5.0,Tetela del Volcán/Yecapixtla,3,Perennes,2,Temporal,200201,Tonelada,5060000,Aguacate,1258.0,1238.0,0.0,11637.2,9.4,23798.72,276950464.4
2024,17,Morelos,23,Tlalnepantla,94.0,Zacatepec-Galeana,4.0,Yautepec,3,Perennes,2,Temporal,200201,Tonelada,5060000,Aguacate,411.0,391.0,0.0,3636.3,9.3,21557.27,78388700.9
2024,17,Morelos,26,Tlayacapan,94.0,Zacatepec-Galeana,4.0,Yautepec,3,Perennes,2,Temporal,200201,Tonelada,5060000,Aguacate,110.0,78.0,0.0,733.2,9.4,18617.02,13649999.06
2024,17,Morelos,27,Totolapan,94.0,Zacatepec-Galeana,4.0,Yautepec,3,Perennes,2,Temporal,200201,Tonelada,5060000,Aguacate,362.0,354.0,0.0,3292.2,9.3,21649.54,71274615.59
2024,17,Morelos,29,Yautepec,94.0,Zacatepec-Galeana,4.0,Yautepec,3,Perennes,1,Riego,200201,Tonelada,5060000,Aguacate,8.0,8.0,0.0,76.8,9.6,22448.18,1724020.22
2024,17,Morelos,29,Yautepec,94.0,Zacatepec-Galeana,4.0,Yautepec,3,Perennes,2,Temporal,200201,Tonelada,5060000,Aguacate,10.0,10.0,0.0,94.0,9.4,21588.72,2029339.68
2024,17,Morelos,30,Yecapixtla,94.0,Zacatepec-Galeana,5.0,Tetela del Volcán/Yecapixtla,3,Perennes,1,Riego,200201,Tonelada,5060000,Aguacate,20.0,20.0,0.0,192.0,9.6,19578.53,3759077.76
2024,17,Morelos,30,Yecapixtla,94.0,Zacatepec-Galeana,5.0,Tetela del Volcán/Yecapixtla,3,Perennes,2,Temporal,200201,Tonelada,5060000,Aguacate,48.0,48.0,0.0,393.6,8.2,14828.46,5836481.86
2024,17,Morelos,30,Yecapixtla,94.0,Zacatepec-Galeana,5.0,Tetela del Volcán/Yecapixtla,3,Perennes,2,Temporal,200201,Tonelada,5060000,Aguacate,150.0,150.0,0.0,1155.0,7.7,14369.37,16596622.35
2024,17,Morelos,30,Yecapixtla,94.0,Zacatepec-Galeana,5.0,Tetela del Volcán/Yecapixtla,3,Perennes,2,Temporal,200201,Tonelada,5060000,Aguacate,297.0,297.0,0.0,2762.1,9.3,21598.21,59656415.84
2024,17,Morelos,32,Zacualpan,94.0,Zacatepec-Galeana,5.0,Tetela del Volcán/Yecapixtla,3,Perennes,1,Riego,200201,Tonelada,5060000,Aguacate,8.0,8.0,0.0,68.0,8.5,14094.56,958430.08
2024,17,Morelos,32,Zacualpan,94.0,Zacatepec-Galeana,5.0,Tetela del Volcán/Yecapixtla,3,Perennes,1,Riego,200201,Tonelada,5060000,Aguacate,16.0,16.0,0.0,126.4,7.9,10344.06,1307489.18
2024,17,Morelos,32,Zacualpan,94.0,Zacatepec-Galeana,5.0,Tetela del Volcán/Yecapixtla,3,Perennes,1,Riego,200201,Tonelada,5060000,Aguacate,83.0,83.0,0.0,788.5,9.5,19900.22,15691323.47
2024,17,Morelos,32,Zacualpan,94.0,Zacatepec-Galeana,5.0,Tetela del Volcán/Yecapixtla,3,Perennes,2,Temporal,200201,Tonelada,5060000,Aguacate,28.0,28.0,0.0,266.0,9.5,22263.31,5922040.46
2024,17,Morelos,36,Hueyapan,94.0,Zacatepec-Galeana,5.0,Tetela del Volcán/Yecapixtla,3,Perennes,2,Temporal,200201,Tonelada,5060000,Aguacate,281.0,281.0,0.0,2697.6,9.6,20637.96,55672960.9
2024,18,Nayarit,2,Ahuacatlán,97.0,Ahuacatlán,1.0,Ahuacatlán,3,Perennes,1,Riego,200201,Tonelada,5060000,Aguacate,62.0,37.0,0.0,367.41,9.93,17353.24,6375753.91
2024,18,Nayarit,3,Amatlán de Cañas,97.0,Ahuacatlán,1.0,Ahuacatlán,3,Perennes,1,Riego,200201,Tonelada,5060000,Aguacate,2.0,2.0,0.0,14.02,7.01,15793.81,221429.22
2024,18,Nayarit,3,Amatlán de Cañas,97.0,Ahuacatlán,1.0,Ahuacatlán,3,Perennes,1,Riego,200201,Tonelada,5060000,Aguacate,16.0,9.0,0.0,86.67,9.63,17343.91,1503196.68
2024,18,Nayarit,4,Compostela,96.0,Compostela,1.0,Peñita de Jaltemba/Las Varas,3,Perennes,1,Riego,200201,Tonelada,5060000,Aguacate,21.5,21.5,0.0,233.49,10.86,17391.79,4060809.05
2024,18,Nayarit,4,Compostela,96.0,Compostela,1.0,Peñita de Jaltemba/Las Varas,3,Perennes,2,Temporal,200201,Tonelada,5060000,Aguacate,21.0,13.0,0.0,126.62,9.74,17428.39,2206782.74
2024,18,Nayarit,6,Ixtlán del Río,97.0,Ahuacatlán,1.0,Ahuacatlán,3,Perennes,1,Riego,200201,Tonelada,5060000,Aguacate,25.0,17.0,0.0,172.89,10.17,17352.01,2999989.01
2024,18,Nayarit,7,Jala,97.0,Ahuacatlán,1.0,Ahuacatlán,3,Perennes,1,Riego,200201,Tonelada,5060000,Aguacate,0.5,0.5,0.0,3.51,7.02,15700.83,55109.91
2024,18,Nayarit,7,Jala,97.0,Ahuacatlán,1.0,Ahuacatlán,3,Perennes,1,Riego,200201,Tonelada,5060000,Aguacate,623.0,183.0,0.0,1881.24,10.28,17352.36,32643953.73
2024,18,Nayarit,8,Xalisco,99.0,Tepic,1.0,San Blas,3,Perennes,1,Riego,200201,Tonelada,5060000,Aguacate,105.0,32.0,0.0,358.08,11.19,20213.0,7237871.04
2024,18,Nayarit,8,Xalisco,99.0,Tepic,1.0,San Blas,3,Perennes,2,Temporal,200201,Tonelada,5060000,Aguacate,19.8,19.8,0.0,180.58,9.12,18710.01,3378653.61
2024,18,Nayarit,8,Xalisco,99.0,Tepic,1.0,San Blas,3,Perennes,2,Temporal,200201,Tonelada,5060000,Aguacate,35.0,34.0,0.0,331.16,9.74,15849.73,5248796.59
2024,18,Nayarit,8,Xalisco,99.0,Tepic,1.0,San Blas,3,Perennes,2,Temporal,200201,Tonelada,5060000,Aguacate,3062.0,2963.0,0.0,30252.23,10.21,17631.27,533385235.2
2024,18,Nayarit,9,Del Nayar,99.0,Tepic,1.0,San Blas,3,Perennes,1,Riego,200201,Tonelada,5060000,Aguacate,13.0,0.0,0.0,0.0,,,0.0
2024,18,Nayarit,9,Del Nayar,99.0,Tepic,1.0,San Blas,3,Perennes,2,Temporal,200201,Tonelada,5060000,Aguacate,9.0,0.0,0.0,0.0,,,0.0
2024,18,Nayarit,11,Ruíz,95.0,Santiago Ixcuintla,1.0,Tuxpan,3,Perennes,2,Temporal,200201,Tonelada,5060000,Aguacate,6.0,6.0,0.0,32.46,5.41,15432.9,500951.93
2024,18,Nayarit,12,San Blas,99.0,Tepic,1.0,San Blas,3,Perennes,1,Riego,200201,Tonelada,5060000,Aguacate,8.0,8.0,0.0,103.36,12.92,15889.88,1642378.0
2024,18,Nayarit,12,San Blas,99.0,Tepic,1.0,San Blas,3,Perennes,2,Temporal,200201,Tonelada,5060000,Aguacate,803.0,799.0,0.0,8061.91,10.09,15838.7,127690173.9
2024,18,Nayarit,13,San Pedro Lagunillas,96.0,Compostela,1.0,Peñita de Jaltemba/Las Varas,3,Perennes,1,Riego,200201,Tonelada,5060000,Aguacate,5.0,2.0,0.0,20.48,10.24,17332.78,354975.33
2024,18,Nayarit,13,San Pedro Lagunillas,96.0,Compostela,1.0,Peñita de Jaltemba/Las Varas,3,Perennes,2,Temporal,200201,Tonelada,5060000,Aguacate,323.0,323.0,0.0,2987.75,9.25,17437.2,52097994.3
2024,18,Nayarit,14,Santa María del Oro,97.0,Ahuacatlán,2.0,Santa María del Oro,3,Perennes,1,Riego,200201,Tonelada,5060000,Aguacate,204.0,204.0,0.0,2219.52,10.88,17396.41,38611679.92
2024,18,Nayarit,17,Tepic,99.0,Tepic,1.0,San Blas,3,Perennes,1,Riego,200201,Tonelada,5060000,Aguacate,374.0,334.0,0.0,3744.14,11.21,17735.47,66404082.65
2024,18,Nayarit,17,Tepic,99.0,Tepic,1.0,San Blas,3,Perennes,2,Temporal,200201,Tonelada,5060000,Aguacate,23.5,10.5,0.0,101.22,9.64,15877.2,1607090.18
2024,18,Nayarit,17,Tepic,99.0,Tepic,1.0,San Blas,3,Perennes,2,Temporal,200201,Tonelada,5060000,Aguacate,2481.0,2366.0,0.0,24062.22,10.17,17659.58,424928699.1
2024,18,Nayarit,20,Bahía de Banderas,96.0,Compostela,2.0,San Juan de Abajo,3,Perennes,1,Riego,200201,Tonelada,5060000,Aguacate,2.0,2.0,0.0,20.44,10.22,17343.27,354496.44
2024,19,Nuevo León,7,Aramberri,103.0,Galeana,4.0,Aramberri,3,Perennes,1,Riego,200201,Tonelada,5060000,Aguacate,348.0,348.0,0.0,918.72,2.64,12000.0,11024640.0
2024,19,Nuevo León,8,Bustamante,100.0,Anáhuac,3.0,Sabinas Hidalgo,3,Perennes,1,Riego,200201,Tonelada,5060000,Aguacate,18.5,18.5,0.0,42.55,2.3,15000.0,638250.0
2024,19,Nuevo León,9,Cadereyta Jiménez,102.0,Montemorelos,4.0,Cadereyta Jiménez,3,Perennes,1,Riego,200201,Tonelada,5060000,Aguacate,5.0,5.0,0.0,14.0,2.8,14500.0,203000.0
2024,19,Nuevo León,17,Galeana,103.0,Galeana,1.0,Galeana,3,Perennes,1,Riego,200201,Tonelada,5060000,Aguacate,9.0,9.0,0.0,16.2,1.8,13000.0,210600.0
2024,19,Nuevo León,17,Galeana,103.0,Galeana,1.0,Galeana,3,Perennes,2,Temporal,200201,Tonelada,5060000,Aguacate,4.0,4.0,0.0,6.4,1.6,12800.0,81920.0
2024,19,Nuevo León,24,General Zaragoza,103.0,Galeana,4.0,Aramberri,3,Perennes,1,Riego,200201,Tonelada,5060000,Aguacate,77.5,77.5,0.0,209.25,2.7,12709.68,2659500.54
2024,19,Nuevo León,43,Rayones,102.0,Montemorelos,1.0,Montemorelos,3,Perennes,1,Riego,200201,Tonelada,5060000,Aguacate,200.0,200.0,0.0,620.0,3.1,15100.0,9362000.0
2024,19,Nuevo León,44,Sabinas Hidalgo,100.0,Anáhuac,3.0,Sabinas Hidalgo,3,Perennes,1,Riego,200201,Tonelada,5060000,Aguacate,32.5,32.5,0.0,74.75,2.3,15300.0,1143675.0
2024,19,Nuevo León,48,Santa Catarina,101.0,Apodaca,5.0,Apodaca,3,Perennes,2,Temporal,200201,Tonelada,5060000,Aguacate,1.05,1.05,0.0,1.68,1.6,13000.0,21840.0
2024,19,Nuevo León,51,Villaldama,100.0,Anáhuac,3.0,Sabinas Hidalgo,3,Perennes,1,Riego,200201,Tonelada,5060000,Aguacate,6.0,6.0,0.0,13.8,2.3,16300.0,224940.0
2024,20,Oaxaca,1,Abejones,108.0,Sierra Juárez,1.0,Ixtlán,3,Perennes,2,Temporal,200201,Tonelada,5060000,Aguacate,3.5,3.5,0.0,7.11,2.03,30941.93,219997.12
2024,20,Oaxaca,3,Asunción Cacalotepec,108.0,Sierra Juárez,3.0,Ayutla/Mixe,3,Perennes,2,Temporal,200201,Tonelada,5060000,Aguacate,9.0,9.0,0.0,20.88,2.32,34628.97,723052.89
2024,20,Oaxaca,3,Asunción Cacalotepec,108.0,Sierra Juárez,3.0,Ayutla/Mixe,3,Perennes,2,Temporal,200201,Tonelada,5060000,Aguacate,20.0,20.0,0.0,85.8,4.29,15159.56,1300690.25
2024,20,Oaxaca,4,Asunción Cuyotepeji,104.0,Huajuapan de León,1.0,Huajuapan,3,Perennes,1,Riego,200201,Tonelada,5060000,Aguacate,2.25,2.0,0.0,13.94,6.97,17793.9,248046.97
2024,20,Oaxaca,19,Concepción Pápalo,109.0,Cañada,2.0,Cuicatlán,3,Perennes,2,Temporal,200201,Tonelada,5060000,Aguacate,7.0,7.0,0.0,22.75,3.25,11469.45,260929.99
2024,20,Oaxaca,19,Concepción Pápalo,109.0,Cañada,2.0,Cuicatlán,3,Perennes,2,Temporal,200201,Tonelada,5060000,Aguacate,40.75,27.75,0.0,72.71,2.62,19835.31,1442225.39
2024,20,Oaxaca,23,Cuilápam de Guerrero,105.0,Valles Centrales,1.0,Etla,3,Perennes,1,Riego,200201,Tonelada,5060000,Aguacate,20.55,12.0,0.0,101.4,8.45,22248.53,2256000.94
2024,20,Oaxaca,24,Cuyamecalco Villa de Zaragoza,109.0,Cañada,2.0,Cuicatlán,3,Perennes,1,Riego,200201,Tonelada,5060000,Aguacate,11.55,6.5,0.0,36.6,5.63,21531.01,787927.36
2024,20,Oaxaca,24,Cuyamecalco Villa de Zaragoza,109.0,Cañada,2.0,Cuicatlán,3,Perennes,2,Temporal,200201,Tonelada,5060000,Aguacate,6.0,6.0,0.0,19.56,3.26,11508.21,225100.59
2024,20,Oaxaca,24,Cuyamecalco Villa de Zaragoza,109.0,Cañada,2.0,Cuicatlán,3,Perennes,2,Temporal,200201,Tonelada,5060000,Aguacate,40.25,21.25,0.0,63.33,2.98,20134.72,1275131.82
2024,20,Oaxaca,27,Chiquihuitlán de Benito Juárez,109.0,Cañada,2.0,Cuicatlán,3,Perennes,2,Temporal,200201,Tonelada,5060000,Aguacate,2.0,2.0,0.0,6.56,3.28,11595.16,76064.25
2024,20,Oaxaca,27,Chiquihuitlán de Benito Juárez,109.0,Cañada,2.0,Cuicatlán,3,Perennes,2,Temporal,200201,Tonelada,5060000,Aguacate,25.2,11.6,0.0,33.18,2.86,20329.0,674516.22
2024,20,Oaxaca,28,Heroica Ciudad de Ejutla de Crespo,105.0,Valles Centrales,3.0,Miahuatlán,3,Perennes,1,Riego,200201,Tonelada,5060000,Aguacate,48.1,40.55,0.0,298.85,7.37,29550.94,8831298.42
2024,20,Oaxaca,29,Eloxochitlán de Flores Magón,109.0,Cañada,3.0,Huautla de Jiménez,3,Perennes,2,Temporal,200201,Tonelada,5060000,Aguacate,4.0,4.0,0.0,13.72,3.43,11508.13,157891.54
2024,20,Oaxaca,31,Tamazulápam del Espíritu Santo,108.0,Sierra Juárez,3.0,Ayutla/Mixe,3,Perennes,2,Temporal,200201,Tonelada,5060000,Aguacate,27.3,17.3,0.0,37.54,2.17,29664.76,1113615.09
2024,20,Oaxaca,31,Tamazulápam del Espíritu Santo,108.0,Sierra Juárez,3.0,Ayutla/Mixe,3,Perennes,2,Temporal,200201,Tonelada,5060000,Aguacate,45.0,45.0,0.0,188.55,4.19,15124.07,2851643.4
2024,20,Oaxaca,38,Villa Hidalgo,108.0,Sierra Juárez,2.0,Villa Alta,3,Perennes,2,Temporal,200201,Tonelada,5060000,Aguacate,1.0,1.0,0.0,4.55,4.55,13630.76,62019.96
2024,20,Oaxaca,38,Villa Hidalgo,108.0,Sierra Juárez,2.0,Villa Alta,3,Perennes,2,Temporal,200201,Tonelada,5060000,Aguacate,5.0,5.0,0.0,9.7,1.94,31202.06,302659.98
2024,20,Oaxaca,39,Heroica Ciudad de Huajuapan de León,104.0,Huajuapan de León,1.0,Huajuapan,3,Perennes,1,Riego,200201,Tonelada,5060000,Aguacate,3.5,3.5,0.0,23.42,6.69,18225.09,426740.5
2024,20,Oaxaca,40,Huautepec,109.0,Cañada,3.0,Huautla de Jiménez,3,Perennes,2,Temporal,200201,Tonelada,5060000,Aguacate,4.0,4.0,0.0,13.28,3.32,11583.62,153830.47
2024,20,Oaxaca,41,Huautla de Jiménez,109.0,Cañada,3.0,Huautla de Jiménez,3,Perennes,2,Temporal,200201,Tonelada,5060000,Aguacate,12.0,12.0,0.0,42.36,3.53,11600.9,491414.12
2024,20,Oaxaca,41,Huautla de Jiménez,109.0,Cañada,3.0,Huautla de Jiménez,3,Perennes,2,Temporal,200201,Tonelada,5060000,Aguacate,29.2,25.0,0.0,93.25,3.73,20803.02,1939881.62
2024,20,Oaxaca,42,Ixtlán de Juárez,108.0,Sierra Juárez,1.0,Ixtlán,3,Perennes,2,Temporal,200201,Tonelada,5060000,Aguacate,9.0,9.0,0.0,33.75,3.75,14056.84,474418.35
2024,20,Oaxaca,45,Magdalena Apasco,105.0,Valles Centrales,1.0,Etla,3,Perennes,1,Riego,200201,Tonelada,5060000,Aguacate,13.1,12.5,0.0,106.13,8.49,22233.06,2359594.66
2024,20,Oaxaca,48,Magdalena Mixtepec,105.0,Valles Centrales,1.0,Etla,3,Perennes,1,Riego,200201,Tonelada,5060000,Aguacate,27.75,25.5,0.0,207.83,8.15,22463.57,4668491.52
2024,20,Oaxaca,50,Magdalena Peñasco,104.0,Huajuapan de León,4.0,Tlaxiaco,3,Perennes,1,Riego,200201,Tonelada,5060000,Aguacate,5.8,5.8,0.0,26.27,4.53,22045.95,579147.11
2024,20,Oaxaca,58,Mazatlán Villa de Flores,109.0,Cañada,3.0,Huautla de Jiménez,3,Perennes,1,Riego,200201,Tonelada,5060000,Aguacate,16.25,16.25,0.0,115.86,7.13,11434.98,1324856.78
2024,20,Oaxaca,58,Mazatlán Villa de Flores,109.0,Cañada,3.0,Huautla de Jiménez,3,Perennes,1,Riego,200201,Tonelada,5060000,Aguacate,115.9,109.0,0.0,620.21,5.69,21401.27,13273281.67
2024,20,Oaxaca,58,Mazatlán Villa de Flores,109.0,Cañada,3.0,Huautla de Jiménez,3,Perennes,2,Temporal,200201,Tonelada,5060000,Aguacate,33.0,33.0,0.0,119.13,3.61,11595.48,1381369.53
2024,20,Oaxaca,58,Mazatlán Villa de Flores,109.0,Cañada,3.0,Huautla de Jiménez,3,Perennes,2,Temporal,200201,Tonelada,5060000,Aguacate,97.5,74.65,0.0,214.99,2.88,20242.58,4351952.27
2024,20,Oaxaca,59,Miahuatlán de Porfirio Díaz,105.0,Valles Centrales,3.0,Miahuatlán,3,Perennes,1,Riego,200201,Tonelada,5060000,Aguacate,11.85,6.05,0.0,33.76,5.58,22426.46,757117.29
2024,20,Oaxaca,60,Mixistlán de La Reforma,108.0,Sierra Juárez,3.0,Ayutla/Mixe,3,Perennes,2,Temporal,200201,Tonelada,5060000,Aguacate,1.2,1.2,0.0,2.84,2.37,29251.45,83074.12
2024,20,Oaxaca,73,Putla Villa de Guerrero,104.0,Huajuapan de León,4.0,Tlaxiaco,3,Perennes,1,Riego,200201,Tonelada,5060000,Aguacate,2.0,2.0,0.0,6.72,3.36,22370.64,150330.7
2024,20,Oaxaca,84,San Agustín Etla,105.0,Valles Centrales,1.0,Etla,3,Perennes,1,Riego,200201,Tonelada,5060000,Aguacate,9.0,9.0,0.0,72.9,8.1,22267.62,1623309.5
2024,20,Oaxaca,86,San Agustín Tlacotepec,104.0,Huajuapan de León,4.0,Tlaxiaco,3,Perennes,1,Riego,200201,Tonelada,5060000,Aguacate,2.4,1.0,0.0,5.08,5.08,22398.64,113785.09
2024,20,Oaxaca,88,San Andrés Cabecera Nueva,104.0,Huajuapan de León,4.0,Tlaxiaco,3,Perennes,1,Riego,200201,Tonelada,5060000,Aguacate,2.5,2.5,0.0,13.28,5.31,21817.76,289739.85
2024,20,Oaxaca,89,San Andrés Dinicuiti,104.0,Huajuapan de León,1.0,Huajuapan,3,Perennes,1,Riego,200201,Tonelada,5060000,Aguacate,2.5,2.0,0.0,11.7,5.85,18270.96,213770.23
2024,20,Oaxaca,98,San Andrés Teotilálpam,109.0,Cañada,2.0,Cuicatlán,3,Perennes,2,Temporal,200201,Tonelada,5060000,Aguacate,29.5,20.0,0.0,55.6,2.78,20786.16,1155710.5
2024,20,Oaxaca,104,San Antonino El Alto,105.0,Valles Centrales,1.0,Etla,3,Perennes,1,Riego,200201,Tonelada,5060000,Aguacate,18.75,15.5,0.0,136.4,8.8,22402.83,3055746.01
2024,20,Oaxaca,108,San Antonio Huitepec,105.0,Valles Centrales,1.0,Etla,3,Perennes,1,Riego,200201,Tonelada,5060000,Aguacate,45.0,41.0,0.0,354.65,8.65,22258.33,7893916.73
2024,20,Oaxaca,110,San Antonio Sinicahua,104.0,Huajuapan de León,4.0,Tlaxiaco,3,Perennes,1,Riego,200201,Tonelada,5060000,Aguacate,2.2,2.2,0.0,9.5,4.32,22117.27,210114.07
2024,20,Oaxaca,119,San Bartolomé Yucuañe,104.0,Huajuapan de León,4.0,Tlaxiaco,3,Perennes,1,Riego,200201,Tonelada,5060000,Aguacate,2.5,2.0,0.0,12.3,6.15,21991.21,270491.88
2024,20,Oaxaca,123,San Bernardo Mixtepec,105.0,Valles Centrales,1.0,Etla,3,Perennes,1,Riego,200201,Tonelada,5060000,Aguacate,37.0,32.0,0.0,269.12,8.41,22173.53,5967340.39
2024,20,Oaxaca,127,San Cristóbal Amoltepec,104.0,Huajuapan de León,4.0,Tlaxiaco,3,Perennes,1,Riego,200201,Tonelada,5060000,Aguacate,3.0,3.0,0.0,18.78,6.26,21835.95,410079.14
2024,20,Oaxaca,128,San Cristóbal Lachirioag,108.0,Sierra Juárez,2.0,Villa Alta,3,Perennes,2,Temporal,200201,Tonelada,5060000,Aguacate,1.0,1.0,0.0,3.93,3.93,13524.99,53153.21
2024,20,Oaxaca,137,San Francisco Cahuacuá,105.0,Valles Centrales,4.0,Sola de Vega,3,Perennes,1,Riego,200201,Tonelada,5060000,Aguacate,6.05,4.4,0.0,34.76,7.9,22058.67,766759.37
2024,20,Oaxaca,138,San Francisco Cajonos,108.0,Sierra Juárez,2.0,Villa Alta,3,Perennes,2,Temporal,200201,Tonelada,5060000,Aguacate,4.0,4.0,0.0,6.16,1.54,31759.7,195639.75
2024,20,Oaxaca,139,San Francisco Chapulapa,109.0,Cañada,2.0,Cuicatlán,3,Perennes,2,Temporal,200201,Tonelada,5060000,Aguacate,2.0,2.0,0.0,6.1,3.05,11384.15,69443.32
2024,20,Oaxaca,139,San Francisco Chapulapa,109.0,Cañada,2.0,Cuicatlán,3,Perennes,2,Temporal,200201,Tonelada,5060000,Aguacate,27.25,13.25,0.0,35.25,2.66,20225.53,712848.77
2024,20,Oaxaca,142,San Francisco Huehuetlán,109.0,Cañada,1.0,Teotitlán de Flores Magón,3,Perennes,2,Temporal,200201,Tonelada,5060000,Aguacate,8.0,8.0,0.0,26.48,3.31,11479.43,303975.31
2024,20,Oaxaca,142,San Francisco Huehuetlán,109.0,Cañada,1.0,Teotitlán de Flores Magón,3,Perennes,2,Temporal,200201,Tonelada,5060000,Aguacate,10.75,5.75,0.0,15.7,2.73,19933.81,312960.82
2024,20,Oaxaca,148,San Francisco Ozolotepec,105.0,Valles Centrales,3.0,Miahuatlán,3,Perennes,1,Riego,200201,Tonelada,5060000,Aguacate,26.8,24.1,0.0,172.07,7.14,28269.9,4864401.69
2024,20,Oaxaca,149,San Francisco Sola,105.0,Valles Centrales,4.0,Sola de Vega,3,Perennes,1,Riego,200201,Tonelada,5060000,Aguacate,6.0,5.5,0.0,41.8,7.6,22143.43,925595.37
2024,20,Oaxaca,154,San Ildefonso Amatlán,105.0,Valles Centrales,3.0,Miahuatlán,3,Perennes,1,Riego,200201,Tonelada,5060000,Aguacate,3.7,2.8,0.0,15.76,5.63,22831.85,359829.96
2024,20,Oaxaca,156,San Ildefonso Villa Alta,108.0,Sierra Juárez,2.0,Villa Alta,3,Perennes,2,Temporal,200201,Tonelada,5060000,Aguacate,7.05,7.05,0.0,27.57,3.91,13655.35,376478.0
2024,20,Oaxaca,163,San Jerónimo Tecóatl,109.0,Cañada,1.0,Teotitlán de Flores Magón,3,Perennes,1,Riego,200201,Tonelada,5060000,Aguacate,7.8,5.1,0.0,25.86,5.07,22009.52,569166.19
2024,20,Oaxaca,163,San Jerónimo Tecóatl,109.0,Cañada,1.0,Teotitlán de Flores Magón,3,Perennes,2,Temporal,200201,Tonelada,5060000,Aguacate,8.0,8.0,0.0,28.24,3.53,11408.87,322186.49
2024,20,Oaxaca,163,San Jerónimo Tecóatl,109.0,Cañada,1.0,Teotitlán de Flores Magón,3,Perennes,2,Temporal,200201,Tonelada,5060000,Aguacate,16.5,9.5,0.0,31.16,3.28,20609.65,642196.69
2024,20,Oaxaca,171,San José Tenango,109.0,Cañada,3.0,Huautla de Jiménez,3,Perennes,2,Temporal,200201,Tonelada,5060000,Aguacate,9.0,9.0,0.0,30.24,3.36,11583.3,350278.99
2024,20,Oaxaca,172,San Juan Achiutla,104.0,Huajuapan de León,4.0,Tlaxiaco,3,Perennes,1,Riego,200201,Tonelada,5060000,Aguacate,8.3,8.3,0.0,70.3,8.47,22037.48,1549234.84
2024,20,Oaxaca,173,San Juan Atepec,108.0,Sierra Juárez,1.0,Ixtlán,3,Perennes,2,Temporal,200201,Tonelada,5060000,Aguacate,3.75,2.75,0.0,6.66,2.42,30662.79,204214.18
2024,20,Oaxaca,174,Ánimas Trujano,105.0,Valles Centrales,1.0,Etla,3,Perennes,1,Riego,200201,Tonelada,5060000,Aguacate,6.0,5.0,0.0,41.55,8.31,22246.12,924326.29
2024,20,Oaxaca,177,San Juan Bautista Cuicatlán,109.0,Cañada,2.0,Cuicatlán,3,Perennes,1,Riego,200201,Tonelada,5060000,Aguacate,11.5,11.5,0.0,76.82,6.68,11069.56,850363.6
2024,20,Oaxaca,177,San Juan Bautista Cuicatlán,109.0,Cañada,2.0,Cuicatlán,3,Perennes,2,Temporal,200201,Tonelada,5060000,Aguacate,6.0,6.0,0.0,19.62,3.27,11391.93,223509.67
2024,20,Oaxaca,187,San Juan Coatzóspam,109.0,Cañada,3.0,Huautla de Jiménez,3,Perennes,1,Riego,200201,Tonelada,5060000,Aguacate,32.75,29.0,0.0,170.81,5.89,21386.81,3653081.02
2024,20,Oaxaca,187,San Juan Coatzóspam,109.0,Cañada,3.0,Huautla de Jiménez,3,Perennes,2,Temporal,200201,Tonelada,5060000,Aguacate,42.0,42.0,0.0,140.7,3.35,11525.63,1621656.14
2024,20,Oaxaca,191,San Juan Chicomezúchil,108.0,Sierra Juárez,1.0,Ixtlán,3,Perennes,2,Temporal,200201,Tonelada,5060000,Aguacate,1.75,1.25,0.0,3.13,2.5,30610.42,95810.61
2024,20,Oaxaca,191,San Juan Chicomezúchil,108.0,Sierra Juárez,1.0,Ixtlán,3,Perennes,2,Temporal,200201,Tonelada,5060000,Aguacate,2.0,2.0,0.0,8.14,4.07,13927.53,113370.09
2024,20,Oaxaca,193,San Juan del Estado,105.0,Valles Centrales,1.0,Etla,3,Perennes,1,Riego,200201,Tonelada,5060000,Aguacate,21.5,21.0,0.0,192.57,9.17,21796.67,4197384.74
2024,20,Oaxaca,200,San Juan Juquila Mixes,108.0,Sierra Juárez,3.0,Ayutla/Mixe,3,Perennes,2,Temporal,200201,Tonelada,5060000,Aguacate,9.04,9.04,0.0,19.16,2.12,29514.59,565499.54
2024,20,Oaxaca,200,San Juan Juquila Mixes,108.0,Sierra Juárez,3.0,Ayutla/Mixe,3,Perennes,2,Temporal,200201,Tonelada,5060000,Aguacate,10.1,10.1,0.0,40.6,4.02,15164.74,615688.44
2024,20,Oaxaca,206,San Juan de Los Cués,109.0,Cañada,1.0,Teotitlán de Flores Magón,3,Perennes,2,Temporal,200201,Tonelada,5060000,Aguacate,8.0,8.0,0.0,26.88,3.36,11368.25,305578.56
2024,20,Oaxaca,208,San Juan Mixtepec,104.0,Huajuapan de León,4.0,Tlaxiaco,3,Perennes,1,Riego,200201,Tonelada,5060000,Aguacate,53.0,11.0,0.0,74.14,6.74,22066.41,1636003.64
2024,20,Oaxaca,210,San Juan Ñumí,104.0,Huajuapan de León,4.0,Tlaxiaco,3,Perennes,1,Riego,200201,Tonelada,5060000,Aguacate,1.5,1.5,0.0,5.07,3.38,22089.92,111995.89
2024,20,Oaxaca,211,San Juan Ozolotepec,105.0,Valles Centrales,3.0,Miahuatlán,3,Perennes,1,Riego,200201,Tonelada,5060000,Aguacate,19.6,15.6,0.0,107.33,6.88,29082.59,3121434.38
2024,20,Oaxaca,214,San Juan Quiotepec,108.0,Sierra Juárez,1.0,Ixtlán,3,Perennes,2,Temporal,200201,Tonelada,5060000,Aguacate,10.25,9.25,0.0,21.74,2.35,30611.12,665485.75
2024,20,Oaxaca,216,San Juan Tabaá,108.0,Sierra Juárez,2.0,Villa Alta,3,Perennes,2,Temporal,200201,Tonelada,5060000,Aguacate,1.0,1.0,0.0,4.78,4.78,13883.22,66361.79
2024,20,Oaxaca,220,San Juan Tepeuxila,109.0,Cañada,2.0,Cuicatlán,3,Perennes,2,Temporal,200201,Tonelada,5060000,Aguacate,7.0,7.0,0.0,23.52,3.36,11520.39,270959.57
2024,20,Oaxaca,220,San Juan Tepeuxila,109.0,Cañada,2.0,Cuicatlán,3,Perennes,2,Temporal,200201,Tonelada,5060000,Aguacate,36.75,28.25,0.0,76.56,2.71,20293.39,1553661.94
2024,20,Oaxaca,222,San Juan Yaeé,108.0,Sierra Juárez,2.0,Villa Alta,3,Perennes,2,Temporal,200201,Tonelada,5060000,Aguacate,3.0,3.0,0.0,12.03,4.01,13579.82,163365.23
2024,20,Oaxaca,228,San Lorenzo Cuaunecuiltitla,109.0,Cañada,3.0,Huautla de Jiménez,3,Perennes,2,Temporal,200201,Tonelada,5060000,Aguacate,2.0,2.0,0.0,6.62,3.31,11564.09,76554.28
2024,20,Oaxaca,229,San Lorenzo Texmelúcan,105.0,Valles Centrales,4.0,Sola de Vega,3,Perennes,1,Riego,200201,Tonelada,5060000,Aguacate,6.5,5.9,0.0,44.37,7.52,22113.67,981183.54
2024,20,Oaxaca,233,San Lucas Quiaviní,105.0,Valles Centrales,2.0,Tlacolula,3,Perennes,1,Riego,200201,Tonelada,5060000,Aguacate,4.5,4.5,0.0,36.99,8.22,23419.14,866273.99
2024,20,Oaxaca,234,San Lucas Zoquiápam,109.0,Cañada,3.0,Huautla de Jiménez,3,Perennes,2,Temporal,200201,Tonelada,5060000,Aguacate,8.0,8.0,0.0,26.88,3.36,11572.64,311072.56
2024,20,Oaxaca,234,San Lucas Zoquiápam,109.0,Cañada,3.0,Huautla de Jiménez,3,Perennes,2,Temporal,200201,Tonelada,5060000,Aguacate,51.0,43.5,0.0,118.76,2.73,20313.85,2412370.69
2024,20,Oaxaca,235,San Luis Amatlán,105.0,Valles Centrales,3.0,Miahuatlán,3,Perennes,1,Riego,200201,Tonelada,5060000,Aguacate,7.2,6.3,0.0,45.74,7.26,29090.04,1330578.43
2024,20,Oaxaca,236,San Marcial Ozolotepec,105.0,Valles Centrales,3.0,Miahuatlán,3,Perennes,1,Riego,200201,Tonelada,5060000,Aguacate,12.45,10.75,0.0,76.76,7.14,30421.74,2335020.65
2024,20,Oaxaca,239,San Martín Huamelúlpam,104.0,Huajuapan de León,4.0,Tlaxiaco,3,Perennes,1,Riego,200201,Tonelada,5060000,Aguacate,2.8,2.8,0.0,14.34,5.12,22340.6,320364.2
2024,20,Oaxaca,242,San Martín Peras,104.0,Huajuapan de León,1.0,Huajuapan,3,Perennes,1,Riego,200201,Tonelada,5060000,Aguacate,2.5,2.5,0.0,11.65,4.66,18910.02,220301.73
2024,20,Oaxaca,244,San Martín Toxpalan,109.0,Cañada,1.0,Teotitlán de Flores Magón,3,Perennes,1,Riego,200201,Tonelada,5060000,Aguacate,9.25,9.25,0.0,58.74,6.35,11143.83,654588.57
2024,20,Oaxaca,244,San Martín Toxpalan,109.0,Cañada,1.0,Teotitlán de Flores Magón,3,Perennes,2,Temporal,200201,Tonelada,5060000,Aguacate,15.5,12.75,0.0,35.45,2.78,20382.96,722473.84
2024,20,Oaxaca,244,San Martín Toxpalan,109.0,Cañada,1.0,Teotitlán de Flores Magón,3,Perennes,2,Temporal,200201,Tonelada,5060000,Aguacate,20.0,20.0,0.0,73.0,3.65,11388.55,831364.15
2024,20,Oaxaca,246,San Mateo Cajonos,108.0,Sierra Juárez,2.0,Villa Alta,3,Perennes,2,Temporal,200201,Tonelada,5060000,Aguacate,6.7,6.7,0.0,9.85,1.47,31817.98,313407.1
2024,20,Oaxaca,249,San Mateo Yoloxochitlán,109.0,Cañada,3.0,Huautla de Jiménez,3,Perennes,2,Temporal,200201,Tonelada,5060000,Aguacate,6.0,6.0,0.0,19.5,3.25,11772.86,229570.77
2024,20,Oaxaca,252,San Mateo Peñasco,104.0,Huajuapan de León,4.0,Tlaxiaco,3,Perennes,1,Riego,200201,Tonelada,5060000,Aguacate,1.5,1.5,0.0,10.14,6.76,22111.67,224212.33
2024,20,Oaxaca,254,San Mateo Río Hondo,105.0,Valles Centrales,3.0,Miahuatlán,3,Perennes,1,Riego,200201,Tonelada,5060000,Aguacate,9.25,7.15,0.0,51.34,7.18,30047.87,1542657.65
2024,20,Oaxaca,255,San Mateo Sindihui,104.0,Huajuapan de León,3.0,Nochixtlán,3,Perennes,1,Riego,200201,Tonelada,5060000,Aguacate,33.0,12.6,0.0,73.33,5.82,30839.9,2261489.87
2024,20,Oaxaca,258,San Miguel Achiutla,104.0,Huajuapan de León,4.0,Tlaxiaco,3,Perennes,1,Riego,200201,Tonelada,5060000,Aguacate,9.5,5.5,0.0,44.0,8.0,21632.72,951839.68
2024,20,Oaxaca,260,San Miguel Aloápam,108.0,Sierra Juárez,1.0,Ixtlán,3,Perennes,2,Temporal,200201,Tonelada,5060000,Aguacate,2.0,2.0,0.0,8.08,4.04,14050.64,113529.17
2024,20,Oaxaca,260,San Miguel Aloápam,108.0,Sierra Juárez,1.0,Ixtlán,3,Perennes,2,Temporal,200201,Tonelada,5060000,Aguacate,7.25,4.75,0.0,10.36,2.18,30772.87,318806.93
2024,20,Oaxaca,263,San Miguel Coatlán,105.0,Valles Centrales,3.0,Miahuatlán,3,Perennes,1,Riego,200201,Tonelada,5060000,Aguacate,8.12,4.7,0.0,29.52,6.28,29674.08,875978.84
2024,20,Oaxaca,271,San Miguel Mixtepec,105.0,Valles Centrales,1.0,Etla,3,Perennes,1,Riego,200201,Tonelada,5060000,Aguacate,24.5,22.5,0.0,195.75,8.7,22406.05,4385984.29
2024,20,Oaxaca,273,San Miguel Peras,105.0,Valles Centrales,1.0,Etla,3,Perennes,1,Riego,200201,Tonelada,5060000,Aguacate,20.5,17.0,0.0,145.52,8.56,21956.65,3195131.71
2024,20,Oaxaca,275,San Miguel Quetzaltepec,108.0,Sierra Juárez,3.0,Ayutla/Mixe,3,Perennes,2,Temporal,200201,Tonelada,5060000,Aguacate,2.75,2.65,0.0,5.83,2.2,35025.11,204196.39
2024,20,Oaxaca,276,San Miguel Santa Flor,109.0,Cañada,2.0,Cuicatlán,3,Perennes,1,Riego,200201,Tonelada,5060000,Aguacate,10.45,5.0,0.0,27.4,5.48,21521.71,589694.85
2024,20,Oaxaca,276,San Miguel Santa Flor,109.0,Cañada,2.0,Cuicatlán,3,Perennes,2,Temporal,200201,Tonelada,5060000,Aguacate,7.0,7.0,0.0,22.19,3.17,11425.31,253527.63
2024,20,Oaxaca,276,San Miguel Santa Flor,109.0,Cañada,2.0,Cuicatlán,3,Perennes,2,Temporal,200201,Tonelada,5060000,Aguacate,69.25,62.75,0.0,172.56,2.75,20379.55,3516695.15
2024,20,Oaxaca,277,Villa Sola de Vega,105.0,Valles Centrales,4.0,Sola de Vega,3,Perennes,1,Riego,200201,Tonelada,5060000,Aguacate,11.5,4.25,0.0,34.85,8.2,21885.66,762715.25
2024,20,Oaxaca,279,San Miguel Suchixtepec,105.0,Valles Centrales,3.0,Miahuatlán,3,Perennes,1,Riego,200201,Tonelada,5060000,Aguacate,8.65,5.85,0.0,41.71,7.13,31056.87,1295382.05
2024,20,Oaxaca,280,Villa Talea de Castro,108.0,Sierra Juárez,2.0,Villa Alta,3,Perennes,2,Temporal,200201,Tonelada,5060000,Aguacate,1.0,1.0,0.0,4.45,4.45,13425.07,59741.56
2024,20,Oaxaca,291,San Pablo Coatlán,105.0,Valles Centrales,3.0,Miahuatlán,3,Perennes,1,Riego,200201,Tonelada,5060000,Aguacate,9.05,7.3,0.0,53.66,7.35,31363.13,1682945.56
2024,20,Oaxaca,293,San Pablo Etla,105.0,Valles Centrales,1.0,Etla,3,Perennes,1,Riego,200201,Tonelada,5060000,Aguacate,9.25,7.5,0.0,60.9,8.12,22191.64,1351470.88
2024,20,Oaxaca,294,San Pablo Huitzo,105.0,Valles Centrales,1.0,Etla,3,Perennes,1,Riego,200201,Tonelada,5060000,Aguacate,12.0,12.0,0.0,101.4,8.45,21915.57,2222238.8
2024,20,Oaxaca,295,San Pablo Huixtepec,105.0,Valles Centrales,1.0,Etla,3,Perennes,1,Riego,200201,Tonelada,5060000,Aguacate,25.0,21.5,0.0,191.35,8.9,22425.44,4291107.94
2024,20,Oaxaca,299,San Pablo Yaganiza,108.0,Sierra Juárez,2.0,Villa Alta,3,Perennes,2,Temporal,200201,Tonelada,5060000,Aguacate,3.05,3.05,0.0,4.88,1.6,31343.29,152955.26
2024,20,Oaxaca,301,San Pedro Apóstol,105.0,Valles Centrales,1.0,Etla,3,Perennes,1,Riego,200201,Tonelada,5060000,Aguacate,6.5,6.5,0.0,53.63,8.25,22303.43,1196021.4
2024,20,Oaxaca,311,San Pedro Jaltepetongo,109.0,Cañada,2.0,Cuicatlán,3,Perennes,2,Temporal,200201,Tonelada,5060000,Aguacate,4.0,4.0,0.0,12.32,3.08,11476.14,141386.04
2024,20,Oaxaca,317,San Pedro Mártir Yucuxaco,104.0,Huajuapan de León,4.0,Tlaxiaco,3,Perennes,1,Riego,200201,Tonelada,5060000,Aguacate,1.5,1.5,0.0,7.46,4.97,22166.68,165363.43
2024,20,Oaxaca,320,San Pedro Molinos,104.0,Huajuapan de León,4.0,Tlaxiaco,3,Perennes,1,Riego,200201,Tonelada,5060000,Aguacate,5.5,5.5,0.0,51.32,9.33,21403.64,1098327.55
2024,20,Oaxaca,322,San Pedro Ocopetatillo,109.0,Cañada,1.0,Teotitlán de Flores Magón,3,Perennes,2,Temporal,200201,Tonelada,5060000,Aguacate,3.25,2.5,0.0,8.35,3.34,20949.33,174926.91
2024,20,Oaxaca,322,San Pedro Ocopetatillo,109.0,Cañada,1.0,Teotitlán de Flores Magón,3,Perennes,2,Temporal,200201,Tonelada,5060000,Aguacate,4.0,4.0,0.0,14.2,3.55,11426.16,162251.47
2024,20,Oaxaca,323,San Pedro Ocotepec,108.0,Sierra Juárez,3.0,Ayutla/Mixe,3,Perennes,2,Temporal,200201,Tonelada,5060000,Aguacate,1.0,1.0,0.0,2.22,2.22,35539.9,78898.58
2024,20,Oaxaca,325,San Pedro Quiatoni,105.0,Valles Centrales,2.0,Tlacolula,3,Perennes,1,Riego,200201,Tonelada,5060000,Aguacate,11.35,8.1,0.0,66.1,8.16,22988.97,1519570.92
2024,20,Oaxaca,326,San Pedro Sochiápam,109.0,Cañada,2.0,Cuicatlán,3,Perennes,2,Temporal,200201,Tonelada,5060000,Aguacate,4.0,4.0,0.0,12.92,3.23,11541.13,149111.4
2024,20,Oaxaca,329,San Pedro Teozacoalco,104.0,Huajuapan de León,3.0,Nochixtlán,3,Perennes,1,Riego,200201,Tonelada,5060000,Aguacate,1.81,1.75,0.0,10.12,5.78,31814.54,321963.14
2024,20,Oaxaca,330,San Pedro Teutila,109.0,Cañada,2.0,Cuicatlán,3,Perennes,2,Temporal,200201,Tonelada,5060000,Aguacate,2.0,2.0,0.0,6.24,3.12,11360.4,70888.9
2024,20,Oaxaca,335,San Pedro Yaneri,108.0,Sierra Juárez,1.0,Ixtlán,3,Perennes,2,Temporal,200201,Tonelada,5060000,Aguacate,4.0,4.0,0.0,16.48,4.12,14006.15,230821.35
2024,20,Oaxaca,336,San Pedro Yólox,108.0,Sierra Juárez,1.0,Ixtlán,3,Perennes,2,Temporal,200201,Tonelada,5060000,Aguacate,11.25,11.25,0.0,33.86,3.01,35973.97,1218078.62
2024,20,Oaxaca,337,San Pedro Y San Pablo Ayutla,108.0,Sierra Juárez,3.0,Ayutla/Mixe,3,Perennes,2,Temporal,200201,Tonelada,5060000,Aguacate,10.0,8.8,0.0,18.74,2.13,36032.99,675258.23
2024,20,Oaxaca,337,San Pedro Y San Pablo Ayutla,108.0,Sierra Juárez,3.0,Ayutla/Mixe,3,Perennes,2,Temporal,200201,Tonelada,5060000,Aguacate,20.5,20.5,0.0,83.23,4.06,15185.34,1263875.85
2024,20,Oaxaca,347,San Sebastián Río Hondo,105.0,Valles Centrales,3.0,Miahuatlán,3,Perennes,1,Riego,200201,Tonelada,5060000,Aguacate,4.65,3.6,0.0,22.68,6.3,27904.69,632878.37
2024,20,Oaxaca,351,San Simón Almolongas,105.0,Valles Centrales,3.0,Miahuatlán,3,Perennes,1,Riego,200201,Tonelada,5060000,Aguacate,2.8,2.1,0.0,15.2,7.24,27437.63,417051.98
2024,20,Oaxaca,353,Santa Ana,105.0,Valles Centrales,3.0,Miahuatlán,3,Perennes,1,Riego,200201,Tonelada,5060000,Aguacate,2.33,1.95,0.0,14.2,7.28,28233.42,400914.56
2024,20,Oaxaca,354,Santa Ana Ateixtlahuaca,109.0,Cañada,3.0,Huautla de Jiménez,3,Perennes,2,Temporal,200201,Tonelada,5060000,Aguacate,3.0,3.0,0.0,10.32,3.44,11558.05,119279.08
2024,20,Oaxaca,355,Santa Ana Cuauhtémoc,109.0,Cañada,2.0,Cuicatlán,3,Perennes,2,Temporal,200201,Tonelada,5060000,Aguacate,4.0,4.0,0.0,13.2,3.3,11497.43,151766.08
2024,20,Oaxaca,359,Santa Ana Yareni,108.0,Sierra Juárez,1.0,Ixtlán,3,Perennes,2,Temporal,200201,Tonelada,5060000,Aguacate,3.25,3.25,0.0,7.8,2.4,36376.56,283737.17
2024,20,Oaxaca,362,Santa Catarina Cuixtla,105.0,Valles Centrales,3.0,Miahuatlán,3,Perennes,1,Riego,200201,Tonelada,5060000,Aguacate,2.45,2.15,0.0,14.02,6.52,29727.18,416775.06
2024,20,Oaxaca,363,Santa Catarina Ixtepeji,108.0,Sierra Juárez,1.0,Ixtlán,3,Perennes,2,Temporal,200201,Tonelada,5060000,Aguacate,1.2,1.2,0.0,5.16,4.3,13956.8,72017.09
2024,20,Oaxaca,370,Santa Catarina Tayata,104.0,Huajuapan de León,4.0,Tlaxiaco,3,Perennes,1,Riego,200201,Tonelada,5060000,Aguacate,1.5,1.5,0.0,5.18,3.45,22578.68,116957.56
2024,20,Oaxaca,374,Santa Cruz Acatepec,109.0,Cañada,3.0,Huautla de Jiménez,3,Perennes,1,Riego,200201,Tonelada,5060000,Aguacate,24.45,22.0,0.0,107.36,4.88,21346.21,2291729.11
2024,20,Oaxaca,377,Santa Cruz Itundujia,104.0,Huajuapan de León,4.0,Tlaxiaco,3,Perennes,1,Riego,200201,Tonelada,5060000,Aguacate,2.2,2.2,0.0,12.12,5.51,21884.6,265241.35
2024,20,Oaxaca,378,Santa Cruz Mixtepec,105.0,Valles Centrales,1.0,Etla,3,Perennes,1,Riego,200201,Tonelada,5060000,Aguacate,24.3,18.5,0.0,165.58,8.95,22304.77,3693112.88
2024,20,Oaxaca,383,Santa Cruz Tayata,104.0,Huajuapan de León,4.0,Tlaxiaco,3,Perennes,1,Riego,200201,Tonelada,5060000,Aguacate,1.0,1.0,0.0,5.75,5.75,21653.53,124507.8
2024,20,Oaxaca,386,Santa Cruz Zenzontepec,105.0,Valles Centrales,4.0,Sola de Vega,3,Perennes,1,Riego,200201,Tonelada,5060000,Aguacate,7.25,3.0,0.0,22.8,7.6,21672.81,494140.07
2024,20,Oaxaca,388,Santa Inés del Monte,105.0,Valles Centrales,1.0,Etla,3,Perennes,1,Riego,200201,Tonelada,5060000,Aguacate,37.5,33.0,0.0,278.19,8.43,22248.38,6189276.83
2024,20,Oaxaca,391,Santa Lucía Miahuatlán,105.0,Valles Centrales,3.0,Miahuatlán,3,Perennes,1,Riego,200201,Tonelada,5060000,Aguacate,4.35,3.85,0.0,28.41,7.38,29145.82,828032.75
2024,20,Oaxaca,392,Santa Lucía Monteverde,104.0,Huajuapan de León,4.0,Tlaxiaco,3,Perennes,1,Riego,200201,Tonelada,5060000,Aguacate,12.0,5.0,0.0,25.2,5.04,22359.19,563451.59
2024,20,Oaxaca,394,Santa María Alotepec,108.0,Sierra Juárez,3.0,Ayutla/Mixe,3,Perennes,2,Temporal,200201,Tonelada,5060000,Aguacate,5.2,5.2,0.0,11.44,2.2,29549.69,338048.45
2024,20,Oaxaca,397,Heroica Ciudad de Tlaxiaco,104.0,Huajuapan de León,4.0,Tlaxiaco,3,Perennes,1,Riego,200201,Tonelada,5060000,Aguacate,2.0,2.0,0.0,9.16,4.58,21875.64,200380.86
2024,20,Oaxaca,400,Santa María Camotlán,104.0,Huajuapan de León,1.0,Huajuapan,3,Perennes,1,Riego,200201,Tonelada,5060000,Aguacate,2.3,2.3,0.0,14.35,6.24,18495.27,265407.12
2024,20,Oaxaca,405,Villa de Chilapa de Díaz,104.0,Huajuapan de León,2.0,Tamazulapan,3,Perennes,1,Riego,200201,Tonelada,5060000,Aguacate,4.3,4.2,0.0,33.22,7.91,20135.96,668916.59
2024,20,Oaxaca,410,Santa María Ecatepec,107.0,Istmo,5.0,Tequisistlán,3,Perennes,1,Riego,200201,Tonelada,5060000,Aguacate,304.95,304.95,0.0,3140.99,10.3,18694.74,58719897.16
2024,20,Oaxaca,416,Santa María Ixcatlán,109.0,Cañada,1.0,Teotitlán de Flores Magón,3,Perennes,2,Temporal,200201,Tonelada,5060000,Aguacate,3.0,3.0,0.0,10.86,3.62,11507.94,124976.23
2024,20,Oaxaca,416,Santa María Ixcatlán,109.0,Cañada,1.0,Teotitlán de Flores Magón,3,Perennes,2,Temporal,200201,Tonelada,5060000,Aguacate,4.75,3.75,0.0,10.35,2.76,20279.39,209891.69
2024,20,Oaxaca,424,Santa María Ozolotepec,105.0,Valles Centrales,3.0,Miahuatlán,3,Perennes,1,Riego,200201,Tonelada,5060000,Aguacate,7.58,7.1,0.0,51.69,7.28,29444.8,1522001.71
2024,20,Oaxaca,425,Santa María Pápalo,109.0,Cañada,2.0,Cuicatlán,3,Perennes,1,Riego,200201,Tonelada,5060000,Aguacate,8.25,5.5,0.0,27.34,4.97,21740.52,594385.82
2024,20,Oaxaca,425,Santa María Pápalo,109.0,Cañada,2.0,Cuicatlán,3,Perennes,2,Temporal,200201,Tonelada,5060000,Aguacate,2.0,2.0,0.0,6.44,3.22,11407.93,73467.07
2024,20,Oaxaca,425,Santa María Pápalo,109.0,Cañada,2.0,Cuicatlán,3,Perennes,2,Temporal,200201,Tonelada,5060000,Aguacate,22.5,17.0,0.0,45.56,2.68,20136.94,917438.99
2024,20,Oaxaca,428,Santa María Quiegolani,107.0,Istmo,5.0,Tequisistlán,3,Perennes,1,Riego,200201,Tonelada,5060000,Aguacate,120.75,120.75,0.0,1273.91,10.55,18778.49,23922157.15
2024,20,Oaxaca,430,Santa María Tataltepec,104.0,Huajuapan de León,4.0,Tlaxiaco,3,Perennes,1,Riego,200201,Tonelada,5060000,Aguacate,11.0,4.0,0.0,20.68,5.17,21592.34,446529.59
2024,20,Oaxaca,431,Santa María Tecomavaca,109.0,Cañada,1.0,Teotitlán de Flores Magón,3,Perennes,1,Riego,200201,Tonelada,5060000,Aguacate,15.25,15.25,0.0,92.72,6.08,11223.47,1040640.14
2024,20,Oaxaca,431,Santa María Tecomavaca,109.0,Cañada,1.0,Teotitlán de Flores Magón,3,Perennes,2,Temporal,200201,Tonelada,5060000,Aguacate,6.0,6.0,0.0,21.42,3.57,11287.42,241776.54
2024,20,Oaxaca,432,Santa María Temaxcalapa,108.0,Sierra Juárez,2.0,Villa Alta,3,Perennes,2,Temporal,200201,Tonelada,5060000,Aguacate,1.0,1.0,0.0,4.12,4.12,13493.24,55592.15
2024,20,Oaxaca,434,Santa María Teopoxco,109.0,Cañada,1.0,Teotitlán de Flores Magón,3,Perennes,1,Riego,200201,Tonelada,5060000,Aguacate,9.4,5.5,0.0,27.39,4.98,21698.67,594326.57
2024,20,Oaxaca,434,Santa María Teopoxco,109.0,Cañada,1.0,Teotitlán de Flores Magón,3,Perennes,2,Temporal,200201,Tonelada,5060000,Aguacate,22.0,22.0,0.0,80.3,3.65,11515.22,924672.17
2024,20,Oaxaca,434,Santa María Teopoxco,109.0,Cañada,1.0,Teotitlán de Flores Magón,3,Perennes,2,Temporal,200201,Tonelada,5060000,Aguacate,114.0,109.0,0.0,298.66,2.74,20040.76,5985373.38
2024,20,Oaxaca,435,Santa María Tepantlali,108.0,Sierra Juárez,3.0,Ayutla/Mixe,3,Perennes,2,Temporal,200201,Tonelada,5060000,Aguacate,7.05,4.05,0.0,9.03,2.23,35462.5,320226.38
2024,20,Oaxaca,435,Santa María Tepantlali,108.0,Sierra Juárez,3.0,Ayutla/Mixe,3,Perennes,2,Temporal,200201,Tonelada,5060000,Aguacate,15.25,15.25,0.0,63.29,4.15,15102.46,955834.69
2024,20,Oaxaca,436,Santa María Texcatitlán,109.0,Cañada,2.0,Cuicatlán,3,Perennes,2,Temporal,200201,Tonelada,5060000,Aguacate,33.75,23.0,0.0,53.82,2.34,19685.53,1059475.22
2024,20,Oaxaca,437,Santa María Tlahuitoltepec,108.0,Sierra Juárez,3.0,Ayutla/Mixe,3,Perennes,2,Temporal,200201,Tonelada,5060000,Aguacate,6.2,6.2,0.0,25.3,4.08,15169.83,383796.7
2024,20,Oaxaca,437,Santa María Tlahuitoltepec,108.0,Sierra Juárez,3.0,Ayutla/Mixe,3,Perennes,2,Temporal,200201,Tonelada,5060000,Aguacate,13.55,11.5,0.0,23.92,2.08,36104.97,863630.88
2024,20,Oaxaca,438,Santa María Tlalixtac,109.0,Cañada,2.0,Cuicatlán,3,Perennes,2,Temporal,200201,Tonelada,5060000,Aguacate,2.0,2.0,0.0,6.8,3.4,11468.91,77988.59
2024,20,Oaxaca,438,Santa María Tlalixtac,109.0,Cañada,2.0,Cuicatlán,3,Perennes,2,Temporal,200201,Tonelada,5060000,Aguacate,29.5,22.75,0.0,60.97,2.68,19858.6,1210778.84
2024,20,Oaxaca,445,Santa María Yosoyúa,104.0,Huajuapan de León,4.0,Tlaxiaco,3,Perennes,1,Riego,200201,Tonelada,5060000,Aguacate,10.0,4.0,0.0,32.12,8.03,8565.33,275118.38
2024,20,Oaxaca,446,Santa María Yucuhiti,104.0,Huajuapan de León,4.0,Tlaxiaco,3,Perennes,1,Riego,200201,Tonelada,5060000,Aguacate,4.0,2.0,0.0,11.4,5.7,22014.0,250959.6
2024,20,Oaxaca,448,Santa María Zaniza,105.0,Valles Centrales,4.0,Sola de Vega,3,Perennes,1,Riego,200201,Tonelada,5060000,Aguacate,10.5,6.25,0.0,46.13,7.38,22300.66,1028617.81
2024,20,Oaxaca,451,Santiago Apoala,104.0,Huajuapan de León,3.0,Nochixtlán,3,Perennes,1,Riego,200201,Tonelada,5060000,Aguacate,2.5,1.8,0.0,10.44,5.8,32033.66,334431.41
2024,20,Oaxaca,454,Santiago Atitlán,108.0,Sierra Juárez,3.0,Ayutla/Mixe,3,Perennes,2,Temporal,200201,Tonelada,5060000,Aguacate,4.0,4.0,0.0,8.64,2.16,34901.42,301548.27
2024,20,Oaxaca,457,Santiago Camotlán,108.0,Sierra Juárez,2.0,Villa Alta,3,Perennes,2,Temporal,200201,Tonelada,5060000,Aguacate,5.1,5.1,0.0,20.04,3.93,13639.48,273335.18
2024,20,Oaxaca,458,Santiago Comaltepec,108.0,Sierra Juárez,1.0,Ixtlán,3,Perennes,2,Temporal,200201,Tonelada,5060000,Aguacate,5.5,5.3,0.0,12.56,2.37,34741.76,436356.51
2024,20,Oaxaca,462,Santiago Huajolotitlán,104.0,Huajuapan de León,1.0,Huajuapan,3,Perennes,1,Riego,200201,Tonelada,5060000,Aguacate,1.7,1.7,0.0,10.46,6.15,18357.36,191926.15
2024,20,Oaxaca,469,Santiago Juxtlahuaca,104.0,Huajuapan de León,1.0,Huajuapan,3,Perennes,1,Riego,200201,Tonelada,5060000,Aguacate,10.0,7.0,0.0,42.56,6.08,18648.62,793685.27
2024,20,Oaxaca,473,Santiago Laxopa,108.0,Sierra Juárez,1.0,Ixtlán,3,Perennes,2,Temporal,200201,Tonelada,5060000,Aguacate,10.0,10.0,0.0,40.0,4.0,14006.27,560250.8
2024,20,Oaxaca,475,Santiago Matatlán,105.0,Valles Centrales,2.0,Tlacolula,3,Perennes,1,Riego,200201,Tonelada,5060000,Aguacate,13.0,3.5,0.0,27.13,7.75,22902.03,621332.07
2024,20,Oaxaca,476,Santiago Miltepec,104.0,Huajuapan de León,1.0,Huajuapan,3,Perennes,1,Riego,200201,Tonelada,5060000,Aguacate,0.8,0.8,0.0,4.67,5.84,19550.23,91299.57
2024,20,Oaxaca,477,Santiago Minas,105.0,Valles Centrales,4.0,Sola de Vega,3,Perennes,1,Riego,200201,Tonelada,5060000,Aguacate,2.0,2.0,0.0,15.04,7.52,22253.7,334695.65
2024,20,Oaxaca,478,Santiago Nacaltepec,109.0,Cañada,2.0,Cuicatlán,3,Perennes,2,Temporal,200201,Tonelada,5060000,Aguacate,6.0,6.0,0.0,24.78,4.13,11478.22,284430.29
2024,20,Oaxaca,478,Santiago Nacaltepec,109.0,Cañada,2.0,Cuicatlán,3,Perennes,2,Temporal,200201,Tonelada,5060000,Aguacate,68.0,59.0,0.0,156.35,2.65,19941.17,3117801.93
2024,20,Oaxaca,483,Santiago Suchilquitongo,105.0,Valles Centrales,1.0,Etla,3,Perennes,1,Riego,200201,Tonelada,5060000,Aguacate,10.5,9.0,0.0,72.54,8.06,22599.16,1639343.07
2024,20,Oaxaca,487,Santiago Tenango,105.0,Valles Centrales,1.0,Etla,3,Perennes,1,Riego,200201,Tonelada,5060000,Aguacate,2.5,0.0,0.0,0.0,,,0.0
2024,20,Oaxaca,490,Santiago Texcalcingo,109.0,Cañada,1.0,Teotitlán de Flores Magón,3,Perennes,1,Riego,200201,Tonelada,5060000,Aguacate,23.75,20.3,0.0,102.72,5.06,21599.33,2218683.18
2024,20,Oaxaca,490,Santiago Texcalcingo,109.0,Cañada,1.0,Teotitlán de Flores Magón,3,Perennes,2,Temporal,200201,Tonelada,5060000,Aguacate,32.0,32.0,0.0,118.72,3.71,11457.85,1360275.95
2024,20,Oaxaca,490,Santiago Texcalcingo,109.0,Cañada,1.0,Teotitlán de Flores Magón,3,Perennes,2,Temporal,200201,Tonelada,5060000,Aguacate,233.5,227.5,0.0,643.83,2.83,20037.14,12900511.85
2024,20,Oaxaca,491,Santiago Textitlán,105.0,Valles Centrales,4.0,Sola de Vega,3,Perennes,1,Riego,200201,Tonelada,5060000,Aguacate,17.75,13.0,0.0,95.68,7.36,21993.51,2104339.04
2024,20,Oaxaca,495,Santiago Xanica,105.0,Valles Centrales,3.0,Miahuatlán,3,Perennes,1,Riego,200201,Tonelada,5060000,Aguacate,3.5,3.15,0.0,21.11,6.7,30342.5,640530.18
2024,20,Oaxaca,496,Santiago Xiacuí,108.0,Sierra Juárez,1.0,Ixtlán,3,Perennes,2,Temporal,200201,Tonelada,5060000,Aguacate,2.0,2.0,0.0,9.4,4.7,13915.77,130808.24
2024,20,Oaxaca,500,Santiago Yosondúa,104.0,Huajuapan de León,4.0,Tlaxiaco,3,Perennes,1,Riego,200201,Tonelada,5060000,Aguacate,15.0,8.0,0.0,36.24,4.53,22214.19,805042.25
2024,20,Oaxaca,501,Santiago Yucuyachi,104.0,Huajuapan de León,1.0,Huajuapan,3,Perennes,1,Riego,200201,Tonelada,5060000,Aguacate,2.0,2.0,0.0,11.94,5.97,18426.14,220008.11
2024,20,Oaxaca,502,Santiago Zacatepec,108.0,Sierra Juárez,3.0,Ayutla/Mixe,3,Perennes,2,Temporal,200201,Tonelada,5060000,Aguacate,4.0,4.0,0.0,8.88,2.22,29528.26,262210.95
2024,20,Oaxaca,504,Nuevo Zoquiápam,108.0,Sierra Juárez,1.0,Ixtlán,3,Perennes,2,Temporal,200201,Tonelada,5060000,Aguacate,6.0,6.0,0.0,23.88,3.98,13985.28,333968.49
2024,20,Oaxaca,510,Santo Domingo Ixcatlán,104.0,Huajuapan de León,4.0,Tlaxiaco,3,Perennes,1,Riego,200201,Tonelada,5060000,Aguacate,5.0,3.0,0.0,13.98,4.66,22041.47,308139.75
2024,20,Oaxaca,512,Santo Domingo Ozolotepec,105.0,Valles Centrales,3.0,Miahuatlán,3,Perennes,1,Riego,200201,Tonelada,5060000,Aguacate,5.9,4.7,0.0,31.73,6.75,29501.56,936084.5
2024,20,Oaxaca,516,Santo Domingo Teojomulco,105.0,Valles Centrales,4.0,Sola de Vega,3,Perennes,1,Riego,200201,Tonelada,5060000,Aguacate,3.5,2.0,0.0,14.8,7.4,22388.33,331347.28
2024,20,Oaxaca,517,Santo Domingo Tepuxtepec,108.0,Sierra Juárez,3.0,Ayutla/Mixe,3,Perennes,2,Temporal,200201,Tonelada,5060000,Aguacate,23.11,15.11,0.0,32.18,2.13,35518.88,1142997.56
2024,20,Oaxaca,517,Santo Domingo Tepuxtepec,108.0,Sierra Juárez,3.0,Ayutla/Mixe,3,Perennes,2,Temporal,200201,Tonelada,5060000,Aguacate,50.0,50.0,0.0,211.0,4.22,15161.48,3199072.28
2024,20,Oaxaca,520,Santo Domingo Tonalá,104.0,Huajuapan de León,1.0,Huajuapan,3,Perennes,1,Riego,200201,Tonelada,5060000,Aguacate,16.8,15.0,0.0,99.6,6.64,18694.82,1862004.07
2024,20,Oaxaca,522,Santo Domingo Xagacía,108.0,Sierra Juárez,2.0,Villa Alta,3,Perennes,2,Temporal,200201,Tonelada,5060000,Aguacate,1.0,1.0,0.0,4.37,4.37,13556.6,59242.34
2024,20,Oaxaca,527,Santos Reyes Pápalo,109.0,Cañada,2.0,Cuicatlán,3,Perennes,2,Temporal,200201,Tonelada,5060000,Aguacate,7.0,7.0,0.0,24.64,3.52,11455.53,282264.26
2024,20,Oaxaca,527,Santos Reyes Pápalo,109.0,Cañada,2.0,Cuicatlán,3,Perennes,2,Temporal,200201,Tonelada,5060000,Aguacate,41.5,34.0,0.0,91.46,2.69,20370.42,1863078.61
2024,20,Oaxaca,533,Santo Tomás Tamazulapan,105.0,Valles Centrales,3.0,Miahuatlán,3,Perennes,1,Riego,200201,Tonelada,5060000,Aguacate,13.3,10.3,0.0,77.87,7.56,30068.13,2341405.28
2024,20,Oaxaca,537,Silacayoápam,104.0,Huajuapan de León,1.0,Huajuapan,3,Perennes,1,Riego,200201,Tonelada,5060000,Aguacate,10.0,8.0,0.0,49.12,6.14,18400.2,903817.82
2024,20,Oaxaca,540,Villa de Tamazulápam del Progreso,104.0,Huajuapan de León,2.0,Tamazulapan,3,Perennes,1,Riego,200201,Tonelada,5060000,Aguacate,38.8,25.5,0.0,224.4,8.8,19833.83,4450711.45
2024,20,Oaxaca,540,Villa de Tamazulápam del Progreso,104.0,Huajuapan de León,2.0,Tamazulapan,3,Perennes,1,Riego,200201,Tonelada,5060000,Aguacate,41.7,41.7,0.0,533.76,12.8,19749.27,10541370.36
2024,20,Oaxaca,541,Tanetze de Zaragoza,108.0,Sierra Juárez,2.0,Villa Alta,3,Perennes,2,Temporal,200201,Tonelada,5060000,Aguacate,2.1,2.1,0.0,8.72,4.15,13594.42,118475.41
2024,20,Oaxaca,544,Teococuilco de Marcos Pérez,108.0,Sierra Juárez,1.0,Ixtlán,3,Perennes,2,Temporal,200201,Tonelada,5060000,Aguacate,4.0,3.5,0.0,8.58,2.45,30413.75,260797.94
2024,20,Oaxaca,545,Teotitlán de Flores Magón,109.0,Cañada,1.0,Teotitlán de Flores Magón,3,Perennes,1,Riego,200201,Tonelada,5060000,Aguacate,10.0,10.0,0.0,56.2,5.62,11147.39,626483.32
2024,20,Oaxaca,545,Teotitlán de Flores Magón,109.0,Cañada,1.0,Teotitlán de Flores Magón,3,Perennes,2,Temporal,200201,Tonelada,5060000,Aguacate,5.0,3.0,0.0,10.11,3.37,20388.58,206128.54
2024,20,Oaxaca,545,Teotitlán de Flores Magón,109.0,Cañada,1.0,Teotitlán de Flores Magón,3,Perennes,2,Temporal,200201,Tonelada,5060000,Aguacate,8.0,8.0,0.0,28.4,3.55,11375.66,323068.74
2024,20,Oaxaca,549,"H. V. Tezoatlán de Segura y Luna, C. de la I.de O.",104.0,Huajuapan de León,1.0,Huajuapan,3,Perennes,1,Riego,200201,Tonelada,5060000,Aguacate,11.5,10.5,0.0,72.66,6.92,18265.66,1327182.86
2024,20,Oaxaca,554,Totontepec Villa de Morelos,108.0,Sierra Juárez,3.0,Ayutla/Mixe,3,Perennes,2,Temporal,200201,Tonelada,5060000,Aguacate,17.6,8.0,0.0,18.0,2.25,29394.07,529093.26
2024,20,Oaxaca,554,Totontepec Villa de Morelos,108.0,Sierra Juárez,3.0,Ayutla/Mixe,3,Perennes,2,Temporal,200201,Tonelada,5060000,Aguacate,20.35,20.35,0.0,84.86,4.17,15256.23,1294643.68
2024,20,Oaxaca,555,Trinidad Zaachila,105.0,Valles Centrales,1.0,Etla,3,Perennes,1,Riego,200201,Tonelada,5060000,Aguacate,24.0,16.0,0.0,143.52,8.97,22416.41,3217203.16
2024,20,Oaxaca,560,Villa Díaz Ordaz,105.0,Valles Centrales,2.0,Tlacolula,3,Perennes,1,Riego,200201,Tonelada,5060000,Aguacate,3.25,2.75,0.0,21.73,7.9,23359.3,507597.59
2024,20,Oaxaca,564,Yutanduchi de Guerrero,104.0,Huajuapan de León,3.0,Nochixtlán,3,Perennes,1,Riego,200201,Tonelada,5060000,Aguacate,5.48,5.4,0.0,31.0,5.74,31583.2,979079.2
2024,20,Oaxaca,565,Villa de Zaachila,105.0,Valles Centrales,1.0,Etla,3,Perennes,1,Riego,200201,Tonelada,5060000,Aguacate,34.5,27.0,0.0,247.86,9.18,22238.78,5512104.01
2024,21,Puebla,10,Ajalpan,118.0,Tehuacán,3.0,Sierra Negra,3,Perennes,2,Temporal,200201,Tonelada,5060000,Aguacate,11.5,8.5,0.0,67.15,7.9,20329.18,1365104.44
2024,21,Puebla,10,Ajalpan,118.0,Tehuacán,3.0,Sierra Negra,3,Perennes,2,Temporal,200201,Tonelada,5060000,Aguacate,12.5,9.75,0.0,73.13,7.5,16948.71,1239459.16
2024,21,Puebla,16,Aquixtla,112.0,Zacatlán,1.0,Zacatlán,3,Perennes,2,Temporal,200201,Tonelada,5060000,Aguacate,2.75,2.0,0.0,7.02,3.51,13000.0,91260.0
2024,21,Puebla,16,Aquixtla,112.0,Zacatlán,1.0,Zacatlán,3,Perennes,2,Temporal,200201,Tonelada,5060000,Aguacate,8.73,6.0,0.0,49.32,8.22,22162.37,1093048.09
2024,21,Puebla,17,Atempan,113.0,Teziutlán,2.0,Tlatlauquitepec,3,Perennes,2,Temporal,200201,Tonelada,5060000,Aguacate,26.0,26.0,0.0,146.9,5.65,14112.15,2073074.84
2024,21,Puebla,18,Atexcal,117.0,Tecamachalco,2.0,Tepexi de Rodríguez,3,Perennes,1,Riego,200201,Tonelada,5060000,Aguacate,3.0,2.0,0.0,21.3,10.65,19980.51,425584.86
2024,21,Puebla,18,Atexcal,117.0,Tecamachalco,2.0,Tepexi de Rodríguez,3,Perennes,1,Riego,200201,Tonelada,5060000,Aguacate,10.8,10.8,0.0,105.08,9.73,18357.42,1928997.69
2024,21,Puebla,19,Atlixco,115.0,Cholula,1.0,Atlixco,3,Perennes,1,Riego,200201,Tonelada,5060000,Aguacate,13.8,13.8,0.0,117.02,8.48,5299.82,620206.0
2024,21,Puebla,19,Atlixco,115.0,Cholula,1.0,Atlixco,3,Perennes,1,Riego,200201,Tonelada,5060000,Aguacate,55.0,45.0,0.0,391.05,8.69,7328.07,2865641.77
2024,21,Puebla,19,Atlixco,115.0,Cholula,1.0,Atlixco,3,Perennes,1,Riego,200201,Tonelada,5060000,Aguacate,102.0,65.0,0.0,796.9,12.26,15465.34,12324329.45
2024,21,Puebla,19,Atlixco,115.0,Cholula,1.0,Atlixco,3,Perennes,2,Temporal,200201,Tonelada,5060000,Aguacate,4.0,0.0,0.0,0.0,,,0.0
2024,21,Puebla,19,Atlixco,115.0,Cholula,1.0,Atlixco,3,Perennes,2,Temporal,200201,Tonelada,5060000,Aguacate,5.8,5.8,0.0,33.99,5.86,5061.48,172029.51
2024,21,Puebla,19,Atlixco,115.0,Cholula,1.0,Atlixco,3,Perennes,2,Temporal,200201,Tonelada,5060000,Aguacate,60.0,30.0,0.0,264.0,8.8,18600.0,4910400.0
2024,21,Puebla,26,Calpan,115.0,Cholula,3.0,Texmelucan,3,Perennes,2,Temporal,200201,Tonelada,5060000,Aguacate,6.0,4.0,0.0,27.0,6.75,20300.0,548100.0
2024,21,Puebla,27,Caltepec,118.0,Tehuacán,1.0,San Lorenzo,3,Perennes,2,Temporal,200201,Tonelada,5060000,Aguacate,15.0,11.0,0.0,78.1,7.1,15255.04,1191418.62
2024,21,Puebla,33,Cohuecan,116.0,Izúcar de Matamoros,5.0,Tepexco,3,Perennes,2,Temporal,200201,Tonelada,5060000,Aguacate,20.0,15.0,0.0,138.0,9.2,11102.46,1532139.48
2024,21,Puebla,35,Coxcatlán,118.0,Tehuacán,2.0,La Cañada Poblana,3,Perennes,2,Temporal,200201,Tonelada,5060000,Aguacate,3.9,3.9,0.0,34.32,8.8,18973.28,651162.97
2024,21,Puebla,35,Coxcatlán,118.0,Tehuacán,2.0,La Cañada Poblana,3,Perennes,2,Temporal,200201,Tonelada,5060000,Aguacate,7.5,4.5,0.0,33.53,7.45,15055.79,504745.2
2024,21,Puebla,36,Coyomeapan,118.0,Tehuacán,2.0,La Cañada Poblana,3,Perennes,2,Temporal,200201,Tonelada,5060000,Aguacate,11.0,7.0,0.0,49.0,7.0,15593.93,764102.57
2024,21,Puebla,39,Cuautempan,112.0,Zacatlán,1.0,Zacatlán,3,Perennes,2,Temporal,200201,Tonelada,5060000,Aguacate,21.63,20.8,0.0,70.72,3.4,12900.0,912288.0
2024,21,Puebla,39,Cuautempan,112.0,Zacatlán,1.0,Zacatlán,3,Perennes,2,Temporal,200201,Tonelada,5060000,Aguacate,267.38,50.0,0.0,432.0,8.64,22287.96,9628398.72
2024,21,Puebla,46,Chapulco,118.0,Tehuacán,1.0,San Lorenzo,3,Perennes,2,Temporal,200201,Tonelada,5060000,Aguacate,2.0,1.0,0.0,7.56,7.56,19560.0,147873.6
2024,21,Puebla,46,Chapulco,118.0,Tehuacán,1.0,San Lorenzo,3,Perennes,2,Temporal,200201,Tonelada,5060000,Aguacate,4.9,4.9,0.0,33.81,6.9,16479.44,557169.87
2024,21,Puebla,50,Chichiquila,114.0,Libres,2.0,Guadalupe Victoria,3,Perennes,2,Temporal,200201,Tonelada,5060000,Aguacate,34.5,27.5,0.0,198.28,7.21,9907.53,1964415.48
2024,21,Puebla,50,Chichiquila,114.0,Libres,2.0,Guadalupe Victoria,3,Perennes,2,Temporal,200201,Tonelada,5060000,Aguacate,217.0,193.0,0.0,1875.96,9.72,18982.78,35610935.97
2024,21,Puebla,54,Chignautla,113.0,Teziutlán,2.0,Tlatlauquitepec,3,Perennes,2,Temporal,200201,Tonelada,5060000,Aguacate,15.75,9.5,0.0,79.8,8.4,15689.72,1252039.66
2024,21,Puebla,54,Chignautla,113.0,Teziutlán,2.0,Tlatlauquitepec,3,Perennes,2,Temporal,200201,Tonelada,5060000,Aguacate,23.75,23.75,0.0,134.66,5.67,13453.46,1811676.59
2024,21,Puebla,55,Chila,116.0,Izúcar de Matamoros,4.0,Acatlán,3,Perennes,1,Riego,200201,Tonelada,5060000,Aguacate,0.9,0.9,0.0,5.88,6.53,7600.0,44688.0
2024,21,Puebla,58,Chilchotla,114.0,Libres,2.0,Guadalupe Victoria,3,Perennes,2,Temporal,200201,Tonelada,5060000,Aguacate,40.0,26.0,0.0,184.34,7.09,10893.17,2008046.96
2024,21,Puebla,58,Chilchotla,114.0,Libres,2.0,Guadalupe Victoria,3,Perennes,2,Temporal,200201,Tonelada,5060000,Aguacate,66.0,48.0,0.0,445.92,9.29,18731.05,8352549.82
2024,21,Puebla,69,Huaquechula,115.0,Cholula,1.0,Atlixco,3,Perennes,1,Riego,200201,Tonelada,5060000,Aguacate,30.0,15.0,0.0,169.05,11.27,20512.02,3467556.98
2024,21,Puebla,69,Huaquechula,115.0,Cholula,1.0,Atlixco,3,Perennes,1,Riego,200201,Tonelada,5060000,Aguacate,34.0,34.0,0.0,359.04,10.56,5327.86,1912914.85
2024,21,Puebla,69,Huaquechula,115.0,Cholula,1.0,Atlixco,3,Perennes,2,Temporal,200201,Tonelada,5060000,Aguacate,6.0,0.0,0.0,0.0,,,0.0
2024,21,Puebla,69,Huaquechula,115.0,Cholula,1.0,Atlixco,3,Perennes,2,Temporal,200201,Tonelada,5060000,Aguacate,8.0,8.0,0.0,52.0,6.5,4881.73,253849.96
2024,21,Puebla,74,Huejotzingo,115.0,Cholula,3.0,Texmelucan,3,Perennes,2,Temporal,200201,Tonelada,5060000,Aguacate,7.0,0.0,0.0,0.0,,,0.0
2024,21,Puebla,75,Hueyapan,113.0,Teziutlán,2.0,Tlatlauquitepec,3,Perennes,2,Temporal,200201,Tonelada,5060000,Aguacate,86.0,84.0,0.0,475.44,5.66,14090.05,6698973.37
2024,21,Puebla,85,Izúcar de Matamoros,116.0,Izúcar de Matamoros,1.0,Izúcar de Matamoros,3,Perennes,1,Riego,200201,Tonelada,5060000,Aguacate,9.45,9.2,0.0,99.82,10.85,15024.95,1499790.51
2024,21,Puebla,85,Izúcar de Matamoros,116.0,Izúcar de Matamoros,1.0,Izúcar de Matamoros,3,Perennes,2,Temporal,200201,Tonelada,5060000,Aguacate,9.0,9.0,0.0,81.99,9.11,18520.0,1518454.8
2024,21,Puebla,98,Molcaxac,117.0,Tecamachalco,2.0,Tepexi de Rodríguez,3,Perennes,1,Riego,200201,Tonelada,5060000,Aguacate,2.0,1.0,0.0,9.9,9.9,20227.98,200257.0
2024,21,Puebla,98,Molcaxac,117.0,Tecamachalco,2.0,Tepexi de Rodríguez,3,Perennes,1,Riego,200201,Tonelada,5060000,Aguacate,2.0,2.0,0.0,18.0,9.0,17567.91,316222.38
2024,21,Puebla,102,Nealtican,115.0,Cholula,3.0,Texmelucan,3,Perennes,1,Riego,200201,Tonelada,5060000,Aguacate,2.29,2.29,0.0,16.99,7.42,6499.31,110435.0
2024,21,Puebla,102,Nealtican,115.0,Cholula,3.0,Texmelucan,3,Perennes,1,Riego,200201,Tonelada,5060000,Aguacate,3.0,1.0,0.0,8.88,8.88,19200.0,170496.0
2024,21,Puebla,112,Petlalcingo,116.0,Izúcar de Matamoros,4.0,Acatlán,3,Perennes,1,Riego,200201,Tonelada,5060000,Aguacate,0.9,0.9,0.0,5.94,6.6,7900.0,46926.0
2024,21,Puebla,112,Petlalcingo,116.0,Izúcar de Matamoros,4.0,Acatlán,3,Perennes,1,Riego,200201,Tonelada,5060000,Aguacate,1.0,0.0,0.0,0.0,,,0.0
2024,21,Puebla,116,Quimixtlán,114.0,Libres,2.0,Guadalupe Victoria,3,Perennes,2,Temporal,200201,Tonelada,5060000,Aguacate,37.0,32.0,0.0,241.92,7.56,11106.38,2686855.45
2024,21,Puebla,116,Quimixtlán,114.0,Libres,2.0,Guadalupe Victoria,3,Perennes,2,Temporal,200201,Tonelada,5060000,Aguacate,960.0,835.0,0.0,9043.05,10.83,18762.59,169671039.5
2024,21,Puebla,119,San Andrés Cholula,115.0,Cholula,3.0,Texmelucan,3,Perennes,1,Riego,200201,Tonelada,5060000,Aguacate,3.0,0.0,0.0,0.0,,,0.0
2024,21,Puebla,119,San Andrés Cholula,115.0,Cholula,3.0,Texmelucan,3,Perennes,1,Riego,200201,Tonelada,5060000,Aguacate,6.2,6.2,0.0,54.99,8.87,6072.5,333950.97
2024,21,Puebla,126,San Jerónimo Tecuanipan,115.0,Cholula,3.0,Texmelucan,3,Perennes,2,Temporal,200201,Tonelada,5060000,Aguacate,1.0,0.0,0.0,0.0,,,0.0
2024,21,Puebla,126,San Jerónimo Tecuanipan,115.0,Cholula,3.0,Texmelucan,3,Perennes,2,Temporal,200201,Tonelada,5060000,Aguacate,5.0,5.0,0.0,25.0,5.0,6900.0,172500.0
2024,21,Puebla,148,Santa Isabel Cholula,115.0,Cholula,1.0,Atlixco,3,Perennes,1,Riego,200201,Tonelada,5060000,Aguacate,15.0,9.0,0.0,109.8,12.2,19312.6,2120523.48
2024,21,Puebla,156,Tehuacán,118.0,Tehuacán,1.0,San Lorenzo,3,Perennes,2,Temporal,200201,Tonelada,5060000,Aguacate,3.0,3.0,0.0,18.9,6.3,15004.13,283578.06
2024,21,Puebla,164,Tepeaca,115.0,Cholula,2.0,Tepeaca,3,Perennes,2,Temporal,200201,Tonelada,5060000,Aguacate,11.55,4.55,0.0,37.99,8.35,18437.16,700473.68
2024,21,Puebla,169,Tepexi de Rodríguez,117.0,Tecamachalco,2.0,Tepexi de Rodríguez,3,Perennes,1,Riego,200201,Tonelada,5060000,Aguacate,22.0,21.0,0.0,229.95,10.95,20261.55,4659143.42
2024,21,Puebla,169,Tepexi de Rodríguez,117.0,Tecamachalco,2.0,Tepexi de Rodríguez,3,Perennes,1,Riego,200201,Tonelada,5060000,Aguacate,66.0,66.0,0.0,644.82,9.77,17869.0,11522288.58
2024,21,Puebla,172,Tetela de Ocampo,112.0,Zacatlán,1.0,Zacatlán,3,Perennes,2,Temporal,200201,Tonelada,5060000,Aguacate,15.2,8.85,0.0,57.61,6.51,22199.82,1278931.63
2024,21,Puebla,172,Tetela de Ocampo,112.0,Zacatlán,1.0,Zacatlán,3,Perennes,2,Temporal,200201,Tonelada,5060000,Aguacate,37.19,34.19,0.0,125.82,3.68,13000.0,1635660.0
2024,21,Puebla,173,Teteles de Avila Castillo,113.0,Teziutlán,2.0,Tlatlauquitepec,3,Perennes,2,Temporal,200201,Tonelada,5060000,Aguacate,15.5,15.0,0.0,85.05,5.67,13674.88,1163048.54
2024,21,Puebla,174,Teziutlán,113.0,Teziutlán,2.0,Tlatlauquitepec,3,Perennes,2,Temporal,200201,Tonelada,5060000,Aguacate,83.0,82.0,0.0,464.94,5.67,13530.56,6290898.57
2024,21,Puebla,174,Teziutlán,113.0,Teziutlán,2.0,Tlatlauquitepec,3,Perennes,2,Temporal,200201,Tonelada,5060000,Aguacate,97.0,86.0,0.0,603.72,7.02,16815.58,10151901.96
2024,21,Puebla,175,Tianguismanalco,115.0,Cholula,1.0,Atlixco,3,Perennes,1,Riego,200201,Tonelada,5060000,Aguacate,9.0,9.0,0.0,70.02,7.78,5150.0,360603.0
2024,21,Puebla,175,Tianguismanalco,115.0,Cholula,1.0,Atlixco,3,Perennes,1,Riego,200201,Tonelada,5060000,Aguacate,12.0,8.0,0.0,88.0,11.0,19128.0,1683264.0
2024,21,Puebla,175,Tianguismanalco,115.0,Cholula,1.0,Atlixco,3,Perennes,2,Temporal,200201,Tonelada,5060000,Aguacate,5.0,5.0,0.0,31.0,6.2,4800.0,148800.0
2024,21,Puebla,186,Tlatlauquitepec,113.0,Teziutlán,2.0,Tlatlauquitepec,3,Perennes,2,Temporal,200201,Tonelada,5060000,Aguacate,20.25,14.0,0.0,90.3,6.45,16232.34,1465780.3
2024,21,Puebla,186,Tlatlauquitepec,113.0,Teziutlán,2.0,Tlatlauquitepec,3,Perennes,2,Temporal,200201,Tonelada,5060000,Aguacate,82.5,80.0,0.0,464.0,5.8,13620.41,6319870.24
2024,21,Puebla,188,Tochimilco,115.0,Cholula,1.0,Atlixco,3,Perennes,1,Riego,200201,Tonelada,5060000,Aguacate,33.0,31.0,0.0,268.15,8.65,8837.87,2369874.84
2024,21,Puebla,188,Tochimilco,115.0,Cholula,1.0,Atlixco,3,Perennes,1,Riego,200201,Tonelada,5060000,Aguacate,103.0,103.0,0.0,1033.09,10.03,5402.98,5581764.61
2024,21,Puebla,188,Tochimilco,115.0,Cholula,1.0,Atlixco,3,Perennes,1,Riego,200201,Tonelada,5060000,Aguacate,177.0,167.0,0.0,1857.04,11.12,16911.07,31404533.43
2024,21,Puebla,195,Vicente Guerrero,118.0,Tehuacán,3.0,Sierra Negra,3,Perennes,2,Temporal,200201,Tonelada,5060000,Aguacate,10.45,7.25,0.0,43.5,6.0,16101.07,700396.55
2024,21,Puebla,199,Xiutetelco,113.0,Teziutlán,2.0,Tlatlauquitepec,3,Perennes,2,Temporal,200201,Tonelada,5060000,Aguacate,29.25,23.5,0.0,173.2,7.37,16304.62,2823960.18
2024,21,Puebla,199,Xiutetelco,113.0,Teziutlán,2.0,Tlatlauquitepec,3,Perennes,2,Temporal,200201,Tonelada,5060000,Aguacate,72.25,71.0,0.0,409.67,5.77,13611.21,5576104.4
2024,21,Puebla,200,Xochiapulco,113.0,Teziutlán,1.0,Zacapoaxtla,3,Perennes,2,Temporal,200201,Tonelada,5060000,Aguacate,13.5,12.5,0.0,70.5,5.64,14019.71,988389.56
2024,21,Puebla,200,Xochiapulco,113.0,Teziutlán,1.0,Zacapoaxtla,3,Perennes,2,Temporal,200201,Tonelada,5060000,Aguacate,41.5,30.0,0.0,240.0,8.0,15853.33,3804799.2
2024,21,Puebla,204,Yaonáhuac,113.0,Teziutlán,2.0,Tlatlauquitepec,3,Perennes,2,Temporal,200201,Tonelada,5060000,Aguacate,28.5,28.0,0.0,162.12,5.79,13830.52,2242203.9
2024,21,Puebla,204,Yaonáhuac,113.0,Teziutlán,2.0,Tlatlauquitepec,3,Perennes,2,Temporal,200201,Tonelada,5060000,Aguacate,34.25,28.0,0.0,178.36,6.37,16208.39,2890928.44
2024,21,Puebla,206,Zacapala,117.0,Tecamachalco,2.0,Tepexi de Rodríguez,3,Perennes,1,Riego,200201,Tonelada,5060000,Aguacate,42.8,42.8,0.0,439.13,10.26,17841.03,7834531.5
2024,21,Puebla,206,Zacapala,117.0,Tecamachalco,2.0,Tepexi de Rodríguez,3,Perennes,1,Riego,200201,Tonelada,5060000,Aguacate,55.0,54.0,0.0,624.24,11.56,20104.6,12550095.5
2024,21,Puebla,207,Zacapoaxtla,113.0,Teziutlán,1.0,Zacapoaxtla,3,Perennes,2,Temporal,200201,Tonelada,5060000,Aguacate,23.8,22.8,0.0,143.64,6.3,14153.32,2032982.88
2024,21,Puebla,207,Zacapoaxtla,113.0,Teziutlán,1.0,Zacapoaxtla,3,Perennes,2,Temporal,200201,Tonelada,5060000,Aguacate,76.0,59.5,0.0,476.0,8.0,15542.02,7398001.52
2024,21,Puebla,208,Zacatlán,112.0,Zacatlán,1.0,Zacatlán,3,Perennes,2,Temporal,200201,Tonelada,5060000,Aguacate,28.13,26.05,0.0,96.39,3.7,13200.0,1272348.0
2024,21,Puebla,208,Zacatlán,112.0,Zacatlán,1.0,Zacatlán,3,Perennes,2,Temporal,200201,Tonelada,5060000,Aguacate,40.22,16.5,0.0,148.83,9.02,22101.47,3289361.78
2024,21,Puebla,209,Zapotitlán,118.0,Tehuacán,1.0,San Lorenzo,3,Perennes,2,Temporal,200201,Tonelada,5060000,Aguacate,4.0,3.0,0.0,18.6,6.2,16102.69,299510.03
2024,21,Puebla,212,Zautla,113.0,Teziutlán,2.0,Tlatlauquitepec,3,Perennes,2,Temporal,200201,Tonelada,5060000,Aguacate,11.75,11.0,0.0,64.68,5.88,13886.85,898201.46
2024,21,Puebla,217,Zoquitlán,118.0,Tehuacán,2.0,La Cañada Poblana,3,Perennes,2,Temporal,200201,Tonelada,5060000,Aguacate,5.0,5.0,0.0,27.5,5.5,14953.99,411234.73
2024,21,Puebla,217,Zoquitlán,118.0,Tehuacán,2.0,La Cañada Poblana,3,Perennes,2,Temporal,200201,Tonelada,5060000,Aguacate,21.0,11.0,0.0,88.0,8.0,19550.01,1720400.88
2024,22,Querétaro,2,Pinal de Amoles,119.0,Jalpan,3.0,Pinal de Amoles,3,Perennes,1,Riego,200201,Tonelada,5060000,Aguacate,20.0,20.0,0.0,72.0,3.6,23436.9,1687456.8
2024,22,Querétaro,4,Cadereyta de Montes,120.0,Cadereyta,1.0,Cadereyta,3,Perennes,1,Riego,200201,Tonelada,5060000,Aguacate,43.0,36.5,0.0,224.48,6.15,18435.5,4138401.04
2024,22,Querétaro,9,Jalpan de Serra,119.0,Jalpan,2.0,Purísima de Arista,3,Perennes,1,Riego,200201,Tonelada,5060000,Aguacate,8.0,8.0,0.0,24.4,3.05,23615.0,576206.0
2024,22,Querétaro,13,Peñamiller,120.0,Cadereyta,3.0,Tolimán,3,Perennes,1,Riego,200201,Tonelada,5060000,Aguacate,37.0,35.0,0.0,109.2,3.12,18432.66,2012846.47
2024,22,Querétaro,15,San Joaquín,120.0,Cadereyta,4.0,San Joaquín,3,Perennes,1,Riego,200201,Tonelada,5060000,Aguacate,38.0,28.0,0.0,89.6,3.2,18432.09,1651515.26
2024,22,Querétaro,18,Tolimán,120.0,Cadereyta,3.0,Tolimán,3,Perennes,1,Riego,200201,Tonelada,5060000,Aguacate,27.0,27.0,0.0,63.45,2.35,18430.5,1169415.23
2024,23,Quintana Roo,7,Lázaro Cárdenas,125.0,Cancún,1.0,Kantunilkín,3,Perennes,1,Riego,200201,Tonelada,5060000,Aguacate,6.5,6.5,0.0,36.27,5.58,10928.37,396371.98
2024,24,San Luis Potosí,6,Catorce,128.0,Matehuala,1.0,Cedral,3,Perennes,2,Temporal,200201,Tonelada,5060000,Aguacate,7.0,6.0,0.0,18.9,3.15,13225.88,249969.13
2024,24,San Luis Potosí,11,Ciudad Fernández,130.0,Ciudad Fernández,1.0,El Refugio,3,Perennes,1,Riego,200201,Tonelada,5060000,Aguacate,95.0,55.0,0.0,704.0,12.8,12067.69,8495653.76
2024,24,San Luis Potosí,47,Villa de Guadalupe,128.0,Matehuala,3.0,Villa de Guadalupe,3,Perennes,2,Temporal,200201,Tonelada,5060000,Aguacate,4.0,4.0,0.0,27.24,6.81,11700.0,318708.0
2024,24,San Luis Potosí,48,Villa de La Paz,128.0,Matehuala,3.0,Villa de Guadalupe,3,Perennes,2,Temporal,200201,Tonelada,5060000,Aguacate,1.0,1.0,0.0,3.05,3.05,10100.0,30805.0
2024,24,San Luis Potosí,54,Xilitla,131.0,Ciudad Valles,4.0,Tamazunchale,3,Perennes,2,Temporal,200201,Tonelada,5060000,Aguacate,41.0,33.0,0.0,172.59,5.23,23373.8,4034084.14
2024,25,Sinaloa,1,Ahome,133.0,Los Mochis,5.0,Higueras de Zar,3,Perennes,1,Riego,200201,Tonelada,5060000,Aguacate,31.71,10.0,0.0,90.0,9.0,20333.33,1829999.7
2024,25,Sinaloa,1,Ahome,133.0,Los Mochis,6.0,Ahome,3,Perennes,1,Riego,200201,Tonelada,5060000,Aguacate,15.12,13.0,0.0,117.0,9.0,16600.0,1942200.0
2024,25,Sinaloa,2,Angostura,135.0,Guamúchil,6.0,Angostura,3,Perennes,1,Riego,200201,Tonelada,5060000,Aguacate,2.0,2.0,0.0,27.7,13.85,17000.0,470900.0
2024,25,Sinaloa,4,Concordia,138.0,Mazatlán,2.0,Concordia,3,Perennes,1,Riego,200201,Tonelada,5060000,Aguacate,6.0,6.0,0.0,90.0,15.0,13000.0,1170000.0
2024,25,Sinaloa,4,Concordia,138.0,Mazatlán,2.0,Concordia,3,Perennes,1,Riego,200201,Tonelada,5060000,Aguacate,175.0,175.0,0.0,3237.5,18.5,16600.0,53742500.0
2024,25,Sinaloa,4,Concordia,138.0,Mazatlán,2.0,Concordia,3,Perennes,2,Temporal,200201,Tonelada,5060000,Aguacate,6.0,6.0,0.0,58.98,9.83,16600.0,979068.0
2024,25,Sinaloa,13,Mocorito,135.0,Guamúchil,6.0,Angostura,3,Perennes,1,Riego,200201,Tonelada,5060000,Aguacate,10.0,10.0,0.0,149.5,14.95,17000.0,2541500.0
2024,25,Sinaloa,16,San Ignacio,137.0,La Cruz,3.0,Coyotitán,3,Perennes,1,Riego,200201,Tonelada,5060000,Aguacate,120.0,100.0,0.0,1500.0,15.0,14500.0,21750000.0
2024,25,Sinaloa,18,Navolato,136.0,Culiacán,3.0,Navolato,3,Perennes,1,Riego,200201,Tonelada,5060000,Aguacate,24.0,16.0,0.0,164.0,10.25,8874.86,1455477.04
2024,25,Sinaloa,18,Navolato,136.0,Culiacán,4.0,Culiacán,3,Perennes,1,Riego,200201,Tonelada,5060000,Aguacate,2.5,2.5,0.0,27.55,11.02,10459.17,288150.13
2024,26,Sonora,12,Bácum,148.0,Cajeme,4.0,Pueblo Yaqui,3,Perennes,1,Riego,200201,Tonelada,5060000,Aguacate,387.0,0.0,0.0,0.0,,,0.0
2024,26,Sonora,26,Etchojoa,149.0,Navojoa,2.0,Etchojoa,3,Perennes,1,Riego,200201,Tonelada,5060000,Aguacate,6.0,6.0,0.0,94.02,15.67,35200.0,3309504.0
2024,26,Sonora,30,Hermosillo,144.0,Hermosillo,1.0,Carbó,3,Perennes,1,Riego,200201,Tonelada,5060000,Aguacate,7.8,0.0,0.0,0.0,,,0.0
2024,26,Sonora,33,Huatabampo,149.0,Navojoa,3.0,Huatabampo,3,Perennes,1,Riego,200201,Tonelada,5060000,Aguacate,8.0,8.0,0.0,128.0,16.0,35200.0,4505600.0
2024,26,Sonora,42,Navojoa,149.0,Navojoa,1.0,Navojoa,3,Perennes,1,Riego,200201,Tonelada,5060000,Aguacate,16.0,16.0,0.0,244.96,15.31,35000.0,8573600.0
2024,26,Sonora,72,San Ignacio Río Muerto,148.0,Cajeme,3.0,Bácum,3,Perennes,1,Riego,200201,Tonelada,5060000,Aguacate,15.5,0.0,0.0,0.0,,,0.0
2024,27,Tabasco,2,Cárdenas,151.0,Cárdenas,2.0,Cárdenas,3,Perennes,2,Temporal,200201,Tonelada,5060000,Aguacate,35.0,35.0,0.0,95.9,2.74,4373.83,419450.3
2024,27,Tabasco,3,Centla,150.0,Villahermosa,3.0,Centla,3,Perennes,2,Temporal,200201,Tonelada,5060000,Aguacate,22.0,22.0,0.0,202.84,9.22,4354.54,883274.89
2024,27,Tabasco,6,Cunduacán,151.0,Cárdenas,4.0,Cunduacán,3,Perennes,2,Temporal,200201,Tonelada,5060000,Aguacate,2.0,2.0,0.0,5.9,2.95,4372.66,25798.69
2024,28,Tamaulipas,17,Jaumave,161.0,Jaumave,1.0,Jaumave,3,Perennes,1,Riego,200201,Tonelada,5060000,Aguacate,26.0,1.5,0.0,15.5,10.33,18805.64,291393.34
2024,29,Tlaxcala,29,Tepeyanco,164.0,Tlaxcala,2.0,Zacatelco,3,Perennes,1,Riego,200201,Tonelada,5060000,Aguacate,28.0,28.0,0.0,221.2,7.9,27000.0,5972400.0
2024,30,Veracruz,8,Alpatláhuac,171.0,Fortín,6.0,Huatusco,3,Perennes,2,Temporal,200201,Tonelada,5060000,Aguacate,52.79,52.79,0.0,602.33,11.41,14408.27,8678533.27
2024,30,Veracruz,10,Altotonga,170.0,Coatepec,2.0,Perote,3,Perennes,2,Temporal,200201,Tonelada,5060000,Aguacate,171.0,171.0,0.0,1846.8,10.8,14614.5,26990058.6
2024,30,Veracruz,23,Atzalan,169.0,Martínez de la Torre,1.0,Martínez de La Torre,3,Perennes,2,Temporal,200201,Tonelada,5060000,Aguacate,90.0,90.0,0.0,1069.2,11.88,18934.81,20245098.85
2024,30,Veracruz,24,Tlaltetela,171.0,Fortín,6.0,Huatusco,3,Perennes,2,Temporal,200201,Tonelada,5060000,Aguacate,7.34,7.34,0.0,93.07,12.68,15568.07,1448920.27
2024,30,Veracruz,25,Ayahualulco,170.0,Coatepec,2.0,Perote,3,Perennes,2,Temporal,200201,Tonelada,5060000,Aguacate,25.0,25.0,0.0,250.0,10.0,14320.0,3580000.0
2024,30,Veracruz,29,Calcahualco,171.0,Fortín,6.0,Huatusco,3,Perennes,2,Temporal,200201,Tonelada,5060000,Aguacate,71.34,71.34,0.0,813.28,11.4,14371.44,11688004.72
2024,30,Veracruz,47,Coscomatepec,171.0,Fortín,6.0,Huatusco,3,Perennes,2,Temporal,200201,Tonelada,5060000,Aguacate,130.6,124.6,0.0,1576.19,12.65,15922.83,25097405.42
2024,30,Veracruz,71,Huatusco,171.0,Fortín,6.0,Huatusco,3,Perennes,2,Temporal,200201,Tonelada,5060000,Aguacate,98.43,90.43,0.0,1146.65,12.68,16111.15,18473850.15
2024,30,Veracruz,79,Ixhuacán de Los Reyes,170.0,Coatepec,1.0,Coatepec,3,Perennes,2,Temporal,200201,Tonelada,5060000,Aguacate,37.0,37.0,0.0,199.8,5.4,14625.07,2922088.99
2024,30,Veracruz,79,Ixhuacán de Los Reyes,170.0,Coatepec,2.0,Perote,3,Perennes,2,Temporal,200201,Tonelada,5060000,Aguacate,35.0,35.0,0.0,199.85,5.71,18500.0,3697225.0
2024,30,Veracruz,80,Ixhuatlán del Café,171.0,Fortín,6.0,Huatusco,3,Perennes,2,Temporal,200201,Tonelada,5060000,Aguacate,53.61,50.51,0.0,639.46,12.66,11504.94,7356948.93
2024,30,Veracruz,86,Jalacingo,170.0,Coatepec,2.0,Perote,3,Perennes,2,Temporal,200201,Tonelada,5060000,Aguacate,100.0,100.0,0.0,1295.0,12.95,14563.7,18859991.5
2024,30,Veracruz,92,Xico,170.0,Coatepec,1.0,Coatepec,3,Perennes,2,Temporal,200201,Tonelada,5060000,Aguacate,60.0,60.0,0.0,246.0,4.1,14692.71,3614406.66
2024,30,Veracruz,107,Las Minas,170.0,Coatepec,2.0,Perote,3,Perennes,2,Temporal,200201,Tonelada,5060000,Aguacate,6.0,6.0,0.0,66.0,11.0,21908.79,1445980.14
2024,30,Veracruz,137,Los Reyes,171.0,Fortín,4.0,Zongolica,3,Perennes,2,Temporal,200201,Tonelada,5060000,Aguacate,56.39,56.39,0.0,258.27,4.58,14344.48,3704748.85
2024,30,Veracruz,159,Tehuipango,171.0,Fortín,4.0,Zongolica,3,Perennes,2,Temporal,200201,Tonelada,5060000,Aguacate,5.22,5.22,0.0,23.86,4.57,14285.48,340851.55
2024,30,Veracruz,171,Texhuacán,171.0,Fortín,4.0,Zongolica,3,Perennes,2,Temporal,200201,Tonelada,5060000,Aguacate,7.3,7.3,0.0,33.51,4.59,14285.49,478706.77
2024,30,Veracruz,184,Tlaquilpa,171.0,Fortín,4.0,Zongolica,3,Perennes,2,Temporal,200201,Tonelada,5060000,Aguacate,7.21,7.21,0.0,33.02,4.58,14299.1,472156.28
2024,30,Veracruz,186,Tomatlán,171.0,Fortín,6.0,Huatusco,3,Perennes,2,Temporal,200201,Tonelada,5060000,Aguacate,4.12,4.12,0.0,52.2,12.67,15520.0,810144.0
2024,30,Veracruz,201,Zongolica,171.0,Fortín,4.0,Zongolica,3,Perennes,2,Temporal,200201,Tonelada,5060000,Aguacate,80.2,80.2,0.0,366.51,4.57,14313.98,5246216.81
2024,31,Yucatán,3,Akil,180.0,Ticul,2.0,Oxkutzcab,3,Perennes,1,Riego,200201,Tonelada,5060000,Aguacate,99.5,99.5,0.0,2786.0,28.0,10430.34,29058927.24
2024,31,Yucatán,10,Cantamayec,182.0,Valladolid,3.0,Sotuta,3,Perennes,1,Riego,200201,Tonelada,5060000,Aguacate,2.0,2.0,0.0,17.0,8.5,9754.12,165820.04
2024,31,Yucatán,25,Dzán,180.0,Ticul,2.0,Oxkutzcab,3,Perennes,1,Riego,200201,Tonelada,5060000,Aguacate,43.0,43.0,0.0,1204.0,28.0,10468.73,12604350.92
2024,31,Yucatán,38,Hunucmá,179.0,Mérida,7.0,Hunucmá,3,Perennes,1,Riego,200201,Tonelada,5060000,Aguacate,0.5,0.5,0.0,3.8,7.6,9800.0,37240.0
2024,31,Yucatán,47,Maní,180.0,Ticul,2.0,Oxkutzcab,3,Perennes,1,Riego,200201,Tonelada,5060000,Aguacate,45.5,45.5,0.0,1274.0,28.0,10441.84,13302904.16
2024,31,Yucatán,50,Mérida,179.0,Mérida,6.0,Umán,3,Perennes,1,Riego,200201,Tonelada,5060000,Aguacate,1.88,1.88,0.0,16.73,8.9,10500.0,175665.0
2024,31,Yucatán,53,Muna,180.0,Ticul,1.0,Muna,3,Perennes,1,Riego,200201,Tonelada,5060000,Aguacate,40.0,40.0,0.0,700.0,17.5,11378.58,7965006.0
2024,31,Yucatán,56,Oxkutzcab,180.0,Ticul,2.0,Oxkutzcab,3,Perennes,1,Riego,200201,Tonelada,5060000,Aguacate,213.0,213.0,0.0,5964.0,28.0,10309.02,61482995.28
2024,31,Yucatán,62,Sacalum,180.0,Ticul,2.0,Oxkutzcab,3,Perennes,1,Riego,200201,Tonelada,5060000,Aguacate,25.0,25.0,0.0,697.5,27.9,11951.55,8336206.13
2024,31,Yucatán,66,Santa Elena,180.0,Ticul,1.0,Muna,3,Perennes,1,Riego,200201,Tonelada,5060000,Aguacate,30.0,30.0,0.0,441.0,14.7,11357.37,5008600.17
2024,31,Yucatán,70,Sucilá,181.0,Tizimín,1.0,Sucilá,3,Perennes,1,Riego,200201,Tonelada,5060000,Aguacate,15.0,15.0,0.0,150.0,10.0,10600.0,1590000.0
2024,31,Yucatán,79,Tekax,180.0,Ticul,3.0,Tekax,3,Perennes,1,Riego,200201,Tonelada,5060000,Aguacate,23.5,23.5,0.0,340.75,14.5,10210.35,3479176.76
2024,31,Yucatán,79,Tekax,180.0,Ticul,3.0,Tekax,3,Perennes,2,Temporal,200201,Tonelada,5060000,Aguacate,9.0,9.0,0.0,86.4,9.6,10211.11,882239.9
2024,31,Yucatán,87,Tetiz,179.0,Mérida,7.0,Hunucmá,3,Perennes,1,Riego,200201,Tonelada,5060000,Aguacate,0.3,0.3,0.0,3.33,11.1,9800.0,32634.0
2024,31,Yucatán,89,Ticul,180.0,Ticul,2.0,Oxkutzcab,3,Perennes,1,Riego,200201,Tonelada,5060000,Aguacate,71.0,71.0,0.0,1988.0,28.0,10410.57,20696213.16
2024,31,Yucatán,96,Tizimín,181.0,Tizimín,3.0,Tizimín,3,Perennes,1,Riego,200201,Tonelada,5060000,Aguacate,11.0,0.0,0.0,0.0,,,0.0
2024,31,Yucatán,98,Tzucacab,180.0,Ticul,4.0,Tzucacab,3,Perennes,1,Riego,200201,Tonelada,5060000,Aguacate,11.5,11.5,0.0,345.0,30.0,10000.0,3450000.0
2024,31,Yucatán,101,Umán,179.0,Mérida,6.0,Umán,3,Perennes,1,Riego,200201,Tonelada,5060000,Aguacate,3.5,3.5,0.0,25.55,7.3,10500.0,268275.0
2024,32,Zacatecas,1,Apozol,190.0,Jalpa,4.0,Jalpa,3,Perennes,1,Riego,200201,Tonelada,5060000,Aguacate,6.0,6.0,0.0,48.6,8.1,15300.0,743580.0
2024,32,Zacatecas,19,Jalpa,190.0,Jalpa,4.0,Jalpa,3,Perennes,1,Riego,200201,Tonelada,5060000,Aguacate,2.5,2.5,0.0,23.25,9.3,15600.0,362700.0
2024,32,Zacatecas,20,Jerez,187.0,Jerez,1.0,Villa Nueva,3,Perennes,1,Riego,200201,Tonelada,5060000,Aguacate,16.0,16.0,0.0,140.96,8.81,15200.0,2142592.0
2024,32,Zacatecas,23,Juchipila,190.0,Jalpa,2.0,Juchipila,3,Perennes,1,Riego,200201,Tonelada,5060000,Aguacate,6.5,6.5,0.0,54.02,8.31,15601.44,842712.0
2024,32,Zacatecas,28,Mezquital del Oro,190.0,Jalpa,2.0,Juchipila,3,Perennes,1,Riego,200201,Tonelada,5060000,Aguacate,6.0,6.0,0.0,54.0,9.0,15400.0,831600.0
2024,32,Zacatecas,33,Moyahua de Estrada,190.0,Jalpa,2.0,Juchipila,3,Perennes,1,Riego,200201,Tonelada,5060000,Aguacate,9.0,9.0,0.0,75.96,8.44,15500.0,1177380.0
2024,32,Zacatecas,34,Nochistlán de Mejía,190.0,Jalpa,1.0,Nochistlán,3,Perennes,1,Riego,200201,Tonelada,5060000,Aguacate,2.0,2.0,0.0,16.0,8.0,19000.0,304000.0
2024,32,Zacatecas,43,Susticacán,187.0,Jerez,1.0,Villa Nueva,3,Perennes,1,Riego,200201,Tonelada,5060000,Aguacate,2.0,2.0,0.0,16.0,8.0,15300.0,244800.0
