AÑO,CVEGEO,ENTIDAD,MUNICIPIO,SUPERFICIE_SEMBRADA,SUPERFICIE_COSECHADA,SUPERFICIE_SINIESTRADA,VOLUMEN_PRODUCCION,VALOR_PRODUCCION,RENDIMIENTO,PRECIO,SIN_COSECHA,IQR_SUPERFICIE_SEMBRADA,IQR_SUPERFICIE_COSECHADA,IQR_SUPERFICIE_SINIESTRADA,IQR_VOLUMEN_PRODUCCION,IQR_RENDIMIENTO,IQR_PRECIO,IQR_VALOR_PRODUCCION,LOG1P_SUPERFICIE_SEMBRADA,LOG1P_SUPERFICIE_COSECHADA,LOG1P_SUPERFICIE_SINIESTRADA,LOG1P_VOLUMEN_PRODUCCION,LOG1P_RENDIMIENTO,LOG1P_PRECIO,LOG1P_VALOR_PRODUCCION,ALGUN_EXTREMO_IQR,GRUPO_ENTIDAD
2025,01003,Aguascalientes,Calvillo,55.85,55.85,0.0,726.05,11471590.0,12.999999999999998,15800.000000000002,False,False,False,False,False,False,False,False,4.040416220196545,4.040416220196545,0.0,6.588995250959495,2.6390573296152584,9.6678285081515,16.255384189163674,False,Otros
2025,02001,Baja California,Ensenada,40.0,10.0,20.0,62.0,992000.0,6.2,16000.0,False,False,False,True,False,False,False,False,3.713572066704308,2.3978952727983707,3.044522437723423,4.143134726391533,1.9740810260220096,9.680406499268875,13.807479394331018,True,Otros
2025,03001,Baja California Sur,Comondú,16.0,16.0,0.0,142.88,2286080.0,8.93,16000.0,False,False,False,False,False,False,False,False,2.833213344056216,2.833213344056216,0.0,4.968979618827423,2.295560478057081,9.680406499268875,14.642349555780022,False,Otros
2025,03002,Baja California Sur,Mulegé,6.0,6.0,0.0,53.58,1607400.0,8.93,30000.0,False,False,False,False,False,False,False,False,1.9459101490553132,1.9459101490553132,0.0,3.9996675152801924,2.295560478057081,10.308985993422082,14.290129146883244,False,Otros
2025,03003,Baja California Sur,La Paz,17.0,9.0,0.0,46.35,764775.0,5.15,16500.0,False,False,False,False,False,False,False,False,2.8903717578961645,2.302585092994046,0.0,3.8575668196320874,1.8164520818184267,9.711176264112805,13.547338259473804,False,Otros
2025,03008,Baja California Sur,Los Cabos,73.0,28.0,0.0,206.64,5093676.0,7.38,24650.0,False,False,False,False,False,False,False,False,4.30406509320417,3.367295829986474,0.0,5.3358058109590285,2.1258479144939915,10.112572746599298,15.443510524580272,False,Otros
2025,04002,Campeche,Campeche,35.0,35.0,0.0,341.36,3817861.01,9.753142857142857,11184.265906960392,False,False,False,False,False,False,False,False,3.58351893845611,3.58351893845611,0.0,5.835862815013409,2.375198070649151,9.322352647174089,15.155201140655553,False,Otros
2025,04004,Campeche,Champotón,12.0,12.0,0.0,65.0,650000.0,5.416666666666667,10000.0,False,False,False,False,False,False,False,False,2.5649493574615367,2.5649493574615367,0.0,4.189654742026425,1.8588987720656835,9.210440366976517,13.384729180332174,False,Otros
2025,04005,Campeche,Hecelchakán,10.0,9.0,0.0,67.5,591995.25,7.5,8770.3,False,False,False,False,False,False,False,False,2.3978952727983707,2.302585092994046,0.0,4.22683374526818,2.1400661634962708,9.079240306992036,13.29125557938662,False,Otros
2025,04008,Campeche,Tenabo,10.5,9.5,0.0,110.86,1657900.21,11.669473684210526,14954.899963918455,False,False,False,False,False,False,False,False,2.4423470353692043,2.3513752571634776,0.0,4.717248089393442,2.539195453155349,9.612861147382368,14.321063029066243,False,Otros
2025,04013,Campeche,Dzitbalché,6.5,3.5,0.0,35.0,461079.5,10.0,13173.7,False,False,False,False,False,False,False,False,2.0149030205422647,1.5040773967762742,0.0,3.58351893845611,2.3978952727983707,9.486053602751833,13.041327927124875,False,Otros
2025,06003,Colima,Comala,329.0,324.0,0.0,3405.24,59478782.24,10.51,17466.839999530137,False,True,True,False,True,False,False,True,5.799092654460526,5.783825182329737,0.0,8.133364322627429,2.4432162227337915,9.768116754930466,17.901130222722912,True,Otros
2025,06004,Colima,Coquimatlán,6.3,6.3,0.0,65.39,1459184.39,10.37936507936508,22315.100015292857,False,False,False,False,False,False,False,False,1.9878743481543455,1.9878743481543455,0.0,4.195546442731068,2.431801634467294,10.013063670730464,14.193388885916553,False,Otros
2025,06005,Colima,Cuauhtémoc,221.5,218.5,0.0,2294.25,39902238.39,10.5,17392.28,False,False,True,False,True,False,False,True,5.404927101606295,5.391352232515226,0.0,7.738597049023809,2.4423470353692043,9.763839203708978,17.501943005347798,True,Otros
2025,06007,Colima,Manzanillo,84.0,84.0,0.0,781.2,13640783.18,9.3,17461.319994879672,False,False,False,False,False,False,False,False,4.442651256490317,4.442651256490317,0.0,6.662110462321414,2.33214389523559,9.767800695416437,16.42857469992938,False,Otros
2025,06008,Colima,Minatitlán,72.5,72.5,0.0,770.68,15851947.37,10.630068965517241,20568.77999948098,False,False,False,False,False,False,False,False,4.297285406218791,4.297285406218791,0.0,6.648569956320662,2.4535938964800796,9.93157828737741,16.578802976284887,False,Otros
2025,06010,Colima,Villa de Álvarez,73.3,69.3,0.0,726.26,13522692.48,10.47994227994228,18619.629994767714,False,False,False,False,False,False,False,False,4.308110951723713,4.252771798816619,0.0,6.589284047710476,2.440601362999188,9.832025384564153,16.41987983063054,False,Otros
2025,07001,Chiapas,Acacoyagua,31.8,31.8,0.0,171.72,1759844.94,5.3999999999999995,10248.339972047519,False,False,False,False,False,False,False,False,3.4904285153900982,3.4904285153900982,0.0,5.151671786206552,1.856297990365626,9.234968589522264,14.380736829092093,False,Otros
2025,07002,Chiapas,Acala,14.0,11.0,0.0,56.87,787153.02,5.17,13841.26991383858,False,False,False,False,False,False,False,False,2.70805020110221,2.4849066497880004,0.0,4.058199115585747,1.8196988379172965,9.535482226838813,13.576179213461431,False,Otros
2025,07004,Chiapas,Altamirano,10.0,9.0,0.0,37.2,363695.1,4.133333333333334,9776.749999999998,False,False,False,False,False,False,False,False,2.3978952727983707,2.302585092994046,0.0,3.6428355156125294,1.6357552207514738,9.187864675210998,12.804073907794134,False,Otros
2025,07006,Chiapas,Amatenango de La Frontera,123.0,123.0,0.0,817.95,17146023.32,6.65,20962.190011614402,False,False,False,False,False,False,False,False,4.820281565605037,4.820281565605037,0.0,6.708023031928389,2.0347056478384444,9.950523322065074,16.65727688662646,False,Otros
2025,07007,Chiapas,Amatenango del Valle,92.9,76.4,0.0,498.57,10203226.95,6.525785340314136,20464.98375353511,False,False,False,False,False,False,False,False,4.542230386214217,4.3489867805956814,0.0,6.213747728410036,2.0183351693507263,9.926519457819312,16.13821469387607,False,Otros
2025,07010,Chiapas,Bejucal de Ocampo,115.0,115.0,0.0,485.0,6899610.0,4.217391304347826,14226.0,False,False,False,False,False,False,False,False,4.7535901911063645,4.7535901911063645,0.0,6.186208623900494,1.6519975268528964,9.562896846651167,15.746975591166661,False,Otros
2025,07011,Chiapas,Bella Vista,218.0,218.0,0.0,1449.7,30388886.85,6.65,20962.190004828586,False,False,True,False,False,False,False,False,5.389071729816501,5.389071729816501,0.0,7.279801477544857,2.0347056478384444,9.950523321741372,17.229587568303618,True,Otros
2025,07019,Chiapas,Comitán de Domínguez,128.5,118.5,0.0,854.38,20889360.32,7.209957805907173,24449.730003043143,False,False,False,False,False,False,False,False,4.863680881139593,4.783316371371566,0.0,6.751545814645026,2.105347784097558,10.104415351432488,16.854750559585238,False,Otros
2025,07023,Chiapas,Chamula,87.0,77.0,0.0,516.69,10246221.05,6.710259740259741,19830.50000967698,False,False,False,False,False,False,False,False,4.477336814478207,4.356708826689592,0.0,6.249376607514998,2.042551875757427,9.89502686210622,16.142419615118403,False,Otros
2025,07026,Chiapas,Chenalhó,46.0,44.5,0.0,275.13,5443755.35,6.182696629213483,19786.120561189255,False,False,False,False,False,False,False,False,3.8501476017100584,3.817712325956905,0.0,5.6208717693173975,1.9716748876488301,9.892786528323251,15.509979886057586,False,Otros
2025,07028,Chiapas,Chiapilla,13.56,11.56,0.0,53.19,638280.0,4.601211072664359,12000.0,False,False,False,False,False,False,False,False,2.67827804276854,2.5305171610400525,0.0,3.9924963895780228,1.7229828373354157,9.392745258631441,13.366533904233671,False,Otros
2025,07036,Chiapas,La Grandeza,21.0,21.0,0.0,80.06,1969312.68,3.8123809523809524,24597.960029977516,False,False,False,False,False,False,False,False,3.091042453358316,3.091042453358316,0.0,4.395189621200163,1.5711919621403396,10.110459445822666,14.493195654226943,False,Otros
2025,07037,Chiapas,Huehuetán,14.0,14.0,0.0,56.7,560402.39,4.05,9883.640035273369,False,False,False,False,False,False,False,False,2.70805020110221,2.70805020110221,0.0,4.055257173514054,1.6193882432872684,9.19873731969365,13.236412142677228,False,Otros
2025,07038,Chiapas,Huixtán,85.0,65.0,0.0,306.15,5896069.37,4.71,19258.75998693451,False,False,False,False,False,False,False,False,4.454347296253507,4.189654742026425,0.0,5.727336227609936,1.742219023667919,9.865773223536904,15.589796647990397,False,Otros
2025,07040,Chiapas,Huixtla,9.0,9.0,0.0,36.45,373551.99,4.050000000000001,10248.339917695472,False,False,False,False,False,False,False,False,2.302585092994046,2.302585092994046,0.0,3.6230067099632284,1.6193882432872686,9.234968584219283,12.83081514765514,False,Otros
2025,07041,Chiapas,La Independencia,123.0,108.0,0.0,855.25,16001932.76,7.918981481481482,18710.239999999998,False,False,False,False,False,False,False,False,4.820281565605037,4.6913478822291435,0.0,6.752562389576435,2.1881817563820474,9.836879691791465,16.588220132901075,False,Otros
2025,07049,Chiapas,Larráinzar,139.4,113.4,0.0,771.38,21230184.73,6.802292768959435,27522.342723430735,False,False,False,False,False,False,False,False,4.944495491591711,4.739701078945697,0.0,6.649476656899598,2.0544176352406445,10.222789749911918,16.87093458211032,False,Otros
2025,07052,Chiapas,Las Margaritas,6.5,5.5,0.0,36.41,890179.36,6.619999999999999,24448.76023070585,False,False,False,False,False,False,False,False,2.0149030205422647,1.8718021769015913,0.0,3.6219380483600547,2.030776369698555,10.104375688339836,13.699179372862636,False,Otros
2025,07053,Chiapas,Mazapa de Madero,26.0,26.0,0.0,172.9,3624362.66,6.65,20962.19005205321,False,False,False,False,False,False,False,False,3.295836866004329,3.295836866004329,0.0,5.158480421360237,2.0347056478384444,9.950523323994112,15.103189288792635,False,Otros
2025,07057,Chiapas,Motozintla,112.0,112.0,0.0,592.4,12418001.36,5.289285714285714,20962.190006752193,False,False,False,False,False,False,False,False,4.727387818712341,4.727387818712341,0.0,6.385868707856721,1.8388475053269564,9.950523321833133,16.334657780953663,False,Otros
2025,07064,Chiapas,Oxchuc,54.55,50.1,0.0,323.78,7519167.99,6.462674650698602,23223.077367348204,False,False,False,False,False,False,False,False,4.017283516085639,3.933784497209659,0.0,5.783148030036942,2.0099138822235636,10.05294483705218,15.832966183170777,False,Otros
2025,07066,Chiapas,Pantelhó,14.0,13.0,0.0,70.2,1128727.54,5.4,16078.739886039886,False,False,False,False,False,False,False,False,2.70805020110221,2.6390573296152584,0.0,4.26549281841793,1.8562979903656263,9.68531536636082,13.93660237135098,False,Otros
2025,07071,Chiapas,Villa Comaltitlán,6.0,6.0,0.0,24.3,249034.66,4.05,10248.339917695474,False,False,False,False,False,False,False,False,1.9459101490553132,1.9459101490553132,0.0,3.2308043957334744,1.6193882432872684,9.234968584219285,12.425351378044269,False,Otros
2025,07075,Chiapas,Las Rosas,56.1,54.1,0.0,322.18,8661074.86,5.955268022181146,26882.72040474269,False,False,False,False,False,False,False,False,4.044804116661965,4.009149716158869,0.0,5.778209443544101,1.939499361251315,10.199276192974128,15.974349506078656,False,Otros
2025,07078,Chiapas,San Cristóbal de Las Casas,96.2,87.5,0.0,573.02,16549692.93,6.5488,28881.527573208616,False,False,False,False,False,False,False,False,4.576770711466393,4.483002552013883,0.0,6.3526642389181305,2.021388610231219,10.270992109025068,16.621878165960748,False,Otros
2025,07080,Chiapas,Siltepec,17.0,17.0,0.0,112.71,1603130.69,6.63,14223.500044361635,False,False,False,False,False,False,False,False,2.8903717578961645,2.8903717578961645,0.0,4.7336513476366315,2.0320878452963655,9.56272111211057,14.28746958043198,False,Otros
2025,07093,Chiapas,Tenejapa,72.9,65.9,0.0,419.82,11785690.67,6.370561456752655,28073.199633176122,False,False,False,False,False,False,False,False,4.302712827954156,4.203198967134183,0.0,6.042205188811166,1.9974938846771566,10.242606271032018,16.282396783338665,False,Otros
2025,07094,Chiapas,Teopisca,198.6,190.1,0.0,1270.46,36516258.24,6.683114150447134,28742.548557215498,False,False,False,False,False,False,False,False,5.296315363877364,5.252796851246227,0.0,7.147921125460529,2.0390249533108715,10.2661686230346,17.413268177995615,False,Otros
2025,07098,Chiapas,Totolapa,7.3,5.3,0.0,33.6,425566.85,6.339622641509434,12665.68005952381,False,False,False,False,False,False,False,False,2.1162555148025524,1.840549633397487,0.0,3.543853682063679,1.9932874300663246,9.446730207370681,12.961179673742716,False,Otros
2025,07099,Chiapas,La Trinitaria,415.0,414.5,0.0,2756.43,70055202.92,6.650012062726176,25415.193899355327,False,True,True,False,True,False,False,True,6.030685260261263,6.029482614295503,0.0,7.922054365492662,2.034707224664152,10.14314180494745,18.06479411663899,True,Otros
2025,07103,Chiapas,Tuzantán,3.0,3.0,0.0,17.38,178116.15,5.793333333333333,10248.34004602992,False,False,False,False,False,False,False,False,1.3862943611198906,1.3862943611198906,0.0,2.911263116927541,1.915941739126469,9.234968596740524,12.090196758858495,False,Otros
2025,07104,Chiapas,Tzimol,42.0,41.5,0.0,315.81,7924629.8,7.609879518072289,25093.02998638422,False,False,False,False,False,False,False,False,3.7612001156935624,3.7495040759303713,0.0,5.758302225098651,2.152910325086482,10.130385247681241,15.885486289891633,False,Otros
2025,07110,Chiapas,San Lucas,17.0,15.0,0.0,95.1,1127806.12,6.34,11859.16004206099,False,False,False,False,False,False,False,False,2.8903717578961645,2.772588722239781,0.0,4.565389315976247,1.9933388426264242,9.380940166732254,13.935785703511385,False,Otros
2025,07111,Chiapas,Zinacantán,410.0,350.0,0.0,2285.5,67650000.08,6.53,29599.650002187704,False,True,True,False,True,False,False,True,6.018593214496234,5.860786223465865,0.0,7.73477754309811,2.018895041811802,10.295551599604414,18.029857928545596,True,Otros
2025,07112,Chiapas,San Juan Cancuc,308.0,108.0,0.0,715.21,20215453.56,6.622314814814815,28265.0599963647,False,True,False,False,False,False,False,False,5.733341276897746,4.6913478822291435,0.0,6.573973420047142,2.0310801050380665,10.249417070488805,16.821957947076765,True,Otros
2025,07113,Chiapas,Aldama,82.0,72.0,0.0,453.6,8528396.69,6.300000000000001,18801.58000440917,False,False,False,False,False,False,False,False,4.418840607796598,4.290459441148391,0.0,6.119417911418443,1.9878743481543455,9.841749373679361,15.958912057743234,False,Otros
2025,07119,Chiapas,Santiago El Pinar,153.5,138.0,0.0,914.94,26955477.36,6.630000000000001,29461.469998032655,False,False,False,False,False,False,False,False,5.0401940963378005,4.9344739331306915,0.0,6.8199508603453625,2.0320878452963655,10.290872528933564,17.109697113325165,False,Otros
2025,07123,Chiapas,Emiliano Zapata,7.4,5.4,0.0,27.11,313742.13,5.02037037037037,11572.929915160457,False,False,False,False,False,False,False,False,2.128231705849268,1.8562979903656263,0.0,3.3361253849184407,1.7951487807455853,9.35651042674656,12.656329872774059,False,Otros
2025,08027,Chihuahua,Guachochi,35.0,30.0,0.0,219.0,6351000.0,7.3,29000.0,False,False,False,False,False,False,False,False,3.58351893845611,3.4339872044851463,0.0,5.393627546352362,2.1162555148025524,10.275085591132715,15.664122996240618,False,Otros
2025,08029,Chihuahua,Guadalupe Y Calvo,34.0,27.0,0.0,182.0,1865197.88,6.7407407407407405,10248.34,False,False,False,False,False,False,False,False,3.5553480614894135,3.332204510175204,0.0,5.209486152841421,2.046497385960482,9.234968592249512,14.438878243444323,False,Otros
2025,10002,Durango,Canelas,29.0,29.0,0.0,258.97,3909649.38,8.930000000000001,15096.920029347026,False,False,False,False,False,False,False,False,3.4011973816621555,3.4011973816621555,0.0,5.560566239742826,2.2955604780570815,9.62231226691425,15.178958511083826,False,Otros
2025,10019,Durango,Otáez,3.1,3.1,0.0,27.69,340587.0,8.932258064516128,12300.0,False,False,False,False,False,False,False,False,1.410986973710262,1.410986973710262,0.0,3.3565486299932736,2.295787850445308,9.417435838868785,12.738428814646436,False,Otros
2025,10023,Durango,Pueblo Nuevo,324.0,324.0,0.0,2543.4,49085687.02,7.8500000000000005,19299.2400015727,False,True,True,False,True,False,False,True,5.783825182329737,5.783825182329737,0.0,7.84165014480465,2.1804174590198384,9.867872810130306,17.709078063919964,True,Otros
2025,10026,Durango,San Dimas,332.0,332.0,0.0,2606.2,51376880.65,7.85,19713.330001534803,False,True,True,False,True,False,False,True,5.808142489980444,5.808142489980444,0.0,7.866032127523352,2.180417459019838,9.889101061536168,17.75469885590072,True,Otros
2025,10034,Durango,Tamazula,342.0,342.0,0.0,2684.7,52351650.0,7.85,19500.0,False,True,True,False,True,False,False,True,5.8377304471659395,5.8377304471659395,0.0,7.895696680599644,2.180417459019838,9.87822102528824,17.773494032510357,True,Otros
2025,10037,Durango,Topia,20.6,20.6,0.0,183.96,3449411.18,8.930097087378641,18750.876168732335,False,False,False,False,False,False,False,False,3.0726933146901194,3.0726933146901194,0.0,5.220139585484013,2.2955702551873958,9.839049088725046,15.053714391882082,False,Otros
2025,11001,Guanajuato,Abasolo,17.0,17.0,0.0,141.1,3527500.0,8.299999999999999,25000.0,False,False,False,False,False,False,False,False,2.8903717578961645,2.8903717578961645,0.0,4.956531035103055,2.23001440015921,10.12667110305036,15.076100246195955,False,Otros
2025,11003,Guanajuato,San Miguel de Allende,10.0,10.0,0.0,64.5,826846.0,6.45,12819.317829457364,False,False,False,False,False,False,False,False,2.3978952727983707,2.3978952727983707,0.0,4.182050142641207,2.0082140323914683,9.458786521856695,13.625374950844149,False,Otros
2025,11004,Guanajuato,Apaseo El Alto,3.0,2.0,0.0,17.5,213963.02000000002,8.75,12226.458285714287,False,False,False,False,False,False,False,False,1.3862943611198906,1.0986122886681098,0.0,2.917770732084279,2.277267285009756,9.411439380893833,12.273563149027293,False,Otros
2025,11005,Guanajuato,Apaseo El Grande,13.5,12.0,0.0,108.6,1131672.25,9.049999999999999,10420.554788213629,False,False,False,False,False,False,False,False,2.6741486494265287,2.5649493574615367,0.0,4.696837374513915,2.3075726345050844,9.25163151609706,13.939207847668401,False,Otros
2025,11007,Guanajuato,Celaya,20.0,18.0,0.0,162.33,1738759.25,9.018333333333334,10711.262551592434,False,False,False,False,False,False,False,False,3.044522437723423,2.9444389791664403,0.0,5.095772694065048,2.3044167478230158,9.279144397114745,14.368682917241953,False,Otros
2025,11009,Guanajuato,Comonfort,32.0,32.0,0.0,288.3,2806985.71,9.009375,9736.336142906694,False,False,False,False,False,False,False,False,3.4965075614664802,3.4965075614664802,0.0,5.6674642119820895,2.303522153815386,9.18372286260807,14.84762212074072,False,Otros
2025,11012,Guanajuato,Cuerámaro,29.0,24.0,0.0,182.0,4550000.0,7.583333333333333,25000.0,False,False,False,False,False,False,False,False,3.4011973816621555,3.2188758248682006,0.0,5.209486152841421,2.1498223384416355,10.12667110305036,15.330638010707329,False,Otros
2025,11015,Guanajuato,Guanajuato,22.0,22.0,0.0,143.0,1716000.0,6.5,12000.0,False,False,False,False,False,False,False,False,3.1354942159291497,3.1354942159291497,0.0,4.969813299576001,2.0149030205422647,9.392745258631441,14.355507141780457,False,Otros
2025,11016,Guanajuato,Huanímaro,3.0,3.0,0.0,25.2,630000.0,8.4,25000.0,False,False,False,False,False,False,False,False,1.3862943611198906,1.3862943611198906,0.0,3.265759410767051,2.2407096892759584,10.12667110305036,13.353476685668044,False,Otros
2025,11019,Guanajuato,Jerécuaro,6.2,6.2,0.0,48.36,1358280.07,7.8,28086.850082712986,False,False,False,False,False,False,False,False,1.9740810260220096,1.9740810260220096,0.0,3.8991403795971324,2.174751721484161,10.243092380419933,14.121730539175148,False,Otros
2025,11020,Guanajuato,León,60.0,30.0,0.0,215.4,4680480.45,7.180000000000001,21729.25,False,False,False,False,False,False,False,False,4.110873864173311,3.4339872044851463,0.0,5.377128546972327,2.1016921506146558,9.986460578016326,15.358911536534293,False,Otros
2025,11023,Guanajuato,Pénjamo,10.0,6.0,0.0,98.1,2042078.25,16.349999999999998,20816.292048929663,False,False,False,False,False,True,False,False,2.3978952727983707,1.9459101490553132,0.0,4.596129441335942,2.853592506392868,9.943539268816881,14.529479086943866,True,Otros
2025,11025,Guanajuato,Purísima del Rincón,1.0,1.0,0.0,8.4,103524.29,8.4,12324.320238095237,False,False,False,False,False,False,False,False,0.6931471805599453,0.6931471805599453,0.0,2.2407096892759584,2.2407096892759584,9.41941098138026,11.54757120966558,False,Otros
2025,11026,Guanajuato,Romita,10.0,10.0,0.0,80.0,1631641.6,8.0,20395.52,False,False,False,False,False,False,False,False,2.3978952727983707,2.3978952727983707,0.0,4.394449154672439,2.1972245773362196,9.923119577045187,14.305097795425223,False,Otros
2025,11027,Guanajuato,Salamanca,14.0,14.0,0.0,103.39999999999999,2311000.13,7.385714285714285,22350.097969052225,False,False,False,False,False,False,False,False,2.70805020110221,2.70805020110221,0.0,4.648229675448539,2.1265295777787374,10.014630724967157,14.653191378222214,False,Otros
2025,11031,Guanajuato,San Francisco del Rincón,16.0,16.0,0.0,83.2,1632831.62,5.2,19625.380048076924,False,False,False,False,False,False,False,False,2.833213344056216,2.833213344056216,0.0,4.4331949212482815,1.824549292051046,9.884629861099326,14.3058268682302,False,Otros
2025,11035,Guanajuato,Santa Cruz de Juventino Rosas,1.0,1.0,0.0,8.5,104756.72,8.5,12324.32,False,False,False,False,False,False,False,False,0.6931471805599453,0.6931471805599453,0.0,2.2512917986064953,2.2512917986064953,9.419410962062688,11.559405534352734,False,Otros
2025,11037,Guanajuato,Silao de La Victoria,34.0,34.0,0.0,200.4,3162600.0,5.894117647058824,15781.437125748502,False,False,False,False,False,False,False,False,3.5553480614894135,3.5553480614894135,0.0,5.305292980284462,1.9306685330866962,9.666653026438407,14.966905348266838,False,Otros
2025,11039,Guanajuato,Tarimoro,18.0,18.0,0.0,167.4,2063091.17,9.3,12324.320011947431,False,False,False,False,False,False,False,False,2.9444389791664403,2.9444389791664403,0.0,5.126342101808226,2.33214389523559,9.41941096303203,14.539716468709274,False,Otros
2025,12001,Guerrero,Acapulco de Juárez,11.0,11.0,0.0,82.17999999999999,754031.98,7.47090909090909,9175.370893161355,False,False,False,False,False,False,False,False,2.4849066497880004,2.4849066497880004,0.0,4.421006934314765,2.13663783359028,9.124387077909667,13.533191386086575,False,Otros
2025,12002,Guerrero,Ahuacuotzingo,3.34,3.34,0.0,23.29,372554.29,6.973053892215569,15996.319879776727,False,False,False,False,False,False,False,False,1.4678743481123135,1.4678743481123135,0.0,3.190064743014081,2.076067592837232,9.680176479677014,12.82814073531738,False,Otros
2025,12004,Guerrero,Alcozauca de Guerrero,1.02,1.0,0.0,8.77,118395.0,8.77,13500.0,False,False,False,False,False,False,False,False,0.7030975114131134,0.6931471805599453,0.0,2.2793164660546914,2.2793164660546914,9.510519035757246,11.681790217077573,False,Otros
2025,12006,Guerrero,Apaxtla,3.0,3.0,0.0,20.79,246288.41999999998,6.93,11846.484848484848,False,False,False,False,False,False,False,False,1.3862943611198906,1.3862943611198906,0.0,3.0814511489565284,2.0706530356467567,9.379870874962247,12.414262627440978,False,Otros
2025,12011,Guerrero,Atoyac de Álvarez,81.0,78.0,0.0,505.76,7700961.800000001,6.484102564102564,15226.514156912372,False,False,False,False,False,False,False,False,4.406719247264253,4.3694478524670215,0.0,6.228037518733853,2.012781112767773,9.63085921240401,15.856855917968232,False,Otros
2025,12012,Guerrero,Ayutla de Los Libres,148.0,115.0,0.0,800.4,10594366.54,6.96,13236.3400049975,False,False,False,False,False,False,False,False,5.003946305945459,4.7535901911063645,0.0,6.686360198202044,2.0744289998562917,9.490796903339735,16.175833053707393,False,Otros
2025,12015,Guerrero,Buenavista de Cuéllar,4.0,4.0,0.0,19.0,264100.0,4.75,13900.0,False,False,False,False,False,False,False,False,1.6094379124341003,1.6094379124341003,0.0,2.995732273553991,1.749199854809259,9.539716058977092,12.484086884722583,False,Otros
2025,12016,Guerrero,Coahuayutla de José María Izazaga,39.0,34.0,0.0,210.45,3020062.73,6.189705882352941,14350.500023758614,False,False,False,False,False,False,False,False,3.6888794541139363,3.5553480614894135,0.0,5.353988563918498,1.9726502644084931,9.571609746997131,14.920788491777401,False,Otros
2025,12017,Guerrero,Cocula,2.0,2.0,0.0,17.5,196897.58,8.75,11251.290285714285,False,False,False,False,False,False,False,False,1.0986122886681098,1.0986122886681098,0.0,2.917770732084279,2.277267285009756,9.328326967865157,12.190444052818581,False,Otros
2025,12022,Guerrero,Coyuca de Catalán,38.0,30.0,0.0,310.2,2855809.77,10.34,9206.35,False,False,False,False,False,False,False,False,3.6635616461296463,3.4339872044851463,0.0,5.740435792304236,2.428336298299606,9.127757357119455,14.864866343243719,False,Otros
2025,12026,Guerrero,Cuetzala del Progreso,26.0,26.0,0.0,245.5,2319975.0,9.442307692307692,9450.0,False,False,False,False,False,False,False,False,3.295836866004329,3.295836866004329,0.0,5.5073619934827445,2.345865601352508,9.153875834995056,14.657067398761399,False,Otros
2025,12028,Guerrero,Chilapa de Álvarez,2.0,2.0,0.0,17.36,224125.24,8.68,12910.440092165898,False,False,False,False,False,False,False,False,1.0986122886681098,1.0986122886681098,0.0,2.9101743851923443,2.2700619012884857,9.46586902619946,12.31996474351901,False,Otros
2025,12029,Guerrero,Chilpancingo de Los Bravo,101.0,96.0,0.0,835.2,8341142.4,8.700000000000001,9987.0,False,False,False,False,False,False,False,False,4.624972813284271,4.574710978503383,0.0,6.728867818922465,2.2721258855093374,9.209139651399664,15.936710863259156,False,Otros
2025,12032,Guerrero,General Heliodoro Castillo,1304.5,1219.5,0.0,9815.54,126788335.00999999,8.048823288232883,12917.102371341769,False,True,True,False,True,False,False,True,7.174341388139183,7.107015889833015,0.0,9.191823997102569,2.2026347258583785,9.466384891266218,18.65802960843347,True,Otros
2025,12036,Guerrero,Igualapa,23.2,23.2,0.0,135.26,1094929.7,5.830172413793103,8095.0,False,False,False,False,False,False,False,False,3.186352633162641,3.186352633162641,0.0,4.914564825345522,1.9213499168648316,8.999125391527247,13.906201631558757,False,Otros
2025,12037,Guerrero,Ixcateopan de Cuauhtémoc,6.0,6.0,0.0,27.66,273381.48,4.61,9883.639913232104,False,False,False,False,False,False,False,False,1.9459101490553132,1.9459101490553132,0.0,3.3555024224000256,1.724550719534605,9.198737307347095,12.518627119287416,False,Otros
2025,12038,Guerrero,Zihuatanejo de Azueta,36.0,33.0,0.0,215.8,3852629.69,6.53939393939394,17852.77891566265,False,False,False,False,False,False,False,False,3.6109179126442243,3.5263605246161616,0.0,5.378975269565491,2.0201417993985444,9.789970468760357,15.164266769027368,False,Otros
2025,12040,Guerrero,Leonardo Bravo,241.0,240.0,0.0,2115.35,24612882.52,8.813958333333334,11635.37122462004,False,True,True,False,True,False,False,False,5.488937726156687,5.484796933490655,0.0,7.657448185727277,2.283805692023212,9.361890922218956,17.01878058413417,True,Otros
2025,12044,Guerrero,Mochitlán,46.0,43.5,0.0,348.59000000000003,3755238.99,8.013563218390805,10772.652657850196,False,False,False,False,False,False,False,False,3.8501476017100584,3.7954891891721947,0.0,5.856761039253282,2.1987304671803867,9.284858863798407,15.138662753255257,False,Otros
2025,12046,Guerrero,Ometepec,55.0,55.0,0.0,312.4,2694450.0,5.68,8625.0,False,False,False,False,False,False,False,False,4.02535169073515,4.02535169073515,0.0,5.74748032992192,1.8991179875485542,9.062536177207788,14.806705030998279,False,Otros
2025,12048,Guerrero,Petatlán,62.0,51.0,0.0,380.61,5720577.970000001,7.462941176470588,15030.02540658417,False,False,False,False,False,False,False,False,4.143134726391533,3.9512437185814275,0.0,5.944399144681508,2.1356967699927254,9.617871704410833,15.5595805767652,False,Otros
2025,12049,Guerrero,Pilcaya,1.0,1.0,0.0,6.3,100642.5,6.3,15975.0,False,False,False,False,False,False,False,False,0.6931471805599453,0.6931471805599453,0.0,1.9878743481543455,1.9878743481543455,9.67884287509565,11.51933984875403,False,Otros
2025,12051,Guerrero,Quechultenango,25.5,21.5,0.0,150.95000000000002,1603380.44,7.020930232558141,10621.930705531631,False,False,False,False,False,False,False,False,3.2771447329921766,3.1135153092103742,0.0,5.023551519362802,2.082054404249233,9.270770217698551,14.287625357121723,False,Otros
2025,12052,Guerrero,San Luis Acatlán,131.0,131.0,0.0,710.02,5555906.5,5.42,7825.0,False,False,False,False,False,False,False,False,4.882801922586371,4.882801922586371,0.0,6.566700558802835,1.8594181177018698,8.965206802770357,15.530372334049675,False,Otros
2025,12055,Guerrero,Taxco de Alarcón,62.58,62.58,0.0,408.07,6043680.68,6.520773410035155,14810.401842821084,False,False,False,False,False,False,False,False,4.152298955482657,4.152298955482657,0.0,6.013886290542712,2.0176689797524934,9.603152557935676,15.61452393387993,False,Otros
2025,12056,Guerrero,Tecoanapa,98.0,96.0,0.0,392.64,5364377.25,4.09,13662.329996943765,False,False,False,False,False,False,False,False,4.59511985013459,4.574710978503383,0.0,5.975436786030785,1.6272778305624314,9.52247088064462,15.49529103730321,False,Otros
2025,12057,Guerrero,Técpan de Galeana,502.0,492.0,0.0,3457.79,50314714.3,7.028028455284553,14551.119154141807,False,True,True,False,True,False,False,True,6.220590170099739,6.20050917404269,0.0,8.148674095905966,2.0829389754326124,9.585491908327011,17.733808142981182,True,Otros
2025,12058,Guerrero,Teloloapan,35.0,35.0,0.0,290.4,3210183.24,8.297142857142857,11054.350000000002,False,False,False,False,False,False,False,False,3.58351893845611,3.58351893845611,0.0,5.674696893761104,2.229707133295524,9.310669752672789,14.98183888909776,False,Otros
2025,12060,Guerrero,Tetipac,2.04,2.04,0.0,17.29,251828.0,8.47549019607843,14564.95083863505,False,False,False,False,False,False,False,False,1.1118575154181303,1.1118575154181303,0.0,2.906354462402774,2.2487084853641144,9.58644194969562,12.436505564731192,False,Otros
2025,12062,Guerrero,Tlacoachistlahuaca,171.5,170.0,0.0,999.6,8356656.0,5.88,8360.0,False,False,False,False,False,False,False,False,5.150397236471415,5.14166355650266,0.0,6.908355099054105,1.9286186519452522,9.031333316150057,15.938569024704629,False,Otros
2025,12071,Guerrero,Xochistlahuaca,125.0,125.0,0.0,795.0,6646200.0,6.36,8360.0,False,False,False,False,False,False,False,False,4.836281906951478,4.836281906951478,0.0,6.679599185844383,1.9960599327407849,9.031333316150057,15.709555971194986,False,Otros
2025,12074,Guerrero,Zitlala,0.4,0.4,0.0,2.66,26400.5,6.65,9925.0,False,False,False,False,False,False,False,False,0.33647223662121295,0.33647223662121295,0.0,1.297463147413275,2.0347056478384444,9.202912856147385,10.181176105702134,False,Otros
2025,12075,Guerrero,Eduardo Neri,32.0,31.0,0.0,218.19,2169057.77,7.038387096774193,9941.14198634218,False,False,False,False,False,False,False,False,3.4965075614664802,3.4657359027997265,0.0,5.3899389335952606,2.0842284532120705,9.204537768019364,14.589803884877622,False,Otros
2025,12079,Guerrero,José Joaquín de Herrera,3.0,3.0,0.0,18.45,276473.25,6.1499999999999995,14985.0,False,False,False,False,False,False,False,False,1.3862943611198906,1.3862943611198906,0.0,2.9678470700644555,1.967112356705916,9.614871710924255,12.529872967217212,False,Otros
2025,13002,Hidalgo,Acaxochitlán,76.6,58.6,0.0,460.01,9249747.68,7.85,20107.71000630421,False,False,False,False,False,False,False,False,4.351567427189173,4.087655574071304,0.0,6.133419734735351,2.180417459019838,9.908908333832233,16.040106939389773,False,Otros
2025,13012,Hidalgo,Atotonilco El Grande,67.0,61.0,0.0,606.55,7577114.03,9.943442622950819,12492.150737779244,False,False,False,False,False,False,False,False,4.219507705176107,4.127134385045092,0.0,6.409434476354621,2.3927404296627928,9.432935832138215,15.840643082268512,False,Otros
2025,13014,Hidalgo,Calnali,26.5,26.5,0.0,208.03,4527481.71,7.850188679245283,21763.600009613998,False,False,False,False,False,False,False,False,3.3141860046725258,3.3141860046725258,0.0,5.342477782333691,2.1804387784813093,9.988040076129218,15.32567664984782,False,Otros
2025,13019,Hidalgo,Chilcuautla,9.0,9.0,0.0,45.9,512598.81,5.1,11167.730065359478,False,False,False,False,False,False,False,False,2.302585092994046,2.302585092994046,0.0,3.8480176754522337,1.8082887711792655,9.320873194047453,13.147250722252656,False,Otros
2025,13020,Hidalgo,Eloxochitlán,50.0,45.0,0.0,265.36,5307200.0,5.896888888888889,20000.0,False,False,False,False,False,False,False,False,3.9318256327243257,3.828641396489095,0.0,5.584848777242422,1.9310704242554289,9.90353755128617,15.484575135598181,False,Otros
2025,13024,Hidalgo,Huasca de Ocampo,128.0,120.0,0.0,1111.03,15160897.21,9.258583333333332,13645.803632665185,False,False,False,False,False,False,False,False,4.859812404361672,4.795790545596741,0.0,7.0139424528638825,2.3281147535359974,9.521260607086829,16.534230185104104,False,Otros
2025,13030,Hidalgo,Ixmiquilpan,3.0,3.0,0.0,26.0,455080.86,8.666666666666666,17503.11,False,False,False,False,False,False,False,False,1.3862943611198906,1.3862943611198906,0.0,3.295836866004329,2.268683541318364,9.770190989479842,13.02823259383876,False,Otros
2025,13031,Hidalgo,Jacala de Ledezma,11.0,11.0,0.0,54.510000000000005,539169.1799999999,4.955454545454546,9891.197578425974,False,False,False,False,False,False,False,False,2.4849066497880004,2.4849066497880004,0.0,4.01656318470207,1.7843075299454145,9.19950160199885,13.1977865328966,False,Otros
2025,13034,Hidalgo,Lolotla,6.0,6.0,0.0,47.1,942000.0,7.8500000000000005,20000.0,False,False,False,False,False,False,False,False,1.9459101490553132,1.9459101490553132,0.0,3.8732821771117156,2.1804174590198384,9.90353755128617,13.755761615129062,False,Otros
2025,13036,Hidalgo,San Agustín Metzquititlán,138.0,128.0,0.0,793.6,20553914.62,6.2,25899.58999495968,False,False,False,False,False,False,False,False,4.9344739331306915,4.859812404361672,0.0,6.677838843380498,1.9740810260220096,10.162021027156348,16.838562021875084,False,Otros
2025,13037,Hidalgo,Metztitlán,59.0,51.0,0.0,423.3,9632250.76,8.3,22755.139995275218,False,False,False,False,False,False,False,False,4.0943445622221,3.9512437185814275,0.0,6.050440752208279,2.2300144001592104,10.032590277867575,16.080627584062906,False,Otros
2025,13038,Hidalgo,Mineral del Chico,7.0,7.0,0.0,35.7,496862.6,5.1000000000000005,13917.71988795518,False,False,False,False,False,False,False,False,2.0794415416798357,2.0794415416798357,0.0,3.6027767550605247,1.8082887711792657,9.540989967587455,13.116070820731304,False,Otros
2025,13043,Hidalgo,Nicolás Flores,79.0,49.0,0.0,350.0,9111688.94,7.142857142857143,26033.39697142857,False,False,False,False,False,False,False,False,4.382026634673881,3.912023005428146,0.0,5.860786223465865,2.097141118779237,10.167173903102078,16.02506875587436,False,Otros
2025,13047,Hidalgo,Pacula,10.0,10.0,0.0,41.0,902000.0,4.1,22000.0,False,False,False,False,False,False,False,False,2.3978952727983707,2.3978952727983707,0.0,3.7376696182833684,1.62924053973028,9.99884318585288,13.712370907691596,False,Otros
2025,13053,Hidalgo,San Bartolo Tutotepec,58.6,54.6,0.0,428.61,11302827.17,7.85,26370.890016565176,False,False,False,False,False,False,False,False,4.087655574071304,4.018183201256536,0.0,6.062877820391151,2.180417459019838,10.180053949762078,16.240563532898594,False,Otros
2025,13059,Hidalgo,Tecozautla,17.0,15.5,0.0,114.7,1018909.92,7.4,8883.259982563208,False,False,False,False,False,False,False,False,2.8903717578961645,2.803360380906535,0.0,4.751000634199631,2.128231705849268,9.092036448719766,13.834244889345323,False,Otros
2025,13060,Hidalgo,Tenango de Doria,18.0,15.0,0.0,117.75,2580884.54,7.85,21918.340042462845,False,False,False,False,False,False,False,False,2.9444389791664403,2.772588722239781,0.0,4.7770204429147505,2.180417459019838,9.995124633056832,14.76364313056512,False,Otros
2025,13062,Hidalgo,Tepehuacán de Guerrero,79.0,65.0,0.0,510.25,10512175.61,7.85,20602.010014698677,False,False,False,False,False,False,False,False,4.382026634673881,4.189654742026425,0.0,6.236858707357012,2.180417459019838,9.933192461321974,16.168044820364482,False,Otros
2025,13068,Hidalgo,Tianguistengo,19.0,17.0,0.0,133.45,2651955.77,7.85,19872.280029973776,False,False,False,False,False,False,False,False,2.995732273553991,2.8903717578961645,0.0,4.901192382714874,2.180417459019838,9.897131396405397,14.790808329250051,False,Otros
2025,13071,Hidalgo,Tlahuiltepa,12.0,12.0,0.0,55.5,1387500.0,4.625,25000.0,False,False,False,False,False,False,False,False,2.5649493574615367,2.5649493574615367,0.0,4.034240638152395,1.7272209480904839,10.12667110305036,14.143014845323188,False,Otros
2025,13073,Hidalgo,Tlanchinol,17.0,16.0,0.0,125.6,2727022.18,7.85,21711.960031847135,False,False,False,False,False,False,False,False,2.8903717578961645,2.833213344056216,0.0,4.841032509710076,2.180417459019838,9.985664597744467,14.81872116197495,False,Otros
2025,13081,Hidalgo,Zacualtipán de Ángeles,11.6,9.0,0.0,70.65,1411183.59,7.8500000000000005,19974.290021231423,False,False,False,False,False,False,False,False,2.533696813957432,2.302585092994046,0.0,4.271793154274181,2.1804174590198384,9.902251289739658,14.159940044390462,False,Otros
2025,13084,Hidalgo,Zimapán,13.0,13.0,0.0,60.699999999999996,1166006.1199999999,4.669230769230769,19209.326523887972,False,False,False,False,False,False,False,False,2.6390573296152584,2.6390573296152584,0.0,4.122283930911342,1.735053441733754,9.863203253217726,13.969095752220415,False,Otros
2025,14001,Jalisco,Acatic,120.4,120.4,0.0,1590.24,42245065.05,13.20797342192691,26565.21345834591,False,False,False,False,False,False,False,True,4.799090878625398,4.799090878625398,0.0,7.372268865484234,2.653803315606659,10.187395516680342,17.5589981250665,True,Jalisco
2025,14002,Jalisco,Acatlán de Juárez,30.0,30.0,0.0,429.0,3993316.47,14.3,9308.43,False,False,False,False,False,False,False,False,3.4339872044851463,3.4339872044851463,0.0,6.063785208687608,2.72785282839839,9.138783143907022,15.200132889521488,False,Jalisco
2025,14003,Jalisco,Ahualulco de Mercado,68.0,68.0,0.0,765.68,16111147.6,11.26,21041.619997910355,False,False,False,False,False,False,False,False,4.23410650459726,4.23410650459726,0.0,6.642069504402252,2.506341930508065,9.954305183714611,16.595022049942475,False,Jalisco
2025,14004,Jalisco,Amacueca,280.76,235.76,0.0,2852.7,61398433.38,12.100016966406514,21522.919823325272,False,True,True,False,True,False,False,True,5.641055644747896,5.467046969822524,0.0,7.956371676884557,2.5726135253518025,9.976920145612839,17.932894894095206,True,Jalisco
2025,14006,Jalisco,Ameca,116.0,116.0,0.0,1540.48,26694993.32,13.28,17329.009996884088,False,False,False,False,False,False,False,False,4.762173934797756,4.762173934797756,0.0,7.340498272866429,2.658859956911438,9.760194959563732,17.099986627142474,False,Jalisco
2025,14007,Jalisco,San Juanito de Escobedo,19.0,19.0,0.0,224.39,6303471.88,11.809999999999999,28091.589999554348,False,False,False,False,False,False,False,False,2.995732273553991,2.995732273553991,0.0,5.417832235049179,2.5502261159086426,10.243261119463117,15.656611290272508,False,Jalisco
2025,14008,Jalisco,Arandas,222.0,222.0,0.0,3700.19,99819618.61,16.66752252252252,26976.89000024323,False,False,True,False,True,True,False,True,5.407171771460119,5.407171771460119,0.0,8.21640966854479,2.8717280683816933,10.202772920633931,18.41887531123911,True,Jalisco
2025,14009,Jalisco,El Arenal,55.0,55.0,0.0,605.28,14969364.72,11.005090909090908,24731.305709754164,False,False,False,False,False,False,False,False,4.02535169073515,4.02535169073515,0.0,6.407341925563456,2.485330802246869,10.115865591501068,16.521516385424693,False,Jalisco
2025,14011,Jalisco,Atengo,65.0,65.0,0.0,910.0,24986224.9,14.0,27457.39,False,False,False,False,False,False,False,False,4.189654742026425,4.189654742026425,0.0,6.814542897259958,2.70805020110221,10.220427046867497,17.033835266996036,False,Jalisco
2025,14012,Jalisco,Atenguillo,105.0,105.0,0.0,1278.9,28841369.13,12.180000000000001,22551.699999999997,False,False,False,False,False,False,False,False,4.663439094112067,4.663439094112067,0.0,7.154537228861746,2.578700529074361,10.023610071687902,17.17732137722759,False,Jalisco
2025,14013,Jalisco,Atotonilco El Alto,280.0,280.0,0.0,5404.0,140933618.0,19.3,26079.5,False,True,True,False,True,True,False,True,5.638354669333745,5.638354669333745,0.0,8.595079730073309,3.0106208860477417,10.168943187635954,18.763799550253296,True,Jalisco
2025,14014,Jalisco,Atoyac,528.58,479.58,0.0,5802.92,149237298.1,12.100004170315694,25717.621145905854,False,True,True,False,True,False,False,True,6.272084239559255,6.174993707788099,0.0,8.666288830311565,2.572612548551765,10.154970566724192,18.82104820845848,True,Jalisco
2025,14015,Jalisco,Autlán de Navarro,74.0,74.0,0.0,771.82,19409073.32,10.430000000000001,25147.15000906947,False,False,False,False,False,False,False,False,4.31748811353631,4.31748811353631,0.0,6.6500461624806135,2.4362414778067194,10.132539614534846,16.781251263126958,False,Jalisco
2025,14016,Jalisco,Ayotlán,183.0,183.0,0.0,3218.97,85262049.41,17.59,26487.370000341725,False,False,False,False,True,True,False,True,5.214935757608986,5.214935757608986,0.0,8.077127321724866,2.922623801733353,10.184461047731974,18.261240017921388,True,Jalisco
2025,14017,Jalisco,Ayutla,26.3,26.3,0.0,278.61,7606440.49,10.593536121673004,27301.390797171673,False,False,False,False,False,False,False,False,3.3068867021909143,3.3068867021909143,0.0,5.633395775099203,2.4504477119112296,10.21472955232656,15.8445060107503,False,Jalisco
2025,14018,Jalisco,La Barca,60.0,60.0,0.0,975.6,25810815.06,16.26,26456.35,False,False,False,False,False,True,False,False,4.110873864173311,4.110873864173311,0.0,6.88407715162756,2.848391685655282,10.183289281481903,17.066304189172488,True,Jalisco
2025,14020,Jalisco,Cabo Corrientes,13.0,13.0,0.0,98.67,1848655.47,7.59,18735.74004256613,False,False,False,False,False,False,False,False,2.6390573296152584,2.6390573296152584,0.0,4.601864728979365,2.150598735996164,9.838241583486477,14.429969700787558,False,Jalisco
2025,14023,Jalisco,Zapotlán el Grande,6205.0,6185.0,0.0,73229.5,1785046752.23,11.839854486661277,24376.06090755775,False,True,True,False,True,False,False,True,8.733271845008325,8.730043953245016,0.0,11.201367279834619,2.5525539653830562,10.101397842345545,21.302710444120716,True,Jalisco
2025,14024,Jalisco,Cocula,65.0,65.0,0.0,774.8,21117925.56,11.92,27255.970005162624,False,False,False,False,False,False,False,False,4.189654742026425,4.189654742026425,0.0,6.653894755005867,2.558776498354456,10.213064547391228,16.865632837740502,False,Jalisco
2025,14026,Jalisco,Concepción de Buenos Aires,2440.04,1801.04,0.0,20396.760000000002,492580735.1,11.324990005774442,24149.950045987694,False,True,True,False,True,False,False,True,7.80017945698545,7.49667463548019,0.0,9.923180369881848,2.5116289090379134,10.092078997685318,20.015168936308683,True,Jalisco
2025,14027,Jalisco,Cuautitlán de García Barragán,135.0,135.0,0.0,1035.0,11769844.05,7.666666666666667,11371.83,False,False,False,False,False,False,False,False,4.912654885736052,4.912654885736052,0.0,6.943122422819428,2.1594842493533726,9.338982456389617,16.281051314323975,False,Jalisco
2025,14030,Jalisco,Chapala,9.0,9.0,0.0,161.46,4161941.5,17.94,25776.91998018085,False,False,False,False,False,True,False,False,2.302585092994046,2.302585092994046,0.0,5.090431817622808,2.9412760877579323,10.157273589769545,15.241492470366952,True,Jalisco
2025,14032,Jalisco,Chiquilistlán,175.0,165.0,0.0,1958.55,50145362.81,11.87,25603.31000485053,False,False,False,False,True,False,False,True,5.170483995038151,5.111987788356544,0.0,7.580470134027587,2.554899021608035,10.150515975861246,17.730436621638162,True,Jalisco
2025,14033,Jalisco,Degollado,252.0,252.0,0.0,4599.0,124697470.0,18.25,27114.040008697542,False,True,True,False,True,True,False,True,5.53338948872752,5.53338948872752,0.0,8.433811582477187,2.9575110607337933,10.207843834793067,18.641401129770994,True,Jalisco
2025,14036,Jalisco,Etzatlán,23.0,23.0,0.0,274.39,7508473.81,11.93,27364.239986879988,False,False,False,False,False,False,False,False,3.1780538303479458,3.1780538303479458,0.0,5.618188274814676,2.559550192783766,10.217028873387179,15.831542915232358,False,Jalisco
2025,14038,Jalisco,Guachinango,10.0,10.0,0.0,96.0,2210331.84,9.6,23024.289999999997,False,False,False,False,False,False,False,False,2.3978952727983707,2.3978952727983707,0.0,4.574710978503383,2.3608540011180215,10.04434845604962,14.608653668488781,False,Jalisco
2025,14044,Jalisco,Ixtlahuacán de Los Membrillos,24.0,24.0,0.0,421.44,10196917.8,17.56,24195.41998861048,False,False,False,False,False,True,False,False,3.2188758248682006,3.2188758248682006,0.0,6.046047424878274,2.9210087273580543,10.093959966846473,16.137596154188248,True,Jalisco
2025,14045,Jalisco,Ixtlahuacán del Río,49.0,49.0,0.0,585.06,16200978.37,11.94,27691.140002734763,False,False,False,False,False,False,False,False,3.912023005428146,3.912023005428146,0.0,6.373422173414107,2.5603232890727545,10.228903897495622,16.600582253313558,False,Jalisco
2025,14048,Jalisco,Jesús María,133.0,133.0,0.0,1399.49,36807888.53,10.52248120300752,26300.93000307255,False,False,False,False,False,False,False,False,4.897839799950911,4.897839799950911,0.0,7.244577454367638,2.4443000142818416,10.177397599620617,17.421222769563208,False,Jalisco
2025,14050,Jalisco,Jocotepec,37.0,37.0,0.0,656.38,15925157.2,17.74,24262.100003047013,False,False,False,False,False,True,False,False,3.6375861597263857,3.6375861597263857,0.0,6.488262237889329,2.930660276810276,10.096711956817943,16.58341069343909,True,Jalisco
2025,14054,Jalisco,El Limón,1.5,1.5,0.0,16.11,410684.02,10.74,25492.490378646806,False,False,False,False,False,False,False,False,0.9162907318741551,0.9162907318741551,0.0,2.839663087904102,2.4630018143999504,10.146178419288466,12.925581824967296,False,Jalisco
2025,14055,Jalisco,Magdalena,12.0,12.0,0.0,146.4,4092800.86,12.200000000000001,27956.290027322404,False,False,False,False,False,False,False,False,2.5649493574615367,2.5649493574615367,0.0,4.993149979755236,2.580216829592325,10.238433268450189,15.224740344823164,False,Jalisco
2025,14057,Jalisco,La Manzanilla de la Paz,626.35,362.75,0.0,4332.1,106384824.78,11.94238456237078,24557.33357494056,False,True,True,False,True,False,False,True,6.441504598605709,5.8964668184857025,0.0,8.374038500171961,2.5605075504859007,10.108806528775881,18.48257350985173,True,Jalisco
2025,14058,Jalisco,Mascota,128.45,126.45,0.0,1507.28,43361229.58,11.919968366943456,28767.86634202006,False,False,False,False,False,False,False,True,4.8632947061975464,4.847724130822124,0.0,7.318725207724746,2.558774049972469,10.267049051598915,17.585076295228,True,Jalisco
2025,14059,Jalisco,Mazamitla,989.0,815.0,0.0,10423.16,265662034.53,12.789153374233129,25487.6673225778,False,True,True,False,True,False,False,True,6.897704943128636,6.704414354964107,0.0,9.25188146788105,2.6238822957387216,10.14598921364081,19.39773551580144,True,Jalisco
2025,14062,Jalisco,Mixtlán,39.0,39.0,0.0,489.0,11161522.8,12.538461538461538,22825.2,False,False,False,False,False,False,False,False,3.6888794541139363,3.6888794541139363,0.0,6.194405391104672,2.605534637576615,10.0356642780133,16.227983046815172,False,Jalisco
2025,14063,Jalisco,Ocotlán,13.0,13.0,0.0,206.57,5552583.01,15.889999999999999,26879.910006293267,False,False,False,False,False,False,False,False,2.6390573296152584,2.6390573296152584,0.0,5.335468632178829,2.826721730819709,10.19917164846483,15.529773964757828,False,Jalisco
2025,14065,Jalisco,Pihuamo,48.0,48.0,0.0,489.6,12036556.51,10.200000000000001,24584.46999591503,False,False,False,False,False,False,False,False,3.8918202981106265,3.8918202981106265,0.0,6.195629131824389,2.415913778301049,10.109910896845129,16.303459035865373,False,Jalisco
2025,14067,Jalisco,Puerto Vallarta,15.0,15.0,0.0,113.0,2163950.0,7.533333333333333,19150.0,False,False,False,False,False,False,False,False,2.772588722239781,2.772588722239781,0.0,4.736198448394496,2.1439800628174073,9.860110212566559,14.587446275438912,False,Jalisco
2025,14068,Jalisco,Villa Purificación,110.0,110.0,0.0,705.65,21028370.0,6.415,29800.0,False,False,False,False,False,False,False,False,4.709530201312334,4.709530201312334,0.0,6.56053549381416,2.0035049755898955,10.30229722897745,16.861383083908315,False,Jalisco
2025,14069,Jalisco,Quitupan,776.79,644.79,0.0,6875.7,172145216.08,10.663471828037036,25036.754960222235,False,True,True,False,True,False,False,True,6.656456564863477,6.47047437353411,0.0,8.835894164695183,2.456461892008267,10.128140163056415,18.96384896391817,True,Jalisco
2025,14071,Jalisco,San Cristóbal de La Barranca,4.0,4.0,0.0,49.92,910449.45,12.48,18238.170072115383,False,False,False,False,False,False,False,False,1.6094379124341003,1.6094379124341003,0.0,3.930255773689206,2.601207105484161,9.811326762160876,13.721694756020947,False,Jalisco
2025,14075,Jalisco,San Marcos,12.0,12.0,0.0,136.2,3568745.09,11.35,26202.24001468429,False,False,False,False,False,False,False,False,2.5649493574615367,2.5649493574615367,0.0,4.921439715291784,2.513656063073986,10.173638346785948,15.08772485676414,False,Jalisco
2025,14077,Jalisco,San Martín Hidalgo,36.0,36.0,0.0,442.8,12276842.54,12.3,27725.479990966574,False,False,False,False,False,False,False,False,3.6109179126442243,3.6109179126442243,0.0,6.095374010498493,2.5877640352277083,10.230143191892733,16.32322540692603,False,Jalisco
2025,14079,Jalisco,Gómez Farías,1851.33,1751.33,0.0,19705.16,488896243.13,11.251540257975368,24810.56957314734,False,True,True,False,True,False,False,True,7.524199585078071,7.468701609923925,0.0,9.88868655620397,2.505651664431638,10.119065338415025,20.0076608452326,True,Jalisco
2025,14080,Jalisco,San Sebastián del Oeste,32.0,32.0,0.0,332.8,8909891.33,10.4,26772.510006009616,False,False,False,False,False,False,False,False,3.4965075614664802,3.4965075614664802,0.0,5.810542011227735,2.4336133554004498,10.195168245065714,16.002672715198894,False,Jalisco
2025,14081,Jalisco,Santa María de Los Ángeles,9.0,9.0,0.0,85.23,1515836.01,9.47,17785.2400563182,False,False,False,False,False,False,False,False,2.302585092994046,2.302585092994046,0.0,4.457018144964233,2.3485140248824456,9.786180406794074,14.231478326211885,False,Jalisco
2025,14082,Jalisco,Sayula,1064.0,1061.0,0.0,12625.9,306879317.5,11.9,24305.54000110883,False,True,True,False,True,False,False,True,6.970730078143525,6.967909201801884,0.0,9.443584737869822,2.5572273113676265,10.098500728966185,19.541965128919134,True,Jalisco
2025,14083,Jalisco,Tala,50.5,50.5,0.0,500.0,14011085.0,9.900990099009901,28022.17,False,False,False,False,False,False,False,False,3.9415818076696905,3.9415818076696905,0.0,6.2166061010848646,2.3888536198814205,10.240786946967978,16.455359431368933,False,Jalisco
2025,14084,Jalisco,Talpa de Allende,32.0,32.0,0.0,367.2,10229949.65,11.475,27859.340005446626,False,False,False,False,False,False,False,False,3.4965075614664802,3.4965075614664802,0.0,5.908626268798978,2.5237266416375825,10.234959451331353,16.14083031386925,False,Jalisco
2025,14085,Jalisco,Tamazula de Gordiano,998.0,998.0,0.0,12380.19,288442951.8,12.405000000000001,23298.750003029032,False,True,True,False,True,False,False,True,6.906754778648554,6.906754778648554,0.0,9.423933664397763,2.595627771687923,10.056197910012498,19.48000788709814,True,Jalisco
2025,14086,Jalisco,Tapalpa,1896.0,1416.0,0.0,16807.92,419404330.0,11.87,24952.779998952876,False,True,True,False,True,False,False,True,7.5480289699350145,7.256297239690681,0.0,9.72966497686696,2.554899021608035,10.124780592668293,19.854346003035904,True,Jalisco
2025,14087,Jalisco,Tecalitlán,189.0,189.0,0.0,2120.38,51633509.28,11.218941798941799,24351.064092285345,False,False,False,False,True,False,False,True,5.247024072160486,5.247024072160486,0.0,7.659822099290528,2.502987354162537,10.100371892568484,17.759681443698266,True,Jalisco
2025,14088,Jalisco,Tecolotlán,60.0,60.0,0.0,1005.0,25588847.7,16.75,25461.54,False,False,False,False,False,True,False,False,4.110873864173311,4.110873864173311,0.0,6.913737350659685,2.8763855159214247,10.14496363147148,17.05766721689332,True,Jalisco
2025,14089,Jalisco,Techaluta de Montenegro,18.0,12.0,0.0,145.2,3391998.33,12.1,23360.870041322316,False,False,False,False,False,False,False,False,2.9444389791664403,2.5649493574615367,0.0,4.9849755473156785,2.5726122302071057,10.05886048687688,15.036930078370327,False,Jalisco
2025,14090,Jalisco,Tenamaxtlán,2.0,2.0,0.0,31.6,856184.62,15.8,27094.449999999997,False,False,False,False,False,False,False,False,1.0986122886681098,1.0986122886681098,0.0,3.484312288372662,2.8213788864092133,10.2071210960926,13.660242477410621,False,Jalisco
2025,14092,Jalisco,Teocuitatlán de Corona,79.55,54.55,0.0,660.06,15491535.59,12.100091659028413,23469.889994848956,False,False,False,False,False,False,False,False,4.388878109622984,4.017283516085639,0.0,6.493844607290443,2.572619227055026,10.063516208656525,16.555804406311132,False,Jalisco
2025,14093,Jalisco,Tepatitlán de Morelos,492.25,492.25,0.0,6153.13,164341908.2,12.500010157440325,26708.668303773848,False,True,True,False,True,False,False,True,6.201016144902725,6.201016144902725,0.0,8.724878680130757,2.602690437847088,10.192780887598364,18.91745962777844,True,Jalisco
2025,14094,Jalisco,Tequila,21.0,21.0,0.0,252.0,7171972.92,12.0,28460.21,False,False,False,False,False,False,False,False,3.091042453358316,3.091042453358316,0.0,5.53338948872752,2.5649493574615367,10.256297386551738,15.785691477336913,False,Jalisco
2025,14095,Jalisco,Teuchitlán,2.0,2.0,0.0,20.86,592413.57,10.43,28399.5,False,False,False,False,False,False,False,False,1.0986122886681098,1.0986122886681098,0.0,3.0846584827483925,2.4362414778067194,10.254162029628123,13.291961955941664,False,Jalisco
2025,14096,Jalisco,Tizapán El Alto,43.0,43.0,0.0,771.85,18100901.34,17.95,23451.319997408824,False,False,False,False,False,True,False,False,3.784189633918261,3.784189633918261,0.0,6.6500849805983275,2.9418039315284354,10.062724702772222,16.711472348032107,True,Jalisco
2025,14097,Jalisco,Tlajomulco de Zúñiga,27.0,27.0,0.0,378.0,5015734.92,14.0,13269.14,False,False,False,False,False,False,False,False,3.332204510175204,3.332204510175204,0.0,5.937536205082426,2.70805020110221,9.493271677383637,15.428090712381053,False,Jalisco
2025,14098,Jalisco,San Pedro Tlaquepaque,8.0,8.0,0.0,118.8,2628188.64,14.85,22122.800000000003,False,False,False,False,False,False,False,False,2.1972245773362196,2.1972245773362196,0.0,4.785823685681349,2.7631695003232895,10.0044092311171,14.781805817322555,False,Jalisco
2025,14099,Jalisco,Tolimán,114.38,114.38,0.0,947.15,24833026.54,8.280730897009967,26218.68398880853,False,False,False,False,False,False,False,False,4.7482310288287435,4.7482310288287435,0.0,6.854512717586418,2.227940304150328,10.174265704949429,17.02768508078036,False,Jalisco
2025,14103,Jalisco,Tonila,1066.0,1066.0,0.0,13855.2,339287618.3,12.99737335834897,24488.106869622956,False,True,True,False,True,False,False,True,6.9726062513017535,6.9726062513017535,0.0,9.536488064878183,2.6388696947521506,10.10598368009471,19.642358740140885,True,Jalisco
2025,14105,Jalisco,Tototlán,30.0,30.0,0.0,549.0,14726996.37,18.3,26825.129999999997,False,False,False,False,False,True,False,False,3.4339872044851463,3.4339872044851463,0.0,6.309918278226516,2.9601050959108397,10.197131691495175,16.505192923124728,True,Jalisco
2025,14107,Jalisco,Tuxcueca,53.0,53.0,0.0,928.03,24343823.11,17.509999999999998,26231.71999827592,False,False,False,False,False,True,False,False,3.9889840465642745,3.9889840465642745,0.0,6.834141031080382,2.918311126585406,10.174762765474586,17.007788745343884,True,Jalisco
2025,14108,Jalisco,Tuxpan,1850.0,1850.0,0.0,24512.5,609042967.8,13.25,24846.220002039772,False,True,True,False,True,False,False,True,7.523481312573497,7.523481312573497,0.0,10.10697926518498,2.6567569067146595,10.12050115412145,20.22739937950703,True,Jalisco
2025,14112,Jalisco,Valle de Juárez,127.9,89.9,0.0,1183.48,29709135.11,13.16440489432703,25103.19997803089,False,False,False,False,False,False,False,False,4.859036909945142,4.509760001183433,0.0,7.077059138694788,2.6507321199980303,10.130790440923834,17.206965169601023,False,Jalisco
2025,14113,Jalisco,San Gabriel,3030.99,2470.36,0.0,28409.14,680692937.6,11.5,23960.3500000352,False,True,True,False,True,False,False,True,8.016974448603788,7.812523885380899,0.0,10.2545014026784,2.5257286443082556,10.084197394550108,20.33862186463145,True,Jalisco
2025,14114,Jalisco,Villa Corona,33.0,33.0,0.0,468.6,12579787.24,14.200000000000001,26845.469995731968,False,False,False,False,False,False,False,False,3.5263605246161616,3.5263605246161616,0.0,6.151881268513887,2.7212954278522306,10.197889619999003,16.347601976026528,False,Jalisco
2025,14118,Jalisco,Yahualica de González Gallo,28.0,28.0,0.0,394.8,11010040.27,14.1,27887.639994934143,False,False,False,False,False,False,False,False,3.367295829986474,3.367295829986474,0.0,5.980909033168466,2.714694743820879,10.235974716253445,16.214318257102374,False,Jalisco
2025,14119,Jalisco,Zacoalco de Torres,52.1,44.1,0.0,533.61,13019022.12,12.1,24398.010007308705,False,False,False,False,False,False,False,False,3.9721769282478934,3.8088822465086327,0.0,6.281537509104132,2.5726122302071057,10.102297836987214,16.381922162744,False,Jalisco
2025,14120,Jalisco,Zapopan,25.0,25.0,0.0,368.75,6526963.5,14.75,17700.24,False,False,False,False,False,False,False,False,3.258096538021482,3.258096538021482,0.0,5.912827101590909,2.7568403652716422,9.781389972605254,15.691452538656646,False,Jalisco
2025,14121,Jalisco,Zapotiltic,2526.7,2526.7,0.0,30320.4,702735910.8,12.000000000000002,23176.999999999996,False,True,True,False,True,False,False,True,7.835065077338725,7.835065077338725,0.0,10.319609012832796,2.5649493574615367,10.050958831894336,20.370491720306994,True,Jalisco
2025,14122,Jalisco,Zapotitlán de Vadillo,1168.0,1168.0,0.0,11504.8,262667957.6,9.85,22831.162436548224,False,True,True,False,True,False,False,True,7.063903961472068,7.063903961472068,0.0,9.35060653503681,2.3841650799864684,10.035925454116162,19.386401277669865,True,Jalisco
2025,14123,Jalisco,Zapotlán del Rey,2.0,2.0,0.0,30.54,837175.31,15.27,27412.420104780616,False,False,False,False,False,False,False,False,1.0986122886681098,1.0986122886681098,0.0,3.451256581534892,2.7893229212309465,10.218787957316723,13.637789972450326,False,Jalisco
2025,14124,Jalisco,Zapotlanejo,33.0,33.0,0.0,412.17,7474974.98,12.49,18135.659994662397,False,False,False,False,False,False,False,False,3.5263605246161616,3.5263605246161616,0.0,6.023859130543853,2.6019486702196644,9.805690582938006,15.827071463857935,False,Jalisco
2025,15004,Estado de México,Almoloya de Alquisiras,635.28,608.0,0.0,6779.52,111685425.99000001,11.150526315789474,16473.942991539225,False,True,True,False,True,False,False,True,6.455638718030159,6.411818267709897,0.0,8.821809074158633,2.4973724870203258,9.709595899063611,18.53119678990585,True,Estado de México
2025,15007,Estado de México,Amanalco,55.0,51.5,0.0,595.86,7300790.85,11.570097087378642,12252.5271875944,False,False,False,False,False,False,False,False,4.02535169073515,3.960813169597578,0.0,6.391682580029157,2.53132074630969,9.413569108209101,15.803493372838632,False,Estado de México
2025,15008,Estado de México,Amatepec,165.42000000000002,165.42000000000002,0.0,1699.0,28943701.0,10.270825776810542,17035.727486756918,False,False,False,False,False,False,False,False,5.114514713472284,5.114514713472284,0.0,7.438383530044307,2.422217597489024,9.743126733040313,17.180863190820705,False,Estado de México
2025,15015,Estado de México,Atlautla,158.83,158.83,0.0,1476.56,31989480.0,9.296480513756846,21664.86969713388,False,False,False,False,False,False,False,False,5.074110750380562,5.074110750380562,0.0,7.29814735759278,2.331802139150121,9.98349347632394,17.28091768797415,False,Estado de México
2025,15021,Estado de México,Coatepec Harinas,2177.0,2177.0,0.0,25648.35,487056576.2,11.781511254019293,18989.782040560116,False,True,True,False,True,False,False,True,7.686162303492906,7.686162303492906,0.0,10.15227350914722,2.54799969344644,9.85170898466245,20.003890849247743,True,Estado de México
2025,15032,Estado de México,Donato Guerra,1533.0,1463.0,0.0,16240.109999999999,266291176.9,11.100553656869446,16397.128892599867,False,True,True,False,True,False,False,True,7.335633981927201,7.288927694521257,0.0,9.695300961133626,2.4932512083219565,9.70492251538867,19.400100921808814,True,Estado de México
2025,15034,Estado de México,Ecatzingo,131.91,131.91,0.0,1301.96,29294100.0,9.870062921689032,22500.0,False,False,False,False,False,False,False,False,4.889672207433241,4.889672207433241,0.0,7.172393878265305,2.386012489680213,10.021315031649332,17.19289672265946,False,Estado de México
2025,15040,Estado de México,Ixtapan de La Sal,24.0,24.0,0.0,245.88,4040298.2,10.245,16431.992028631856,False,False,False,False,False,False,False,False,3.2188758248682006,3.2188758248682006,0.0,5.5089023886148505,2.419923585411279,9.70704630209822,15.211829306601011,False,Estado de México
2025,15041,Estado de México,Ixtapan del Oro,419.0,286.0,0.0,3057.42,51877556.120000005,10.69027972027972,16967.75585951554,False,True,True,False,True,False,False,True,6.040254711277414,5.659482215759621,0.0,8.02565372172781,2.4587577033653436,9.739129041428436,17.764396829179752,True,Estado de México
2025,15049,Estado de México,Joquicingo,140.0,140.0,0.0,1381.8,30456709.8,9.87,22041.330004342162,False,False,False,False,False,False,False,False,4.948759890378168,4.948759890378168,0.0,7.2318657080474695,2.386006701133118,10.00071997475461,17.231816915358944,False,Estado de México
2025,15050,Estado de México,Juchitepec,77.64,47.64,0.0,470.21,13067108.1,9.870067170445004,27789.940877480276,False,False,False,False,False,False,False,False,4.364880475838911,3.8844462376579116,0.0,6.1553038545230505,2.3860128805477885,10.23246537885577,16.385608875213233,False,Estado de México
2025,15052,Estado de México,Malinalco,722.0,655.0,0.0,7157.25,125908873.66,10.92709923664122,17591.794845785742,False,True,True,False,True,False,False,True,6.583409222158765,6.486160788944089,0.0,8.876020816673046,2.478813057897394,9.77524471344366,18.651068986284063,True,Estado de México
2025,15060,Estado de México,Nicolás Romero,8.0,8.0,0.0,78.96,1154892.65,9.87,14626.300025329281,False,False,False,False,False,False,False,False,2.1972245773362196,2.1972245773362196,0.0,4.3815265096322,2.386006701133118,9.59064492642413,13.959518819776521,False,Estado de México
2025,15063,Estado de México,Ocuilan,309.0,309.0,0.0,3238.41,56353308.54,10.480291262135921,17401.53610568149,False,True,True,False,True,False,False,True,5.736572297479192,5.736572297479192,0.0,8.08314649343895,2.4406317618357702,9.76437122778174,17.847151528579893,True,Estado de México
2025,15066,Estado de México,Otzoloapan,14.0,13.0,0.0,128.31,1376576.41,9.870000000000001,10728.520068583897,False,False,False,False,False,False,False,False,2.70805020110221,2.6390573296152584,0.0,4.86221262230776,2.3860067011331183,9.280754106626645,14.135110838816114,False,Estado de México
2025,15068,Estado de México,Ozumba,153.69,132.52,0.0,1288.22,29326168.35,9.720947781466949,22764.875836425457,False,False,False,False,False,False,False,False,5.041423114248573,4.89425127935358,0.0,7.161792663317692,2.372199564184781,10.033018019966462,17.193990827241628,False,Estado de México
2025,15077,Estado de México,San Simón de Guerrero,494.6,391.0,0.0,3875.27,80742434.24,9.911176470588234,20835.30547290898,False,True,True,False,True,False,False,True,6.205769149754987,5.971261839790462,0.0,8.262628630027274,2.3897876281823707,9.94445219958066,18.20677483444029,True,Estado de México
2025,15078,Estado de México,Santo Tomás,14.0,14.0,0.0,161.98,1984681.01,11.569999999999999,12252.630016051366,False,False,False,False,False,False,False,False,2.70805020110221,2.70805020110221,0.0,5.093627493892074,2.531313022602156,9.413577499917379,14.500969262797051,False,Estado de México
2025,15080,Estado de México,Sultepec,345.0,345.0,0.0,3343.05,59327771.13,9.690000000000001,17746.6,False,True,True,False,True,False,False,True,5.846438775057725,5.846438775057725,0.0,8.11493792624592,2.3693087250369538,9.784005574494088,17.898588087049426,True,Estado de México
2025,15082,Estado de México,Tejupilco,138.24,104.24,0.0,1206.06,21931202.19,11.570030698388335,18184.171757624,False,False,False,False,False,False,False,False,4.936199062943238,4.656243456172092,0.0,7.095942929886884,2.5313154647939498,9.808361802392927,16.90342098391412,False,Estado de México
2025,15086,Estado de México,Temascaltepec,1887.0,1649.0,0.0,17390.63,370855213.1,10.546167374166162,21325.00163018821,False,True,True,False,True,False,False,True,7.543273346705446,7.408530566894626,0.0,9.76374433498566,2.4463535528238296,9.96768234101947,19.73132228591048,True,Estado de México
2025,15088,Estado de México,Tenancingo,884.0,884.0,0.0,8867.88,153586712.7,10.03153846153846,17319.439674420493,False,True,True,False,True,False,False,True,6.785587645007929,6.785587645007929,0.0,9.090303799010929,2.4007583032795843,9.759642567153374,18.849775875587603,True,Estado de México
2025,15090,Estado de México,Tenango del Valle,16.0,16.0,0.0,157.92,3316320.0,9.87,21000.0,False,False,False,False,False,False,False,False,2.833213344056216,2.833213344056216,0.0,5.068400930946398,2.386006701133118,9.952325334619427,15.014366593929742,False,Estado de México
2025,15094,Estado de México,Tepetlixpa,160.0,140.0,0.0,1373.76,37201651.99,9.81257142857143,27080.168289948757,False,False,False,False,False,False,False,False,5.081404364984463,4.948759890378168,0.0,7.226034449411295,2.3807094783468297,10.206593868265067,17.431863753471212,False,Estado de México
2025,15097,Estado de México,Texcaltitlán,31.0,31.0,0.0,333.69,6139672.42,10.764193548387096,18399.32997692469,False,False,False,False,False,False,False,False,3.4657359027997265,3.4657359027997265,0.0,5.813204730268699,2.4650604731564654,9.82012387696479,15.630282109783662,False,Estado de México
2025,15110,Estado de México,Valle de Bravo,966.0,966.0,0.0,10071.619999999999,187680461.36,10.426107660455486,18634.58523653593,False,True,True,False,True,False,False,True,6.874198495453294,6.874198495453294,0.0,9.217576130620746,2.4359008826677773,9.832828216654242,19.050251406421392,True,Estado de México
2025,15111,Estado de México,Villa de Allende,503.0,503.0,0.0,5622.51,97003219.27000001,11.177952286282306,17252.653933919195,False,True,True,False,True,False,False,True,6.222576268071369,6.222576268071369,0.0,8.634711303094473,2.4996271271529475,9.755779222284524,18.390254734576388,True,Estado de México
2025,15113,Estado de México,Villa Guerrero,551.9,551.9,0.0,6260.11,91783412.84,11.342833846711361,14661.629402678229,False,True,True,False,True,False,False,True,6.315177153343887,6.315177153343887,0.0,8.742112764669399,2.513075639333697,9.593057318339888,18.334942162142458,True,Estado de México
2025,15116,Estado de México,Zacazonapan,4.0,4.0,0.0,46.28,567051.72,11.57,12252.63007778738,False,False,False,False,False,False,False,False,1.6094379124341003,1.6094379124341003,0.0,3.856087373097843,2.531313022602156,9.41357750495556,13.248207558987108,False,Estado de México
2025,15117,Estado de México,Zacualpan,37.0,37.0,0.0,358.53,5759153.44,9.69,16063.240007809669,False,False,False,False,False,False,False,False,3.6375861597263857,3.6375861597263857,0.0,5.884797622914456,2.3693087250369538,9.684350963105048,15.566301223284992,False,Estado de México
2025,15119,Estado de México,Zumpahuacán,64.0,64.0,0.0,762.24,13266893.92,11.91,17405.140008396305,False,False,False,False,False,False,False,False,4.174387269895637,4.174387269895637,0.0,6.637572529662141,2.558002204858551,9.764578297002982,16.40078238646368,False,Estado de México
2025,15123,Estado de México,Luvianos,139.0,139.0,0.0,1608.23,34194829.56,11.57,21262.400004974414,False,False,False,False,False,False,False,False,4.941642422609304,4.941642422609304,0.0,7.383511082705736,2.531313022602156,9.964742564084581,17.34758503739166,False,Estado de México
2025,16001,Michoacán,Acuitzio,1987.0,1961.0,0.0,20950.26,537589421.5,10.683457419683833,25660.27445482777,False,True,True,False,True,False,False,True,7.59488438721652,7.581719640125308,0.0,9.949954066739846,2.458173945556417,10.152738303920978,20.102605671570423,True,Michoacán
2025,16002,Michoacán,Aguililla,48.0,45.0,0.0,621.0,12812726.61,13.8,20632.41,False,False,False,False,False,False,False,False,3.8918202981106265,3.828641396489095,0.0,6.432940092739179,2.6946271807700692,9.934666885668111,16.365949579388037,False,Michoacán
2025,16006,Michoacán,Apatzingán,1016.0,997.0,0.0,10647.96,231452683.4,10.68,21736.80999928625,False,True,True,False,True,False,False,True,6.92461239604856,6.905753276311464,0.0,9.273217513787088,2.457877977400081,9.986808419597596,19.25988602355965,True,Michoacán
2025,16008,Michoacán,Aquila,4.0,4.0,0.0,42.72,820224.0,10.68,19200.0,False,False,False,False,False,False,False,False,1.6094379124341003,1.6094379124341003,0.0,3.777805663308338,2.457877977400081,9.862717639992917,13.61733397184622,False,Michoacán
2025,16009,Michoacán,Ario,20396.0,20174.0,0.0,211762.7,4641025200.0,10.496812729255478,21916.15992807043,False,True,True,False,True,False,False,True,9.92314311019457,9.91219949313815,0.0,12.26322630935884,2.4420698429771583,9.995025167342385,22.258201127270432,True,Michoacán
2025,16015,Michoacán,Coalcomán de Vázquez Pallares,559.0,523.0,0.0,7086.65,128849682.9,13.549999999999999,18182.030000070557,False,True,True,False,True,False,False,True,6.327936783729195,6.261491684321042,0.0,8.866109111833216,2.6775909936175015,9.808244020514671,18.674157041819438,True,Michoacán
2025,16016,Michoacán,Coeneo,60.0,60.0,0.0,631.2,13261291.08,10.520000000000001,21009.649999999998,False,False,False,False,False,False,False,False,4.110873864173311,4.110873864173311,0.0,6.4492057997815175,2.444084655267745,9.952784731009226,16.400359979905453,False,Michoacán
2025,16018,Michoacán,Copándaro,6.0,4.0,0.0,43.6,809519.9,10.9,18566.97018348624,False,False,False,False,False,False,False,False,1.9459101490553132,1.6094379124341003,0.0,3.7977338590260183,2.4765384001174837,9.82919334215194,13.60419787017296,False,Michoacán
2025,16019,Michoacán,Cotija,2779.0,2750.0,0.0,32696.84,737753134.0999999,11.88976,22563.438365909362,False,True,True,False,True,False,False,True,7.930206206684683,7.919719760924575,0.0,10.395064299657742,2.556433197693197,10.024130422339534,20.419119821320823,True,Michoacán
2025,16021,Michoacán,Charapan,1823.0,1805.0,0.0,16172.8,328650379.9,8.959999999999999,20321.179999752672,False,True,True,False,True,False,False,True,7.508787170634276,7.498869733976931,0.0,9.691147928054397,2.298577071596507,9.919468179390355,19.61050507165691,True,Michoacán
2025,16022,Michoacán,Charo,163.5,157.0,0.0,1463.3300000000002,28452996.92,9.320573248407644,19444.00574033198,False,False,False,False,False,False,False,False,5.1029105702054265,5.062595033026967,0.0,7.289153078956343,2.334139305837043,9.875345541798444,17.16376408802899,False,Michoacán
2025,16025,Michoacán,Chilchota,1355.0,1341.0,0.0,13727.2,303474157.34000003,10.236539895600298,22107.506071157994,False,True,True,False,True,False,False,True,7.212294468500341,7.201916317531627,0.0,9.52720739038619,2.4191709586038326,10.003717703552297,19.530807019336272,True,Michoacán
2025,16026,Michoacán,Chinicuila,92.0,92.0,0.0,871.24,17525280.11,9.47,20115.33000091823,False,False,False,False,False,False,False,False,4.532599493153256,4.532599493153256,0.0,6.771064615398126,2.3485140248824456,9.909287202054802,16.679155031269833,False,Michoacán
2025,16032,Michoacán,Erongarícuaro,732.0,715.0,0.0,10002.85,206515340.1,13.99,20645.64999975007,False,True,True,False,True,False,False,True,6.597145701886651,6.573680166960646,0.0,9.2107252978827,2.7073833121145063,9.935308357613847,19.14588525864708,True,Michoacán
2025,16034,Michoacán,Hidalgo,69.0,52.0,0.0,465.92,8485283.79,8.96,18211.890002575547,False,False,False,False,False,False,False,False,4.248495242049359,3.970291913552122,0.0,6.146157936784463,2.298577071596507,9.809884864279704,15.953844020023565,False,Michoacán
2025,16039,Michoacán,Huiramba,258.0,238.0,0.0,2546.6,55511245.19,10.7,21798.18000078536,False,True,True,False,True,False,False,True,5.556828061699537,5.476463551931511,0.0,7.84290701849721,2.4595888418037104,9.989627633426858,17.83209619224321,True,Michoacán
2025,16040,Michoacán,Indaparapeo,4.0,4.0,0.0,37.88,670010.08,9.47,17687.700105596618,False,False,False,False,False,False,False,False,1.6094379124341003,1.6094379124341003,0.0,3.6604799795922385,2.3485140248824456,9.780681302576948,13.415049528543841,False,Michoacán
2025,16041,Michoacán,Irimbo,183.0,183.0,0.0,1680.48,29341169.0,9.182950819672131,17459.992978196704,False,False,False,False,False,False,False,False,5.214935757608986,5.214935757608986,0.0,7.427429636967453,2.3207148335276773,9.767724699379942,17.194502207184645,False,Michoacán
2025,16044,Michoacán,Jiménez,594.0,565.0,0.0,5830.8,122523241.8,10.32,21013.110002058034,False,True,True,False,True,False,False,True,6.38856140554563,6.338594078203183,0.0,8.671080979547645,2.4265710727750367,9.952949395938457,18.623811307094098,True,Michoacán
2025,16045,Michoacán,Jiquilpan,158.0,147.0,0.0,1602.3,34058953.47,10.9,21256.29000187231,False,False,False,False,False,False,False,False,5.0689042022202315,4.997212273764115,0.0,7.379819284194792,2.4765384001174837,9.964455174432947,17.343603536015976,False,Michoacán
2025,16046,Michoacán,Juárez,40.5,40.5,0.0,445.1,8987393.85,10.990123456790124,20191.853179060883,False,False,False,False,False,False,False,False,3.7256934272366524,3.7256934272366524,0.0,6.100543142134219,2.4840832656327954,9.913084017769455,16.011333581360244,False,Michoacán
2025,16047,Michoacán,Jungapeo,44.5,36.5,0.0,344.38,6069262.18,9.435068493150684,17623.73593123875,False,False,False,False,False,False,False,False,3.817712325956905,3.624340932976365,0.0,5.844645260156524,2.3451721042978173,9.777058644943477,15.618747768517746,False,Michoacán
2025,16048,Michoacán,Lagunillas,47.0,43.0,0.0,460.1,10008918.78,10.700000000000001,21753.79000217344,False,False,False,False,False,False,False,False,3.871201010907891,3.784189633918261,0.0,6.13361493921266,2.4595888418037104,9.987589242254753,16.118987231382345,False,Michoacán
2025,16049,Michoacán,Madero,1590.0,1569.0,0.0,16756.92,439561325.4,10.68,26231.63000121741,False,True,True,False,True,False,False,True,7.372118028337787,7.358830898342354,0.0,9.726626261322476,2.457877977400081,10.174759334750938,19.90128780210146,True,Michoacán
2025,16050,Michoacán,Maravatío,9.0,9.0,0.0,96.0,1756450.48,10.666666666666666,18296.359166666665,False,False,False,False,False,False,False,False,2.302585092994046,2.302585092994046,0.0,4.574710978503383,2.456735772821304,9.814512020583713,14.378806127192346,False,Michoacán
2025,16053,Michoacán,Morelia,1586.5,1534.5,0.0,16397.82,421295609.1,10.686099706744868,25692.17183137759,False,True,True,False,True,False,False,True,7.369915730766847,7.336611339880877,0.0,9.704964660004164,2.4584000762492666,10.1539805480871,19.85884530700414,True,Michoacán
2025,16054,Michoacán,Morelos,158.0,147.0,0.0,1519.98,32233790.27,10.34,21206.720002894774,False,False,False,False,False,False,False,False,5.0689042022202315,4.997212273764115,0.0,7.327110142928922,2.428336298299606,9.962120545453134,17.28852587858314,False,Michoacán
2025,16057,Michoacán,Nocupétaro,6.0,6.0,0.0,56.82,1031937.0,9.47,18161.510031678987,False,False,False,False,False,False,False,False,1.9459101490553132,1.9459101490553132,0.0,4.0573347365882,2.3485140248824456,9.80711486020758,13.846949145699538,False,Michoacán
2025,16058,Michoacán,Nuevo Parangaricutiro,9025.0,8992.0,0.0,95888.6,2309774195.0,10.663767793594307,24088.100097404695,False,True,True,False,True,False,False,True,9.107864580386947,9.104201775914515,0.0,11.470952808692576,2.456487267111544,10.089514739054163,21.560415606052857,True,Michoacán
2025,16059,Michoacán,Nuevo Urecho,313.0,298.0,0.0,3134.96,70689241.21,10.52,22548.69000242427,False,True,True,False,True,False,False,True,5.749392985908253,5.700443573390687,0.0,8.05069062628691,2.444084655267745,10.023476597715456,18.073803958185874,True,Michoacán
2025,16061,Michoacán,Ocampo,95.0,95.0,0.0,1003.0999999999999,19364229.330000002,10.558947368421052,19304.38573422391,False,False,False,False,False,False,False,False,4.564348191467836,4.564348191467836,0.0,6.911846896885391,2.4474598010031268,9.868139389551498,16.77893812472413,False,Michoacán
2025,16062,Michoacán,Pajacuarán,6.0,6.0,0.0,70.02,1504815.92,11.67,21491.229934304483,False,False,False,False,False,False,False,False,1.9459101490553132,1.9459101490553132,0.0,4.262961527514942,2.5392369943330477,9.97544675039117,14.224181800924883,False,Michoacán
2025,16063,Michoacán,Panindícuaro,5.0,5.0,0.0,47.35,1051170.0,9.47,22200.0,False,False,False,False,False,False,False,False,1.791759469228055,1.791759469228055,0.0,3.8784662218993033,2.3485140248824456,10.007892611890918,13.865415338812914,False,Michoacán
2025,16066,Michoacán,Pátzcuaro,1260.0,1197.0,0.0,12807.9,285497440.8,10.7,22290.730002576536,False,True,True,False,True,False,False,True,7.13966033596492,7.088408778675395,0.0,9.457895520789966,2.4595888418037104,10.01197103676324,19.46974362659988,True,Michoacán
2025,16067,Michoacán,Penjamillo,18.0,11.0,0.0,112.2,2247103.46,10.200000000000001,20027.66007130125,False,False,False,False,False,False,False,False,2.9444389791664403,2.4849066497880004,0.0,4.729156165769083,2.415913778301049,9.90491953033142,14.625153038738437,False,Michoacán
2025,16068,Michoacán,Peribán,11777.0,11751.0,0.0,153789.16999999998,3183594581.2,13.08732618500553,20701.032336672342,False,True,True,False,True,False,False,True,9.373988663504516,9.371778717853713,0.0,11.94334441983683,2.645275541047047,9.93798715494964,21.881276767110375,True,Michoacán
2025,16070,Michoacán,Purépero,881.0,865.0,0.0,8823.0,186271264.2,10.2,21112.009996599794,False,True,True,False,True,False,False,True,6.782192056006791,6.763884908562435,0.0,9.085230560933338,2.4159137783010487,9.957644716968755,19.04271458427688,True,Michoacán
2025,16071,Michoacán,Puruándiro,6.0,0.0,4.0,0.0,0.0,,,True,False,False,True,False,False,False,False,1.9459101490553132,0.0,1.6094379124341003,0.0,,,0.0,True,Michoacán
2025,16072,Michoacán,Queréndaro,76.0,76.0,0.0,808.5899999999999,15064071.93,10.639342105263157,18630.04975327422,False,False,False,False,False,False,False,False,4.343805421853684,4.343805421853684,0.0,6.696527946678261,2.4543909205395718,9.832584809473243,16.527823190651006,False,Michoacán
2025,16073,Michoacán,Quiroga,208.0,198.0,0.0,2118.6,47327744.38,10.7,22339.16000188804,False,False,False,False,True,False,False,True,5.342334251964811,5.293304824724492,0.0,7.658982670618607,2.4595888418037104,10.01414123472324,17.672607264576232,True,Michoacán
2025,16075,Michoacán,Los Reyes,7204.0,7077.0,0.0,92452.12,1924550427.8,13.063744524516038,20816.7257581546,False,True,True,False,True,False,False,True,8.882530508433623,8.864746660905409,0.0,11.434456984217698,2.6436001755699277,9.943560102684513,21.377958233930112,True,Michoacán
2025,16076,Michoacán,Sahuayo,14.0,14.0,0.0,168.0,3585259.44,12.0,21340.829999999998,False,False,False,False,False,False,False,False,2.70805020110221,2.70805020110221,0.0,5.1298987149230735,2.5649493574615367,9.968424275630776,15.092341676518046,False,Michoacán
2025,16079,Michoacán,Salvador Escalante,16879.0,16711.0,0.0,190839.7,4135172503.0,11.420004787265874,21668.303309007508,False,True,True,False,True,False,False,True,9.733884768149949,9.723882303236401,0.0,12.159194327617447,2.5193084619533965,9.983651943990855,22.142794882568822,True,Michoacán
2025,16081,Michoacán,Susupuato,371.0,371.0,0.0,3966.1400000000003,74469813.08,10.690404312668464,18776.395457548144,False,True,True,False,True,False,False,True,5.918893854273146,5.918893854273146,0.0,8.285800711043617,2.4587683610850726,9.840409056112803,18.125904421107908,True,Michoacán
2025,16082,Michoacán,Tacámbaro,17713.5,17414.5,0.0,196028.40000000002,3855637629.0,11.256619483763531,19668.7705914041,False,True,True,False,True,False,False,True,9.782138792232889,9.765115893269376,0.0,12.186019926963779,2.5060661570671035,9.88683824844799,22.07280223365632,True,Michoacán
2025,16083,Michoacán,Tancítaro,25562.0,25075.0,0.0,268975.9,5943473380.6,10.726855433698905,22096.676247202817,False,True,True,False,True,False,False,True,10.148901272496065,10.12966649239386,0.0,12.502380781290679,2.461881547757244,10.003227734792098,22.50555954380169,True,Michoacán
2025,16084,Michoacán,Tangamandapio,3430.0,3344.0,0.0,40231.0,816972962.82,12.0308014354067,20307.050851830678,False,True,True,False,True,False,False,True,8.14060704285845,8.11522197256233,0.0,10.6024179778518,2.5673158961836293,9.91877268009363,20.52111656025714,True,Michoacán
2025,16085,Michoacán,Tangancícuaro,1945.0,1926.0,0.0,19678.06,413928863.88,10.217061266874351,21035.044302131406,False,True,True,False,True,False,False,True,7.57353126274595,7.563719668414366,0.0,9.887310405237855,2.417435946614324,9.95399264072201,19.841204693064807,True,Michoacán
2025,16086,Michoacán,Tanhuato,11.5,10.0,0.0,131.0,2769641.3,13.1,21142.3,False,False,False,False,False,False,False,False,2.5257286443082556,2.3978952727983707,0.0,4.882801922586371,2.6461747973841225,9.959078349417522,14.834228736251056,False,Michoacán
2025,16087,Michoacán,Taretan,3374.0,3341.0,0.0,35065.259999999995,755830272.5,10.495438491469619,21554.959880519924,False,True,True,False,True,False,False,True,8.12415060330663,8.114324709155339,0.0,10.464994693592217,2.441950303765943,9.978407617877037,20.443327402986192,True,Michoacán
2025,16088,Michoacán,Tarímbaro,4.0,4.0,0.0,37.88,667913.8,9.47,17632.360084477295,False,False,False,False,False,False,False,False,1.6094379124341003,1.6094379124341003,0.0,3.6604799795922385,2.3485140248824456,9.777547846255239,13.41191589947406,False,Michoacán
2025,16089,Michoacán,Tepalcatepec,21.0,19.0,0.0,207.1,4821058.12,10.9,23278.890004828587,False,False,False,False,False,False,False,False,3.091042453358316,2.995732273553991,0.0,5.338018733399589,2.4765384001174837,10.055345176955715,15.38850419632854,False,Michoacán
2025,16090,Michoacán,Tingambato,4283.0,4244.0,0.0,42854.3,955451471.8,10.097620169651274,22295.34659999113,False,True,True,False,True,False,False,True,8.36264243156764,8.353497098745448,0.0,10.665584603658498,2.4067306862009934,10.012178114429865,20.67769453312307,True,Michoacán
2025,16091,Michoacán,Tingüindín,5446.0,5409.0,0.0,65477.53,1417854262.4,12.10529303013496,21654.05845944403,False,True,True,False,True,False,False,True,8.602820277383675,8.596004371840527,0.0,11.089477581630144,2.573016196703558,9.982994353226891,21.072410483610906,True,Michoacán
2025,16094,Michoacán,Tlazazalca,283.0,276.0,0.0,2829.2,56836433.17,10.25072463768116,20089.224222395027,False,True,True,False,True,False,False,True,5.648974238161206,5.6240175061873385,0.0,7.948102659518271,2.4204325388143753,9.907988618642419,17.85568812470734,True,Michoacán
2025,16095,Michoacán,Tocumbo,1101.0,1076.0,0.0,12742.27,288985050.06,11.842258364312269,22679.2439698735,False,True,True,False,True,False,False,True,7.004881989712859,6.981934677156389,0.0,9.452758568091086,2.5527411678668983,10.029249514832928,19.48188551830286,True,Michoacán
2025,16097,Michoacán,Turicato,6730.0,6613.0,0.0,73975.78,1418678397.7,11.186417662180553,19177.60647741734,False,True,True,False,True,False,False,True,8.814479000010714,8.796943893541737,0.0,11.211506539162091,2.500322025174674,9.861550690814473,21.07299157004379,True,Michoacán
2025,16098,Michoacán,Tuxpan,396.0,396.0,0.0,3717.9900000000002,67675195.44,9.388863636363636,18202.091839945777,False,True,True,False,True,False,False,True,5.983936280687191,5.983936280687191,0.0,8.221207405026592,2.3407344282311118,9.809346739952392,18.03023029615714,True,Michoacán
2025,16099,Michoacán,Tuzantla,17.0,17.0,0.0,263.5,5021709.22,15.5,19057.719999999998,False,False,False,False,False,False,False,False,2.8903717578961645,2.8903717578961645,0.0,5.577841251298354,2.803360380906535,9.85528001860473,15.429281114924123,False,Michoacán
2025,16100,Michoacán,Tzintzuntzan,59.0,56.0,0.0,599.2,13615112.28,10.700000000000001,22722.149999999998,False,False,False,False,False,False,False,False,4.0943445622221,4.04305126783455,0.0,6.3972629330062665,2.4595888418037104,10.031139507591043,16.42669100429042,False,Michoacán
2025,16101,Michoacán,Tzitzio,47.0,47.0,0.0,470.0,9017147.4,10.0,19185.420000000002,False,False,False,False,False,False,False,False,3.871201010907891,3.871201010907891,0.0,6.154858094016418,2.3978952727983707,9.861958016100449,16.014638700148545,False,Michoacán
2025,16102,Michoacán,Uruapan,18307.0,18102.0,0.0,201170.38,4880093835.0,11.11315766213678,24258.51079567479,False,True,True,False,True,False,False,True,9.815093401773533,9.803832949375943,0.0,12.21191246056885,2.4942922718945453,10.096564017235977,22.308430285315122,True,Michoacán
2025,16105,Michoacán,Vista Hermosa,5.0,4.0,0.0,42.72,928991.26,10.68,21746.05009363296,False,False,False,False,False,False,False,False,1.791759469228055,1.6094379124341003,0.0,3.777805663308338,2.457877977400081,9.987233399439594,13.741855686221978,False,Michoacán
2025,16106,Michoacán,Yurécuaro,2.0,2.0,0.0,21.36,464495.63,10.68,21746.05009363296,False,False,False,False,False,False,False,False,1.0986122886681098,1.0986122886681098,0.0,3.1072736482868986,2.457877977400081,9.987233399439594,13.048709582096688,False,Michoacán
2025,16107,Michoacán,Zacapu,4032.0,3981.0,0.0,48209.91,1037652747.0,12.110000000000001,21523.63999434971,False,True,True,False,True,False,False,True,8.302265794873367,8.289539484624141,0.0,10.783340622973443,2.5733752977756086,9.976953604154891,20.76022702622025,True,Michoacán
2025,16110,Michoacán,Zinapécuaro,249.0,230.0,0.0,2481.55,47631224.45,10.789347826086958,19194.14255203401,False,True,True,False,True,False,False,True,5.521460917862246,5.442417710521793,0.0,7.817041536703409,2.467196397165778,9.862412533926415,17.67899910097851,True,Michoacán
2025,16111,Michoacán,Ziracuaretiro,5470.0,5225.0,0.0,59498.25,1204928723.2,11.387224880382774,20251.498543234466,False,True,True,False,True,False,False,True,8.607216694063826,8.561401446080557,0.0,10.99371898641226,2.5166656899550044,9.916033449774485,20.9096862520981,True,Michoacán
2025,16112,Michoacán,Zitácuaro,1317.0,1317.0,0.0,13968.78,312841804.70000005,10.606514806378133,22395.785795180396,False,True,True,False,True,False,False,True,7.183870715062453,7.183870715062453,0.0,9.54465170409551,2.4515665617016285,10.016672736260682,19.561208207641133,True,Michoacán
2025,17004,Morelos,Ayala,7.0,7.0,0.0,66.5,1354120.88,9.5,20362.719999999998,False,False,False,False,False,False,False,False,2.0794415416798357,2.0794415416798357,0.0,4.212127597878484,2.3513752571634776,9.92151016517323,14.11866374317432,False,Morelos
2025,17007,Morelos,Cuernavaca,266.0,266.0,0.0,2527.0,70174688.92,9.5,27769.96,False,True,True,False,True,False,False,True,5.58724865840025,5.58724865840025,0.0,7.8351837552667485,2.3513752571634776,10.231746149382838,18.066498261534843,True,Morelos
2025,17009,Morelos,Huitzilac,21.0,21.0,0.0,199.5,2873735.66,9.5,14404.690025062657,False,False,False,False,False,False,False,False,3.091042453358316,3.091042453358316,0.0,5.300814246746624,2.3513752571634776,9.575378548145943,14.871123713030485,False,Morelos
2025,17016,Morelos,Ocuituco,2084.0,2074.0,0.0,17710.18,378812534.3,8.539141755062682,21389.53609167157,False,True,True,False,True,False,False,True,7.642524134232902,7.637716432664798,0.0,9.781951357580414,2.2554035186316117,9.97070386448663,19.752552010861717,True,Morelos
2025,17019,Morelos,Tepalcingo,5.0,5.0,0.0,47.5,960103.25,9.5,20212.7,False,False,False,False,False,False,False,False,1.791759469228055,1.791759469228055,0.0,3.8815637979434374,2.3513752571634776,9.914115871325308,13.774797151298145,False,Morelos
2025,17020,Morelos,Tepoztlán,108.0,88.0,0.0,836.0,17806800.0,9.5,21300.0,False,False,False,False,False,False,False,False,4.6913478822291435,4.48863636973214,0.0,6.729824070489475,2.3513752571634776,9.966509298952284,16.695091020940538,False,Morelos
2025,17022,Morelos,Tetela del Volcán,1705.0,1685.0,0.0,15109.949999999999,320987646.98999995,8.967329376854599,21243.461890343777,False,True,True,False,True,False,False,True,7.441906728051625,7.430114138561801,0.0,9.623174925560427,2.2993126821789884,9.963851523461072,19.586913200571992,True,Morelos
2025,17023,Morelos,Tlalnepantla,411.0,392.0,0.0,3724.0,78204000.0,9.5,21000.0,False,True,True,False,True,False,False,True,6.021023349349527,5.973809611869261,0.0,8.22282213081366,2.3513752571634776,9.952325334619427,18.17483136788959,True,Morelos
2025,17026,Morelos,Tlayacapan,110.0,78.0,0.0,741.0,10673875.29,9.5,14404.689999999999,False,False,False,False,False,False,False,False,4.709530201312334,4.3694478524670215,0.0,6.60934924316738,2.3513752571634776,9.575378546406169,16.18330984596438,False,Morelos
2025,17027,Morelos,Totolapan,362.0,354.0,0.0,3363.0,71631900.0,9.5,21300.0,False,True,True,False,True,False,False,True,5.8944028342648505,5.872117789475416,0.0,8.120886021092838,2.3513752571634776,9.966509298952284,18.087051077398048,True,Morelos
2025,17029,Morelos,Yautepec,18.0,18.0,0.0,171.4,3417700.0,9.522222222222222,19939.90665110852,False,False,False,False,False,False,False,False,2.9444389791664403,2.9444389791664403,0.0,5.149817358229593,2.353489422855813,9.90052851144446,15.044478660773901,False,Morelos
2025,17030,Morelos,Yecapixtla,505.0,505.0,0.0,3990.42,94731939.35,7.901821782178218,23739.841758511633,False,True,True,False,True,False,False,True,6.226536669287466,6.226536669287466,0.0,8.291902336294493,2.1862559504177734,10.074952124928137,18.36656178059349,True,Morelos
2025,17032,Morelos,Zacualpan de Amilpas,135.0,135.0,0.0,1259.12,26165566.43,9.326814814814814,20780.836163352185,False,False,False,False,False,False,False,False,4.912654885736052,4.912654885736052,0.0,7.138962233505902,2.3347438923908657,9.94183462279727,17.079954884157537,False,Morelos
2025,17036,Morelos,Hueyapan,281.0,281.0,0.0,2669.5,59396375.0,9.5,22250.0,False,True,True,False,True,False,False,True,5.641907070938114,5.641907070938114,0.0,7.890020999779825,2.3513752571634776,10.010142230404668,17.89974377237067,True,Morelos
2025,18002,Nayarit,Ahuacatlán,39.0,37.0,0.0,360.38,3365030.24,9.74,9337.45002497364,False,False,False,False,False,False,False,False,3.6888794541139363,3.6375861597263857,0.0,5.889930036283685,2.3739750890807185,9.141895567234672,15.028947804821735,False,Nayarit
2025,18003,Nayarit,Amatlán de Cañas,110.0,62.0,0.0,497.96999999999997,4599175.51,8.031774193548387,9235.848565174609,False,False,False,False,False,False,False,False,4.709530201312334,4.143134726391533,0.0,6.212545973703744,2.2007488258205314,9.130956042085005,15.34138782586819,False,Nayarit
2025,18004,Nayarit,Compostela,113.0,65.0,0.0,548.39,10507753.83,8.436769230769231,19161.096719487956,False,False,False,False,False,False,False,False,4.736198448394496,4.189654742026425,0.0,6.3088085718209665,2.244613679075819,9.860689477661182,16.167624097768137,False,Nayarit
2025,18006,Nayarit,Ixtlán del Río,50.0,39.0,0.0,336.52,3124666.24,8.628717948717949,9285.231903007252,False,False,False,False,False,False,False,False,3.9318256327243257,3.6888794541139363,0.0,5.8216247678160835,2.264750085973067,9.136288141669636,14.9548383522829,False,Nayarit
2025,18007,Nayarit,Jala,1535.5,678.5,0.0,5671.48,52595613.300000004,8.358850405305821,9273.701626383237,False,True,True,False,True,False,False,True,7.33726238157054,6.521357233591198,0.0,8.643381690865498,2.2363224630005543,9.135045717295997,17.778143295904776,True,Nayarit
2025,18008,Nayarit,Xalisco,4103.8,3177.8,0.0,24962.9,233310485.92000002,7.855403109069167,9346.289330165966,False,True,True,False,True,False,False,True,8.319912299627756,8.064259046066024,0.0,10.125186060277604,2.181027793526611,9.142841669038157,19.26788068634576,True,Nayarit
2025,18009,Nayarit,Del Nayar,194.0,0.0,0.0,0.0,0.0,,,True,False,False,False,False,False,False,False,5.272999558563747,0.0,0.0,0.0,,,0.0,False,Nayarit
2025,18011,Nayarit,Ruíz,6.0,6.0,0.0,46.62,447437.32,7.77,9597.540111540113,False,False,False,False,False,False,False,False,1.9459101490553132,1.9459101490553132,0.0,3.8632528410587166,2.1713368063840917,9.16936629417728,13.011293974795054,False,Nayarit
2025,18012,Nayarit,San Blas,817.0,807.0,0.0,8517.57,66603905.01,10.55460966542751,7819.589978127565,False,True,True,False,True,False,False,True,6.706862336602747,6.694562058521095,0.0,9.050003765361003,2.447084462578313,8.964515275466889,18.014273782589644,True,Nayarit
2025,18013,Nayarit,San Pedro Lagunillas,413.0,261.0,0.0,2370.75,50740273.910000004,9.083333333333334,21402.625291574397,False,True,True,False,True,False,False,True,6.025865973825314,5.568344503761097,0.0,7.7713833582729865,2.310883895808741,9.971315592810678,17.742230530134133,True,Nayarit
2025,18014,Nayarit,Santa María del Oro,689.0,523.0,0.0,4387.66,40846539.06,8.389407265774379,9309.413003742315,False,True,True,False,True,False,False,True,6.536691597591305,6.261491684321042,0.0,8.386779220294303,2.2395821672420797,9.138888730591402,17.525332677029542,True,Nayarit
2025,18017,Nayarit,Tepic,4740.5,3238.5,0.0,25919.980000000003,243931204.5,8.00369924347692,9410.933361059691,False,True,True,False,True,False,False,True,8.464108820323782,8.083174275890013,0.0,10.162807958393458,2.197635519940731,9.149733669611786,19.31239679883147,True,Nayarit
2025,18020,Nayarit,Bahía de Banderas,13.0,8.0,0.0,65.02,794227.9099999999,8.1275,12215.132420793601,False,False,False,False,False,False,False,False,2.6390573296152584,2.1972245773362196,0.0,4.189957726425047,2.2112918345476547,9.410512686786802,13.585126998426997,False,Nayarit
2025,19007,Nuevo León,Aramberri,349.0,349.0,0.0,2809.45,33711686.24,8.049999999999999,11999.390001601738,False,True,True,False,True,False,False,False,5.857933154483459,5.857933154483459,0.0,7.941099891855129,2.2027647577118348,9.392694428375497,17.333355137574433,True,Otros
2025,19008,Nuevo León,Bustamante,18.5,18.5,0.0,148.93,1673321.3,8.050270270270271,11235.622775800712,False,False,False,False,False,False,False,False,2.970414465569701,2.970414465569701,0.0,5.010168518506812,2.202794621384173,9.326933613512681,14.330321609352566,False,Otros
2025,19009,Nuevo León,Cadereyta Jiménez,5.0,0.0,5.0,0.0,0.0,,,True,False,False,True,False,False,False,False,1.791759469228055,0.0,1.791759469228055,0.0,,,0.0,True,Otros
2025,19017,Nuevo León,Galeana,13.0,13.0,0.0,90.45,1719000.0,6.957692307692308,19004.97512437811,False,False,False,False,False,False,False,False,2.6390573296152584,2.6390573296152584,0.0,4.515792374836875,2.074139046730015,9.852508688940462,14.357253866098382,False,Otros
2025,19024,Nuevo León,General Zaragoza,78.0,78.0,0.0,627.9,12441687.81,8.049999999999999,19814.760009555663,False,False,False,False,False,False,False,False,4.3694478524670215,4.3694478524670215,0.0,6.443972261549457,2.2027647577118348,9.894232860152966,16.336563392492106,False,Otros
2025,19043,Nuevo León,Rayones,199.0,199.0,0.0,1601.95,22596578.06,8.05,14105.670002184836,False,False,False,False,False,False,False,False,5.298317366548036,5.298317366548036,0.0,7.3796009606071795,2.2027647577118348,9.554403014313818,16.93330908375852,False,Otros
2025,19044,Nuevo León,Sabinas Hidalgo,30.0,30.0,0.0,241.5,2704800.0,8.05,11200.0,False,False,False,False,False,False,False,False,3.4339872044851463,3.4339872044851463,0.0,5.491001710377538,2.2027647577118348,9.32375833901174,14.810538900088847,False,Otros
2025,19048,Nuevo León,Santa Catarina,1.0,1.0,0.0,4.5,45000.0,4.5,10000.0,False,False,False,False,False,False,False,False,0.6931471805599453,0.6931471805599453,0.0,1.7047480922384253,1.7047480922384253,9.210440366976517,10.714439990727769,False,Otros
2025,19051,Nuevo León,Villaldama,6.0,6.0,0.0,48.3,524344.8,8.049999999999999,10856.000000000002,False,False,False,False,False,False,False,False,1.9459101490553132,1.9459101490553132,0.0,3.8979240810486444,2.2027647577118348,9.292565312231853,13.169906669313432,False,Otros
2025,20001,Oaxaca,Abejones,3.5,3.5,0.0,27.48,751365.03,7.851428571428571,27342.25,False,False,False,False,False,False,False,False,1.5040773967762742,1.5040773967762742,0.0,3.349202086543775,2.1805788664933545,10.216224976658554,13.529648202156745,False,Otros
2025,20003,Oaxaca,Asunción Cacalotepec,29.0,29.0,0.0,140.65,2142850.0,4.8500000000000005,15235.335940277284,False,False,False,False,False,False,False,False,3.4011973816621555,3.4011973816621555,0.0,4.953359226276525,1.7664416612437652,9.631438376467866,14.577647743340396,False,Otros
2025,20004,Oaxaca,Asunción Cuyotepeji,2.75,2.25,0.0,18.45,354261.22,8.2,19201.150135501353,False,False,False,False,False,False,False,False,1.3217558399823195,1.1786549963416462,0.0,2.9678470700644555,2.2192034840549946,9.862777537969913,12.777792652370819,False,Otros
2025,20019,Oaxaca,Concepción Pápalo,49.75,36.75,0.0,262.51,4755952.13,7.14312925170068,18117.222696278237,False,False,False,False,False,False,False,False,3.926911617921897,3.6309854756950335,0.0,5.574091317925445,2.0971745350964275,9.804673489591945,15.374907681824148,False,Otros
2025,20023,Oaxaca,Cuilápam de Guerrero,21.25,14.0,0.0,114.8,2563164.86,8.2,22327.220034843205,False,False,False,False,False,False,False,False,3.1023420086122493,2.70805020110221,0.0,4.751864565138895,2.2192034840549946,10.013606629827365,14.756753716479086,False,Otros
2025,20024,Oaxaca,Cuyamecalco Villa de Zaragoza,58.6,42.5,0.0,310.83,5779290.510000001,7.313647058823529,18593.091110896636,False,False,False,False,False,False,False,False,4.087655574071304,3.7727609380946383,0.0,5.742458167518031,2.1178983885008678,9.830599127019752,15.569791657010926,False,Otros
2025,20027,Oaxaca,Chiquihuitlán de Benito Juárez,29.6,20.2,0.0,149.91,2772121.71,7.421287128712871,18491.906543926358,False,False,False,False,False,False,False,False,3.4210000089583352,3.054001181677967,0.0,5.016683632630459,2.1307626822143324,9.825142507480281,14.835123905988914,False,Otros
2025,20028,Oaxaca,Heroica Ciudad de Ejutla de Crespo,48.6,42.55,0.0,285.09,5057365.46,6.700117508813161,17739.54000491073,False,False,False,False,False,False,False,False,3.903990833730882,3.7739097032985116,0.0,5.656306446631499,2.0412355896280183,9.78360769536143,15.436356443325462,False,Otros
2025,20029,Oaxaca,Eloxochitlán de Flores Magón,3.5,3.5,0.0,12.25,187519.2,3.5,15307.689795918368,False,False,False,False,False,False,False,False,1.5040773967762742,1.5040773967762742,0.0,2.583997552432231,1.5040773967762742,9.636175906669537,12.141641851923117,False,Otros
2025,20031,Oaxaca,Tamazulápam del Espíritu Santo,72.3,65.5,0.0,318.43,4845034.59,4.861526717557252,15215.383569387306,False,False,False,False,False,False,False,False,4.294560608892605,4.197201947661808,0.0,5.76653815748159,1.7684101016627087,9.630127992760515,15.393465148997258,False,Otros
2025,20038,Oaxaca,Villa Hidalgo Yalálag,6.0,6.0,0.0,42.77,1185067.55,7.128333333333334,27707.915595043254,False,False,False,False,False,False,False,False,1.9459101490553132,1.9459101490553132,0.0,3.778948651202804,2.095355900493906,10.229509503025703,13.985311178979497,False,Otros
2025,20039,Oaxaca,Heroica Ciudad de Huajuapan de León,3.5,3.5,0.0,28.7,530252.59,8.2,18475.7,False,False,False,False,False,False,False,False,1.5040773967762742,1.5040773967762742,0.0,3.391147045808654,2.2192034840549946,9.824265757821328,13.181110642795336,False,Otros
2025,20040,Oaxaca,Huautepec,4.0,4.0,0.0,14.0,214307.66,3.5,15307.69,False,False,False,False,False,False,False,False,1.6094379124341003,1.6094379124341003,0.0,2.70805020110221,1.5040773967762742,9.636175920000634,12.275172591284472,False,Otros
2025,20041,Oaxaca,Huautla de Jiménez,41.2,35.0,0.0,231.25,4275715.22,6.607142857142857,18489.579329729728,False,False,False,False,False,False,False,False,3.742420221041966,3.58351893845611,0.0,5.447814377693948,2.029087655534221,9.825016655947104,15.268462183162374,False,Otros
2025,20042,Oaxaca,Ixtlán de Juárez,9.0,9.0,0.0,32.85,472027.89,3.6500000000000004,14369.189954337899,False,False,False,False,False,False,False,False,2.302585092994046,2.302585092994046,0.0,3.521938999358284,1.536867219599265,9.57291119779836,13.0647954703217,False,Otros
2025,20045,Oaxaca,Magdalena Apasco,13.35,12.6,0.0,103.32,2278043.79,8.2,22048.430023228804,False,False,False,False,False,False,False,False,2.66374994220563,2.6100697927420065,0.0,4.647463098178343,2.2192034840549946,10.001042031254219,14.638828084780167,False,Otros
2025,20048,Oaxaca,Magdalena Mixtepec,28.0,26.5,0.0,217.3,4911747.07,8.200000000000001,22603.530004601933,False,False,False,False,False,False,False,False,3.367295829986474,3.3141860046725258,0.0,5.385870263555899,2.2192034840549946,10.025905607855929,15.407140458813025,False,Otros
2025,20050,Oaxaca,Magdalena Peñasco,5.8,5.8,0.0,31.79,514919.8,5.481034482758621,16197.540106951872,False,False,False,False,False,False,False,False,1.916922612182061,1.916922612182061,0.0,3.4901235908565567,1.868880140023713,9.692676400304885,13.151768381411763,False,Otros
2025,20058,Oaxaca,Mazatlán Villa de Flores,260.25,230.25,0.0,1524.78,27422442.25,6.622280130293159,17984.523832946394,False,True,True,False,False,False,False,False,5.565477803279021,5.443499376392535,0.0,7.330261033692385,2.031075554635543,9.797322481807674,17.12687233279698,True,Otros
2025,20059,Oaxaca,Miahuatlán de Porfirio Díaz,12.85,7.85,0.0,52.6,983546.36,6.7006369426751595,18698.6,False,False,False,False,False,False,False,False,2.6282852326333477,2.180417459019838,0.0,3.9815490680767565,2.041303045266485,9.836257412239569,13.798921070201933,False,Otros
2025,20060,Oaxaca,Mixistlán de La Reforma,1.2,1.2,0.0,9.42,143185.61,7.8500000000000005,15200.170912951166,False,False,False,False,False,False,False,False,0.7884573603642702,0.7884573603642702,0.0,2.343727036325221,2.1804174590198384,9.629127737614208,11.87190402355017,False,Otros
2025,20073,Oaxaca,Putla Villa de Guerrero,2.0,2.0,0.0,10.96,176927.28,5.48,16142.999999999998,False,False,False,False,False,False,False,False,1.0986122886681098,1.0986122886681098,0.0,2.481567748522486,1.8687205103641833,9.68930374259339,12.083499731701066,False,Otros
2025,20084,Oaxaca,San Agustín Etla,9.0,9.0,0.0,73.8,1647236.67,8.2,22320.280081300814,False,False,False,False,False,False,False,False,2.302585092994046,2.302585092994046,0.0,4.314817884980432,2.2192034840549946,10.013295766163484,14.314610303545441,False,Otros
2025,20086,Oaxaca,San Agustín Tlacotepec,2.4,2.0,0.0,10.96,178170.04,5.48,16256.390510948904,False,False,False,False,False,False,False,False,1.2237754316221157,1.0986122886681098,0.0,2.481567748522486,1.8687205103641833,9.696302885041183,12.09049926678283,False,Otros
2025,20088,Oaxaca,San Andrés Cabecera Nueva,3.5,2.5,0.0,13.7,222056.87,5.4799999999999995,16208.530656934307,False,False,False,False,False,False,False,False,1.5040773967762742,1.252762968495368,0.0,2.6878474937846906,1.8687205103641833,9.693354660389161,12.310693302560091,False,Otros
2025,20089,Oaxaca,San Andrés Dinicuiti,3.0,2.15,0.0,17.63,344957.4,8.2,19566.50028360749,False,False,False,False,False,False,False,False,1.3862943611198906,1.1474024528375417,0.0,2.924773184613497,2.2192034840549946,9.881625320172796,12.751179109033034,False,Otros
2025,20098,Oaxaca,San Andrés Teotilálpam,12.0,5.5,0.0,43.18,825813.61,7.850909090909091,19124.909911996296,False,False,False,False,False,False,False,False,2.5649493574615367,1.8718021769015913,0.0,3.788272197991971,2.180520175880901,9.858799234660827,13.62412558421272,False,Otros
2025,20104,Oaxaca,San Antonino El Alto,18.75,16.5,0.0,135.3,3025059.05,8.200000000000001,22358.160014781963,False,False,False,False,False,False,False,False,2.9831534913471307,2.8622008809294686,0.0,4.914858338702487,2.2192034840549946,10.01499136014041,14.922441500489715,False,Otros
2025,20108,Oaxaca,San Antonio Huitepec,45.5,42.0,0.0,344.4,7664287.94,8.2,22254.030023228806,False,False,False,False,False,False,False,False,3.8394523125933104,3.7612001156935624,0.0,5.844703165712578,2.2192034840549946,10.010323330504484,15.852082298861628,False,Otros
2025,20110,Oaxaca,San Antonio Sinicahua,2.2,2.2,0.0,12.07,196542.45,5.486363636363636,16283.550124275063,False,False,False,False,False,False,False,False,1.1631508098056809,1.1631508098056809,0.0,2.570319527636131,1.869702071124475,9.697972092169099,12.188638805440995,False,Otros
2025,20119,Oaxaca,San Bartolomé Yucuañe,2.5,2.5,0.0,13.7,226814.19,5.4799999999999995,16555.780291970805,False,False,False,False,False,False,False,False,1.252762968495368,1.252762968495368,0.0,2.6878474937846906,1.8687205103641833,9.71455098222255,12.331890823901631,False,Otros
2025,20123,Oaxaca,San Bernardo Mixtepec,37.0,34.0,0.0,278.8,6193104.29,8.200000000000001,22213.430021520802,False,False,False,False,False,False,False,False,3.6375861597263857,3.5553480614894135,0.0,5.634075062231381,2.2192034840549946,10.008497357670644,15.638947181228929,False,Otros
2025,20127,Oaxaca,San Cristóbal Amoltepec,3.25,3.0,0.0,16.44,268541.49,5.48,16334.640510948902,False,False,False,False,False,False,False,False,1.4469189829363254,1.3862943611198906,0.0,2.8587664184808337,1.8687205103641833,9.701104534221379,12.50076442994537,False,Otros
2025,20128,Oaxaca,San Cristóbal Lachirioag,1.0,1.0,0.0,3.52,47517.4,3.52,13499.261363636364,False,False,False,False,False,False,False,False,0.6931471805599453,0.6931471805599453,0.0,1.5085119938441398,1.5085119938441398,9.510464324508474,10.768872283436009,False,Otros
2025,20137,Oaxaca,San Francisco Cahuacuá,6.65,5.0,0.0,38.75,692680.67,7.75,17875.63019354839,False,False,False,False,False,False,False,False,2.0347056478384444,1.791759469228055,0.0,3.6826098411003407,2.169053700369523,9.791249563042845,13.448325821988862,False,Otros
2025,20138,Oaxaca,San Francisco Cajonos,4.0,4.0,0.0,31.4,882495.43,7.85,28104.950000000004,False,False,False,False,False,False,False,False,1.6094379124341003,1.6094379124341003,0.0,3.4781584227982836,2.180417459019838,10.243736576679531,13.690510022455628,False,Otros
2025,20139,Oaxaca,San Francisco Chapulapa,30.25,22.55,0.0,169.23,3134732.5,7.504656319290465,18523.503515925073,False,False,False,False,False,False,False,False,3.4420193761824107,3.159125820462427,0.0,5.137150463826479,2.1406138157768475,9.82684964904536,14.958054720461293,False,Otros
2025,20142,Oaxaca,San Francisco Huehuetlán,20.75,12.75,0.0,70.7,1305824.33,5.545098039215686,18469.933946251767,False,False,False,False,False,False,False,False,3.079613757534693,2.6210388241125804,0.0,4.272490747605575,1.878716378503409,9.823953637494304,14.082345835616678,False,Otros
2025,20148,Oaxaca,San Francisco Ozolotepec,28.3,25.8,0.0,172.86,3087860.41,6.7,17863.36000231401,False,False,False,False,False,False,False,False,3.3775875160230218,3.288401887516811,0.0,5.158250377650918,2.0412203288596382,9.790562945708004,14.942989308938312,False,Otros
2025,20149,Oaxaca,San Francisco Sola,6.35,5.5,0.0,42.63,986604.42,7.750909090909091,23143.429978888107,False,False,False,False,False,False,False,False,1.9947003132247452,1.8718021769015913,0.0,3.775744987135518,2.169157591076593,10.049509424900613,13.802025461381119,False,Otros
2025,20154,Oaxaca,San Ildefonso Amatlán,4.2,2.8,0.0,18.76,331863.84,6.700000000000001,17689.97014925373,False,False,False,False,False,False,False,False,1.6486586255873816,1.33500106673234,0.0,2.983659692319722,2.0412203288596382,9.78080962732638,12.712483056573754,False,Otros
2025,20156,Oaxaca,San Ildefonso Villa Alta,7.05,7.05,0.0,24.82,338879.11,3.520567375886525,13653.469379532635,False,False,False,False,False,False,False,False,2.085672091430472,2.085672091430472,0.0,3.2511493854184965,1.5086375116050676,9.521822174092549,12.733401665993805,False,Otros
2025,20163,Oaxaca,San Jerónimo Tecóatl,36.9,22.3,0.0,145.43,3158231.11,6.5215246636771305,21716.50354122258,False,False,False,False,False,False,False,False,3.634951112088381,3.1484533605716547,0.0,4.986547498567166,2.0177688652405905,9.985873829192544,14.965522970146834,False,Otros
2025,20171,Oaxaca,San José Tenango,8.0,8.0,0.0,28.0,428615.32,3.5,15307.69,False,False,False,False,False,False,False,False,2.1972245773362196,2.1972245773362196,0.0,3.367295829986474,1.5040773967762742,9.636175920000634,12.968317438758188,False,Otros
2025,20172,Oaxaca,San Juan Achiutla,8.3,8.3,0.0,45.49,739055.1,5.4807228915662645,16246.539898878873,False,False,False,False,False,False,False,False,2.2300144001592104,2.2300144001592104,0.0,3.8392372357024933,1.8688320614825988,9.69569678545891,13.513129110445545,False,Otros
2025,20173,Oaxaca,San Juan Atepec,3.75,3.75,0.0,29.45,848771.68,7.8533333333333335,28820.770118845503,False,False,False,False,False,False,False,False,1.55814461804655,1.55814461804655,0.0,3.416085994155906,2.1807940359401234,10.268886287474663,13.651546679147511,False,Otros
2025,20174,Oaxaca,Ánimas Trujano,6.5,5.0,0.0,41.0,908063.49,8.2,22147.89,False,False,False,False,False,False,False,False,2.0149030205422647,1.791759469228055,0.0,3.7376696182833684,2.2192034840549946,10.005542661350773,13.719070679290404,False,Otros
2025,20177,Oaxaca,San Juan Bautista Cuicatlán,16.0,16.0,0.0,84.47999999999999,1199778.31,5.279999999999999,14201.921283143942,False,False,False,False,False,False,False,False,2.833213344056216,2.833213344056216,0.0,4.448282430450947,1.8373699804801071,9.561202946596104,13.997648189511684,False,Otros
2025,20187,Oaxaca,San Juan Coatzóspam,71.75,69.25,0.0,335.98,5669824.890000001,4.851696750902527,16875.483332341213,False,False,False,False,False,False,False,False,4.287028906051602,4.2520603082138555,0.0,5.820023581410239,1.7667316620787787,9.733676413053423,15.550668968001418,False,Otros
2025,20191,Oaxaca,San Juan Chicomezúchil,3.75,3.75,0.0,21.05,447650.44,5.613333333333333,21266.054156769595,False,False,False,False,False,False,False,False,1.55814461804655,1.55814461804655,0.0,3.093312601892855,1.889087813188617,9.964914401036534,13.011770172855966,False,Otros
2025,20193,Oaxaca,San Juan del Estado,22.0,21.0,0.0,172.2,3761405.93,8.2,21843.240011614405,False,False,False,False,False,False,False,False,3.1354942159291497,3.091042453358316,0.0,5.154446996128335,2.2192034840549946,9.991692550742098,15.140303628887525,False,Otros
2025,20200,Oaxaca,San Juan Juquila Mixes,19.14,19.14,0.0,106.32,1619952.5,5.554858934169278,15236.573551542515,False,False,False,False,False,False,False,False,3.0027078872904163,3.0027078872904163,0.0,4.675815025557423,1.8802065966437889,9.63151960078641,14.297908003092903,False,Otros
2025,20206,Oaxaca,San Juan de Los Cués,8.0,8.0,0.0,29.2,438000.0,3.65,15000.0,False,False,False,False,False,False,False,False,2.1972245773362196,2.1972245773362196,0.0,3.407841924380824,1.536867219599265,9.61587214452889,12.989976472461,False,Otros
2025,20208,Oaxaca,San Juan Mixtepec,56.0,41.0,0.0,224.68,3672895.64,5.48,16347.230016022788,False,False,False,False,False,False,False,False,4.04305126783455,3.7376696182833684,0.0,5.419118066693741,1.8687205103641833,9.70187491456456,15.116491183921235,False,Otros
2025,20210,Oaxaca,San Juan Ñumí,1.5,1.5,0.0,8.22,134793.7,5.48,16398.260340632605,False,False,False,False,False,False,False,False,0.9162907318741551,0.9162907318741551,0.0,2.2213750375685026,1.8687205103641833,9.704991511614262,11.811508159179972,False,Otros
2025,20211,Oaxaca,San Juan Ozolotepec,21.1,17.1,0.0,114.57,2025823.31,6.699999999999999,17681.97006197085,False,False,False,False,False,False,False,False,3.095577608523707,2.89591193827178,0.0,4.74987640698735,2.0412203288596382,9.780357312013384,14.521487242360285,False,Otros
2025,20214,Oaxaca,San Juan Quiotepec,10.25,10.25,0.0,80.47,2217271.99,7.850731707317073,27554.020007456198,False,False,False,False,False,False,False,False,2.4203681286504293,2.4203681286504293,0.0,4.400234854322551,2.1805001343950248,10.22394001240875,14.61178861588491,False,Otros
2025,20216,Oaxaca,San Juan Tabaá,1.0,1.0,0.0,3.52,48742.95,3.52,13847.428977272726,False,False,False,False,False,False,False,False,0.6931471805599453,0.6931471805599453,0.0,1.5085119938441398,1.5085119938441398,9.535927073937827,10.79433636616053,False,Otros
2025,20220,Oaxaca,San Juan Tepeuxila,46.25,41.25,0.0,295.67,5305907.42,7.167757575757576,17945.36956742314,False,False,False,False,False,False,False,False,3.855452653939752,3.7436043538031827,0.0,5.692620409950009,2.100194400666473,9.795143120949382,15.484331553824878,False,Otros
2025,20222,Oaxaca,San Juan Yaeé,3.0,3.0,0.0,10.56,142843.54,3.52,13526.850378787878,False,False,False,False,False,False,False,False,1.3862943611198906,1.3862943611198906,0.0,2.4475508632442313,1.5085119938441398,9.512505830403997,11.869512185017348,False,Otros
2025,20228,Oaxaca,San Lorenzo Cuaunecuiltitla,2.0,2.0,0.0,7.0,107153.83,3.5,15307.69,False,False,False,False,False,False,False,False,1.0986122886681098,1.0986122886681098,0.0,2.0794415416798357,1.5040773967762742,9.636175920000634,11.582030076880653,False,Otros
2025,20229,Oaxaca,San Lorenzo Texmelúcan,6.65,5.9,0.0,45.73,1056988.13,7.750847457627118,23113.670019680732,False,False,False,False,False,False,False,False,2.0347056478384444,1.9315214116032138,0.0,3.844386356712335,2.169150547979884,10.048222760727988,13.870934980977358,False,Otros
2025,20233,Oaxaca,San Lucas Quiaviní,4.5,4.5,0.0,36.0,1080000.0,8.0,30000.0,False,False,False,False,False,False,False,False,1.7047480922384253,1.7047480922384253,0.0,3.6109179126442243,2.1972245773362196,10.308985993422082,13.8924725250259,False,Otros
2025,20234,Oaxaca,San Lucas Zoquiápam,63.0,53.0,0.0,383.43,7124321.12,7.234528301886793,18580.50001304019,False,False,False,False,False,False,False,False,4.1588830833596715,3.9889840465642745,0.0,5.95176171775536,2.1083360823153257,9.829921741780822,15.77902513854016,False,Otros
2025,20235,Oaxaca,San Luis Amatlán,8.2,6.3,0.0,42.21,745334.48,6.7,17657.77019663587,False,False,False,False,False,False,False,False,2.2192034840549946,1.9878743481543455,0.0,3.766071949943842,2.0412203288596382,9.778987833943539,13.521589704727981,False,Otros
2025,20236,Oaxaca,San Marcial Ozolotepec,13.45,11.45,0.0,76.73,1340346.5,6.701310043668123,17468.350058647204,False,False,False,False,False,False,False,False,2.670694414558441,2.5217206229107165,0.0,4.353241283242128,2.0413904499295428,9.768203199153113,14.108439466665516,False,Otros
2025,20239,Oaxaca,San Martín Huamelúlpam,2.8,2.8,0.0,15.35,250974.5,5.482142857142858,16350.13029315961,False,False,False,False,False,False,False,False,1.33500106673234,1.33500106673234,0.0,2.794227897343262,1.8690511435297017,9.702052305016055,12.433110603788045,False,Otros
2025,20242,Oaxaca,San Martín Peras,2.5,2.5,0.0,20.5,376522.89,8.2,18366.97024390244,False,False,False,False,False,False,False,False,1.252762968495368,1.252762968495368,0.0,3.068052935133617,2.2192034840549946,9.81836367912138,12.838736777064284,False,Otros
2025,20244,Oaxaca,San Martín Toxpalan,44.5,38.75,0.0,216.23,3918915.31,5.580129032258064,18123.827914720438,False,False,False,False,False,False,False,False,3.817712325956905,3.6826098411003407,0.0,5.380956700068839,1.8840543549106201,9.805037985317552,15.181325722016265,False,Otros
2025,20246,Oaxaca,San Mateo Cajonos,6.7,6.7,0.0,52.6,1478320.37,7.850746268656716,28104.95,False,False,False,False,False,False,False,False,2.0412203288596382,2.0412203288596382,0.0,3.9815490680767565,2.1805017796067596,10.243736576679531,14.206417792578515,False,Otros
2025,20249,Oaxaca,San Mateo Yoloxochitlán,5.0,5.0,0.0,17.5,267884.58,3.5,15307.690285714287,False,False,False,False,False,False,False,False,1.791759469228055,1.791759469228055,0.0,2.917770732084279,1.5040773967762742,9.63617593866417,12.498315228029528,False,Otros
2025,20252,Oaxaca,San Mateo Peñasco,1.5,1.5,0.0,8.22,134866.04,5.48,16407.060827250607,False,False,False,False,False,False,False,False,0.9162907318741551,0.9162907318741551,0.0,2.2213750375685026,1.8687205103641833,9.705528006915666,11.812044683209932,False,Otros
2025,20254,Oaxaca,San Mateo Río Hondo,10.25,8.15,0.0,54.62,966325.02,6.7018404907975455,17691.77993409008,False,False,False,False,False,False,False,False,2.4203681286504293,2.21375387928743,0.0,4.018542848805819,2.041459325076669,9.780911922014402,13.781256551080103,False,Otros
2025,20255,Oaxaca,San Mateo Sindihui,33.05,15.65,0.0,104.86,3093222.5,6.700319488817891,29498.593362578675,False,False,False,False,False,False,False,False,3.527830032595521,2.812410216426453,0.0,4.662117466429842,2.0412618200531383,10.29213175791354,14.944724308998387,False,Otros
2025,20258,Oaxaca,San Miguel Achiutla,9.5,7.5,0.0,41.1,680682.18,5.48,16561.6102189781,False,False,False,False,False,False,False,False,2.3513752571634776,2.1400661634962708,0.0,3.7400477406883357,1.8687205103641833,9.714903037437189,13.430852249273249,False,Otros
2025,20260,Oaxaca,San Miguel Aloápam,9.25,7.75,0.0,52.45,1362171.16,6.767741935483872,25970.85147759771,False,False,False,False,False,False,False,False,2.327277705584417,2.169053700369523,0.0,3.9787466374710543,2.04997950894952,10.164768595053491,14.124591160052978,False,Otros
2025,20263,Oaxaca,San Miguel Coatlán,8.72,5.72,0.0,38.33,656211.52,6.701048951048951,17120.05009131229,False,False,False,False,False,False,False,False,2.2741856184723477,1.9050881545350582,0.0,3.671987586443718,2.0413565469904817,9.748063984924052,13.394239978876044,False,Otros
2025,20271,Oaxaca,San Miguel Mixtepec,24.75,23.0,0.0,188.6,4257675.18,8.2,22575.160021208907,False,False,False,False,False,False,False,False,3.248434627109745,3.1780538303479458,0.0,5.244916589820922,2.2192034840549946,10.024649762179138,15.264234071754997,False,Otros
2025,20273,Oaxaca,San Miguel Peras,20.5,17.0,0.0,139.4,3078573.73,8.200000000000001,22084.460043041607,False,False,False,False,False,False,False,False,3.068052935133617,2.8903717578961645,0.0,4.944495491591711,2.2192034840549946,10.002674754379289,14.939977297847934,False,Otros
2025,20275,Oaxaca,San Miguel Quetzaltepec,2.75,2.65,0.0,20.81,316338.01,7.852830188679245,15201.24987986545,False,False,False,False,False,False,False,False,1.3217558399823195,1.2947271675944,0.0,3.0823685802135374,2.1807372032271983,9.629198714292924,12.664569733968422,False,Otros
2025,20276,Oaxaca,San Miguel Santa Flor,88.45,75.5,0.0,567.49,10336319.63,7.516423841059603,18214.100037005057,False,False,False,False,False,False,False,False,4.493679809954728,4.33729074083249,0.0,6.342983722886366,2.141996515762172,9.810006201439938,16.151174525227724,False,Otros
2025,20277,Oaxaca,Villa Sola de Vega,12.25,6.25,0.0,48.45,1066500.78,7.752000000000001,22012.399999999998,False,False,False,False,False,False,False,False,2.583997552432231,1.9810014688665833,0.0,3.900962058068721,2.1692822456796255,9.999406637828963,13.879894485902932,False,Otros
2025,20279,Oaxaca,San Miguel Suchixtepec,8.9,6.4,0.0,42.88,751224.59,6.7,17519.230177238805,False,False,False,False,False,False,False,False,2.2925347571405443,2.0014800002101243,0.0,3.7814586354070294,2.0412203288596382,9.771111502374332,13.529461271791183,False,Otros
2025,20280,Oaxaca,Villa Talea de Castro,1.0,1.0,0.0,3.52,47727.19,3.52,13558.860795454546,False,False,False,False,False,False,False,False,0.6931471805599453,0.6931471805599453,0.0,1.5085119938441398,1.5085119938441398,9.514869295619757,10.773277487638326,False,Otros
2025,20291,Oaxaca,San Pablo Coatlán,9.15,7.3,0.0,48.91,874870.29,6.699999999999999,17887.35003066858,False,False,False,False,False,False,False,False,2.3174737054877963,2.1162555148025524,0.0,3.9102213834815176,2.0412203288596382,9.791904943667479,13.681832057377049,False,Otros
2025,20293,Oaxaca,San Pablo Etla,9.25,7.75,0.0,63.55,1411867.48,8.2,22216.64012588513,False,False,False,False,False,False,False,False,2.327277705584417,2.169053700369523,0.0,4.167440117292651,2.2192034840549946,10.00864185259781,14.160424548221188,False,Otros
2025,20294,Oaxaca,San Pablo Huitzo,12.0,12.0,0.0,98.4,2150614.66,8.200000000000001,21855.840040650408,False,False,False,False,False,False,False,False,2.5649493574615367,2.5649493574615367,0.0,4.599152113662528,2.2192034840549946,9.99226919687396,14.581264712600882,False,Otros
2025,20295,Oaxaca,San Pablo Huixtepec,25.5,22.5,0.0,184.5,4125842.51,8.2,22362.29002710027,False,False,False,False,False,False,False,False,3.2771447329921766,3.1570004211501135,0.0,5.22305488204749,2.2192034840549946,10.015176055403133,15.232781044118973,False,Otros
2025,20299,Oaxaca,San Pablo Yaganiza,3.05,3.05,0.0,23.95,673113.55,7.852459016393443,28104.949895615868,False,False,False,False,False,False,False,False,1.3987168811184478,1.3987168811184478,0.0,3.2168738221975275,2.1806952753850086,10.24373657296558,13.419670802166896,False,Otros
2025,20301,Oaxaca,San Pedro Apóstol,6.5,6.5,0.0,53.3,1197567.86,8.2,22468.44015009381,False,False,False,False,False,False,False,False,2.0149030205422647,2.0149030205422647,0.0,3.9945242269398897,2.2192034840549946,10.019911449430342,13.99580410974549,False,Otros
2025,20311,Oaxaca,San Pedro Jaltepetongo,3.75,3.75,0.0,13.2,105600.0,3.52,8000.0,False,False,False,False,False,False,False,False,1.55814461804655,1.55814461804655,0.0,2.653241964607215,1.5085119938441398,8.987321812850125,11.567423119906431,False,Otros
2025,20317,Oaxaca,San Pedro Mártir Yucuxaco,1.5,1.5,0.0,8.22,135918.44,5.48,16535.0900243309,False,False,False,False,False,False,False,False,0.9162907318741551,0.9162907318741551,0.0,2.2213750375685026,1.8687205103641833,9.713300545488712,11.819817636266697,False,Otros
2025,20320,Oaxaca,San Pedro Molinos,5.5,5.5,0.0,30.14,500388.2,5.48,16602.1300597213,False,False,False,False,False,False,False,False,1.8718021769015913,1.8718021769015913,0.0,3.4384931664058525,1.8687205103641833,9.71734651438438,13.12314147460817,False,Otros
2025,20322,Oaxaca,San Pedro Ocopetatillo,8.25,6.5,0.0,34.24,650748.67,5.267692307692308,19005.510221962617,False,False,False,False,False,False,False,False,2.224623551524334,2.0149030205422647,0.0,3.562181801067979,1.8354082338970685,9.852536842720971,13.3858803157495,False,Otros
2025,20323,Oaxaca,San Pedro Ocotepec,1.0,1.0,0.0,7.85,119320.0,7.85,15200.0,False,False,False,False,False,False,False,False,0.6931471805599453,0.6931471805599453,0.0,2.180417459019838,2.180417459019838,9.62911649414402,11.68957261941824,False,Otros
2025,20325,Oaxaca,San Pedro Quiatoni,11.48,9.85,0.0,78.8,2364000.0,8.0,30000.0,False,False,False,False,False,False,False,False,2.5241273629412815,2.3841650799864684,0.0,4.379523504455763,2.1972245773362196,10.308985993422082,14.675866080519882,False,Otros
2025,20326,Oaxaca,San Pedro Sochiápam,3.5,3.5,0.0,12.32,98560.0,3.52,8000.0,False,False,False,False,False,False,False,False,1.5040773967762742,1.5040773967762742,0.0,2.589266665112243,1.5085119938441398,8.987321812850125,11.498430924819772,False,Otros
2025,20329,Oaxaca,San Pedro Teozacoalco,2.15,1.8,0.0,12.06,356864.33,6.7,29590.74046434494,False,False,False,False,False,False,False,False,1.1474024528375417,1.0296194171811583,0.0,2.569554123848285,2.0412203288596382,10.295250563006977,12.785113762703059,False,Otros
2025,20330,Oaxaca,San Pedro Teutila,2.0,2.0,0.0,7.04,90112.0,3.52,12800.0,False,False,False,False,False,False,False,False,1.0986122886681098,1.0986122886681098,0.0,2.084429083190875,1.5085119938441398,9.45727857185611,11.408819717317222,False,Otros
2025,20335,Oaxaca,San Pedro Yaneri,4.0,4.0,0.0,14.6,204317.51,3.65,13994.35,False,False,False,False,False,False,False,False,1.6094379124341003,1.6094379124341003,0.0,2.747270914255491,1.536867219599265,9.546480410568597,12.227435378757395,False,Otros
2025,20336,Oaxaca,San Pedro Yólox,11.25,11.25,0.0,88.32,2533911.4,7.850666666666666,28690.120018115944,False,False,False,False,False,False,False,False,2.505525936990736,2.505525936990736,0.0,4.492225426971957,2.1804927857495637,10.264342946837193,14.74527506941563,False,Otros
2025,20337,Oaxaca,San Pedro Y San Pablo Ayutla,30.5,29.5,0.0,142.4,2165197.5,4.827118644067797,15205.038623595505,False,False,False,False,False,False,False,False,3.449987545831587,3.417726683613366,0.0,4.96563792816552,1.7625226490430295,9.629447905808535,14.58802260112807,False,Otros
2025,20347,Oaxaca,San Sebastián Río Hondo,4.5,3.8,0.0,25.46,426923.21,6.7,16768.39002356638,False,False,False,False,False,False,False,False,1.7047480922384253,1.5686159179138452,0.0,3.2756341586868096,2.0412203288596382,9.727310481082773,12.964361782311613,False,Otros
2025,20351,Oaxaca,San Simón Almolongas,3.05,2.1,0.0,14.07,235618.76,6.7,16746.18052594172,False,False,False,False,False,False,False,False,1.3987168811184478,1.1314021114911006,0.0,2.712706012638404,2.0412203288596382,9.725985196275216,12.369974598210337,False,Otros
2025,20353,Oaxaca,Santa Ana,2.58,1.95,0.0,13.07,238258.91,6.702564102564103,18229.44988523336,False,False,False,False,False,False,False,False,1.275362800412609,1.0818051703517284,0.0,2.644044871126298,2.0415532737603335,9.81084854565857,12.381117415614677,False,Otros
2025,20354,Oaxaca,Santa Ana Ateixtlahuaca,3.0,3.0,0.0,10.5,160730.75,3.5,15307.690476190477,False,False,False,False,False,False,False,False,1.3862943611198906,1.3862943611198906,0.0,2.4423470353692043,1.5040773967762742,9.636175951106527,11.987492105328217,False,Otros
2025,20355,Oaxaca,Santa Ana Cuauhtémoc,3.6,3.6,0.0,12.67,101376.0,3.5194444444444444,8001.2628255722175,False,False,False,False,False,False,False,False,1.5260563034950494,1.5260563034950494,0.0,2.6152036507358583,1.508389075768882,8.987479633863076,11.526601519953068,False,Otros
2025,20359,Oaxaca,Santa Ana Yareni,3.25,3.25,0.0,25.52,704243.03,7.852307692307692,27595.730015673984,False,False,False,False,False,False,False,False,1.4469189829363254,1.4469189829363254,0.0,3.277899165317662,2.1806781812218103,10.225452566993233,13.464880208599388,False,Otros
2025,20362,Oaxaca,Santa Catarina Cuixtla,2.8,2.15,0.0,14.41,240841.54,6.702325581395349,16713.500346981262,False,False,False,False,False,False,False,False,1.33500106673234,1.1474024528375417,0.0,2.7350166493320245,2.041522306817542,9.724031905914515,12.391898637943632,False,Otros
2025,20363,Oaxaca,Santa Catarina Ixtepeji,1.2,1.2,0.0,4.38,61173.27,3.65,13966.5,False,False,False,False,False,False,False,False,0.7884573603642702,0.7884573603642702,0.0,1.682688374173693,1.536867219599265,9.544488481333303,11.021481955260516,False,Otros
2025,20370,Oaxaca,Santa Catarina Tayata,2.0,1.5,0.0,8.22,133348.79,5.48,16222.480535279805,False,False,False,False,False,False,False,False,1.0986122886681098,0.9162907318741551,0.0,2.2213750375685026,1.8687205103641833,9.694214887589347,11.80073095480577,False,Otros
2025,20374,Oaxaca,Santa Cruz Acatepec,24.0,22.25,0.0,149.08,2697169.26,6.700224719101124,18092.093238529644,False,False,False,False,False,False,False,False,3.2188758248682006,3.1463051320333655,0.0,5.011168485257914,2.041249512732632,9.803285555398785,14.807713729532331,False,Otros
2025,20377,Oaxaca,Santa Cruz Itundujia,2.2,2.2,0.0,12.07,199767.55,5.486363636363636,16550.749792874896,False,False,False,False,False,False,False,False,1.1631508098056809,1.1631508098056809,0.0,2.570319527636131,1.869702071124475,9.71424710288259,12.204914725399336,False,Otros
2025,20378,Oaxaca,Santa Cruz Mixtepec,25.3,18.5,0.0,151.7,3416167.2,8.2,22519.230059327623,False,False,False,False,False,False,False,False,3.269568939183719,2.970414465569701,0.0,5.028475212224587,2.2192034840549946,10.02216929797976,15.044030071554282,False,Otros
2025,20379,Oaxaca,Santa Cruz Nundaco,1.0,1.0,0.0,5.48,89699.11,5.48,16368.450729927006,False,False,False,False,False,False,False,False,0.6931471805599453,0.6931471805599453,0.0,1.8687205103641833,1.8687205103641833,9.703172116346357,11.404227274356057,False,Otros
2025,20383,Oaxaca,Santa Cruz Tayata,13.0,9.0,0.0,49.32,802088.21,5.48,16262.940186536902,False,False,False,False,False,False,False,False,2.6390573296152584,2.302585092994046,0.0,3.918402612392185,1.8687205103641833,9.696705677641367,13.594975115076528,False,Otros
2025,20386,Oaxaca,Santa Cruz Zenzontepec,8.7,5.45,0.0,42.25,957926.22,7.752293577981651,22672.809940828403,False,False,False,False,False,False,False,False,2.272125885509337,1.864080130807681,0.0,3.7669972333778885,2.1693157892191426,10.028965790290865,13.77252708329463,False,Otros
2025,20388,Oaxaca,Santa Inés del Monte,38.0,34.0,0.0,278.8,6196539.1,8.200000000000001,22225.749999999996,False,False,False,False,False,False,False,False,3.6635616461296463,3.5553480614894135,0.0,5.634075062231381,2.2192034840549946,10.009051797439742,15.63950164586127,False,Otros
2025,20391,Oaxaca,Santa Lucía Miahuatlán,4.7,3.85,0.0,25.81,451125.51,6.703896103896104,17478.710189848898,False,False,False,False,False,False,False,False,1.7404661748405046,1.5789787049493917,0.0,3.2887749522478678,2.041726188410093,9.76879606954399,13.019503089127074,False,Otros
2025,20392,Oaxaca,Santa Lucía Monteverde,11.0,10.0,0.0,54.8,910599.55,5.4799999999999995,16616.780109489053,False,False,False,False,False,False,False,False,2.4849066497880004,2.3978952727983707,0.0,4.021773869387265,1.8687205103641833,9.718228492069086,13.72185960588,False,Otros
2025,20394,Oaxaca,Santa María Alotepec,5.2,5.2,0.0,40.82,620497.07,7.85,15200.81014208721,False,False,False,False,False,False,False,False,1.824549292051046,1.824549292051046,0.0,3.7333746940004877,2.180417459019838,9.62916978803913,13.33827777322712,False,Otros
2025,20397,Oaxaca,Heroica Ciudad de Tlaxiaco,7.0,2.0,0.0,10.96,178234.7,5.48,16262.290145985402,False,False,False,False,False,False,False,False,2.0794415416798357,1.0986122886681098,0.0,2.481567748522486,1.8687205103641833,9.696665708634173,12.090862110654466,False,Otros
2025,20400,Oaxaca,Santa María Camotlán,2.3,2.3,0.0,18.86,345102.74,8.200000000000001,18298.130434782608,False,False,False,False,False,False,False,False,1.1939224684724346,1.1939224684724346,0.0,2.9887076586170265,2.2192034840549946,9.81460882047554,12.751600346465795,False,Otros
2025,20405,Oaxaca,Villa de Chilapa de Díaz,4.8,4.3,0.0,34.4,577533.69,8.0,16788.770058139533,False,False,False,False,False,False,False,False,1.7578579175523736,1.667706820558076,0.0,3.5667118201397288,2.1972245773362196,9.728525054810417,13.266523788838068,False,Otros
2025,20410,Oaxaca,Santa María Ecatepec,304.95,304.95,0.0,2073.66,37973960.96,6.8,18312.53000009645,False,True,True,False,True,False,False,True,5.72342168990855,5.72342168990855,0.0,7.637552563817346,2.0541237336955462,9.815395409916746,17.452411271246966,True,Otros
2025,20416,Oaxaca,Santa María Ixcatlán,7.25,5.75,0.0,36.75,672990.12,6.391304347826087,18312.65632653061,False,False,False,False,False,False,False,False,2.1102132003465894,1.9095425048844386,0.0,3.6309854756950335,2.000304221121112,9.815402307876804,13.419487413888998,False,Otros
2025,20424,Oaxaca,Santa María Ozolotepec,7.85,7.1,0.0,47.57,813426.07,6.7,17099.560016817322,False,False,False,False,False,False,False,False,2.180417459019838,2.0918640616783932,0.0,3.8830060563576536,2.0412203288596382,9.746866491475979,13.609011551960505,False,Otros
2025,20425,Oaxaca,Santa María Pápalo,37.75,25.75,0.0,194.34,3685399.57,7.547184466019417,18963.6697025831,False,False,False,False,False,False,False,False,3.657130755799356,3.2865344733420154,0.0,5.274741630019331,2.1456019264968353,9.850333037814368,15.119889780547236,False,Otros
2025,20428,Oaxaca,Santa María Quiegolani,120.75,120.75,0.0,821.1,15162161.64,6.8,18465.670003653635,False,False,False,False,False,False,False,False,4.801969761962699,4.801969761962699,0.0,6.711862042158088,2.0541237336955462,9.823722764770515,16.534313582357896,False,Otros
2025,20430,Oaxaca,Santa María Tataltepec,10.0,7.0,0.0,38.36,627048.29,5.4799999999999995,16346.410062565174,False,False,False,False,False,False,False,False,2.3978952727983707,2.0794415416798357,0.0,3.6727500721840527,1.8687205103641833,9.701824757818533,13.348780428965453,False,Otros
2025,20431,Oaxaca,Santa María Tecomavaca,18.0,18.0,0.0,96.38,1445700.0,5.354444444444444,15000.0,False,False,False,False,False,False,False,False,2.9444389791664403,2.9444389791664403,0.0,4.578620850754555,1.8491544805910054,9.61587214452889,14.184104883002734,False,Otros
2025,20432,Oaxaca,Santa María Temaxcalapa,1.0,1.0,0.0,3.52,47359.21,3.52,13454.321022727272,False,False,False,False,False,False,False,False,0.6931471805599453,0.6931471805599453,0.0,1.5085119938441398,1.5085119938441398,9.507129921867636,10.765537703669677,False,Otros
2025,20434,Oaxaca,Santa María Teopoxco,147.1,134.7,0.0,975.39,21225526.54,7.241202672605791,21761.066383702928,False,False,False,False,False,False,False,False,4.997887721273753,4.9104465668408235,0.0,6.8838620967621384,2.1091462886842494,9.987923658947576,16.870715144505347,False,Otros
2025,20435,Oaxaca,Santa María Tepantlali,21.3,19.3,0.0,85.18,1302411.46,4.4134715025906734,15290.108710965014,False,False,False,False,False,False,False,False,3.104586678466073,3.0106208860477417,0.0,4.456438132187692,1.6888905696172811,9.635026808456754,14.079728841137968,False,Otros
2025,20436,Oaxaca,Santa María Texcatitlán,40.0,25.75,0.0,202.14,3516452.68,7.85009708737864,17396.124863955676,False,False,False,False,False,False,False,False,3.713572066704308,3.2865344733420154,0.0,5.313895396511355,2.1804284292849347,9.76406023384567,15.0729635624552,False,Otros
2025,20437,Oaxaca,Santa María Tlahuitoltepec,19.75,18.75,0.0,120.22,1824648.41,6.411733333333333,15177.577857261685,False,False,False,False,False,False,False,False,3.0325462466767075,2.9831534913471307,0.0,4.797607076523139,2.0030643300820707,9.6276403612685,14.416898422434782,False,Otros
2025,20438,Oaxaca,Santa María Tlalixtac,34.75,25.5,0.0,195.85,3513016.12,7.6803921568627445,17937.279142200667,False,False,False,False,False,False,False,False,3.5765502691400166,3.2771447329921766,0.0,5.282442017389746,2.1610667070137697,9.794692208057631,15.07198580456373,False,Otros
2025,20445,Oaxaca,Santa María Yosoyúa,4.0,2.0,0.0,10.96,179349.34,5.48,16363.990875912406,False,False,False,False,False,False,False,False,1.6094379124341003,1.0986122886681098,0.0,2.481567748522486,1.8687205103641833,9.702899629398456,12.097096378693228,False,Otros
2025,20446,Oaxaca,Santa María Yucuhiti,4.5,2.5,0.0,13.7,224848.65,5.4799999999999995,16412.310218978102,False,False,False,False,False,False,False,False,1.7047480922384253,1.252762968495368,0.0,2.6878474937846906,1.8687205103641833,9.705847883362317,12.323187235604358,False,Otros
2025,20448,Oaxaca,Santa María Zaniza,11.0,8.5,0.0,65.89,1358523.31,7.751764705882353,20618.049931704358,False,False,False,False,False,False,False,False,2.4849066497880004,2.2512917986064953,0.0,4.203049479130317,2.169255360706979,9.933970681422378,14.121909602425273,False,Otros
2025,20451,Oaxaca,Santiago Apoala,2.7,2.0,0.0,13.4,391155.52,6.7,29190.710447761194,False,False,False,False,False,False,False,False,1.308332819650179,1.0986122886681098,0.0,2.667228206581955,2.0412203288596382,10.281640059177025,12.87686306577144,False,Otros
2025,20454,Oaxaca,Santiago Atitlán,4.0,4.0,0.0,31.4,477397.75,7.85,15203.75,False,False,False,False,False,False,False,False,1.6094379124341003,1.6094379124341003,0.0,3.4781584227982836,2.180417459019838,9.629363158016412,13.076107374534047,False,Otros
2025,20457,Oaxaca,Santiago Camotlán,5.1,5.1,0.0,17.95,253776.83,3.519607843137255,14137.98495821727,False,False,False,False,False,False,False,False,1.8082887711792655,1.8082887711792655,0.0,2.9418039315284354,1.5084252297123775,9.556691151740738,12.444214478201133,False,Otros
2025,20458,Oaxaca,Santiago Comaltepec,5.5,5.5,0.0,43.18,1224742.41,7.850909090909091,28363.650069476607,False,False,False,False,False,False,False,False,1.8718021769015913,1.8718021769015913,0.0,3.788272197991971,2.180520175880901,10.252898932983587,14.01824191879641,False,Otros
2025,20462,Oaxaca,Santiago Huajolotitlán,2.05,1.7,0.0,13.94,252735.27,8.2,18130.220229555238,False,False,False,False,False,False,False,False,1.1151415906193203,0.9932517730102833,0.0,2.7040421797046714,2.2192034840549946,9.805390605927256,12.440101812954182,False,Otros
2025,20469,Oaxaca,Santiago Juxtlahuaca,11.0,10.0,0.0,82.0,1473917.2,8.2,17974.6,False,False,False,False,False,False,False,False,2.4849066497880004,2.3978952727983707,0.0,4.418840607796598,2.2192034840549946,9.796770561726177,14.203434854940483,False,Otros
2025,20473,Oaxaca,Santiago Laxopa,10.0,10.0,0.0,36.5,515689.89,3.65,14128.490136986302,False,False,False,False,False,False,False,False,2.3978952727983707,2.3978952727983707,0.0,3.624340932976365,1.536867219599265,9.556019391303995,13.15326281457373,False,Otros
2025,20475,Oaxaca,Santiago Matatlán,13.0,8.0,0.0,64.0,1920000.0,8.0,30000.0,False,False,False,False,False,False,False,False,2.6390573296152584,2.1972245773362196,0.0,4.174387269895637,2.1972245773362196,10.308985993422082,14.467836264837162,False,Otros
2025,20476,Oaxaca,Santiago Miltepec,0.8,0.8,0.0,6.56,119147.84,8.2,18162.780487804877,False,False,False,False,False,False,False,False,0.5877866649021191,0.5877866649021191,0.0,2.0228711901914416,2.2192034840549946,9.807184807130772,11.688128746852136,False,Otros
2025,20477,Oaxaca,Santiago Minas,2.0,2.0,0.0,15.5,272844.02,7.75,17602.84,False,False,False,False,False,False,False,False,1.0986122886681098,1.0986122886681098,0.0,2.803360380906535,2.169053700369523,9.775872339046234,12.516659220661117,False,Otros
2025,20478,Oaxaca,Santiago Nacaltepec,74.5,69.5,0.0,521.76,9716260.45,7.507338129496403,18622.08764566084,False,False,False,False,False,False,False,False,4.324132656254979,4.255612709818223,0.0,6.259122467728835,2.1409291004116064,9.8321573612331,16.089311477964056,False,Otros
2025,20483,Oaxaca,Santiago Suchilquitongo,10.5,10.0,0.0,82.0,1852102.84,8.2,22586.620000000003,False,False,False,False,False,False,False,False,2.4423470353692043,2.3978952727983707,0.0,4.418840607796598,2.2192034840549946,10.02515724755931,14.431832761730918,False,Otros
2025,20487,Oaxaca,Santiago Tenango,2.75,1.0,0.0,8.2,182251.15,8.2,22225.75,False,False,False,False,False,False,False,False,1.3217558399823195,0.6931471805599453,0.0,2.2192034840549946,2.2192034840549946,10.009051797439742,12.113146446783489,False,Otros
2025,20490,Oaxaca,Santiago Texcalcingo,290.45,278.0,0.0,2063.48,44825352.949999996,7.422589928057554,21723.182657452457,False,True,True,False,True,False,False,True,5.674868464491559,5.631211781821365,0.0,7.632633657703536,2.130917373363275,9.986181327214235,17.61828447368754,True,Otros
2025,20491,Oaxaca,Santiago Textitlán,18.75,14.0,0.0,108.5,2494795.84,7.75,22993.51004608295,False,False,False,False,False,False,False,False,2.9831534913471307,2.70805020110221,0.0,4.695924549256556,2.169053700369523,10.043010772770856,14.729717856998702,False,Otros
2025,20495,Oaxaca,Santiago Xanica,3.67,3.12,0.0,20.91,358775.87,6.701923076923077,17158.09995217599,False,False,False,False,False,False,False,False,1.541159071680806,1.415853163361435,0.0,3.086943153607375,2.0414700479269867,9.750283921326991,12.790455942205885,False,Otros
2025,20496,Oaxaca,Santiago Xiacuí,2.0,2.0,0.0,7.3,101470.0,3.65,13900.0,False,False,False,False,False,False,False,False,1.0986122886681098,1.0986122886681098,0.0,2.1162555148025524,1.536867219599265,9.539716058977092,11.527528322354161,False,Otros
2025,20500,Oaxaca,Santiago Yosondúa,15.0,10.0,0.0,54.8,901714.82,5.4799999999999995,16454.65,False,False,False,False,False,False,False,False,2.772588722239781,2.3978952727983707,0.0,4.021773869387265,1.8687205103641833,9.708424162268495,13.712054693971998,False,Otros
2025,20501,Oaxaca,Santiago Yucuyachi,2.55,2.0,0.0,16.4,298201.86,8.2,18183.04024390244,False,False,False,False,False,False,False,False,1.2669476034873244,1.0986122886681098,0.0,2.856470206220483,2.2192034840549946,9.808299578678987,12.605529272145388,False,Otros
2025,20502,Oaxaca,Santiago Zacatepec,4.0,4.0,0.0,31.4,477280.0,7.85,15200.0,False,False,False,False,False,False,False,False,1.6094379124341003,1.6094379124341003,0.0,3.4781584227982836,2.180417459019838,9.62911649414402,13.07586069495255,False,Otros
2025,20504,Oaxaca,Nuevo Zoquiápam,6.0,6.0,0.0,21.9,307287.44,3.65,14031.389954337901,False,False,False,False,False,False,False,False,1.9459101490553132,1.9459101490553132,0.0,3.131136910560194,1.536867219599265,9.549123504586275,12.6355421294481,False,Otros
2025,20510,Oaxaca,Santo Domingo Ixcatlán,5.0,4.0,0.0,21.92,361589.48,5.48,16495.8704379562,False,False,False,False,False,False,False,False,1.791759469228055,1.6094379124341003,0.0,3.132009891846539,1.8687205103641833,9.710925971472065,12.798267579719957,False,Otros
2025,20512,Oaxaca,Santo Domingo Ozolotepec,6.25,4.7,0.0,31.49,544494.22,6.699999999999999,17291.020006351224,False,False,False,False,False,False,False,False,1.9810014688665833,1.7404661748405046,0.0,3.4809323496810087,2.0412203288596382,9.758000402758356,13.207614442620567,False,Otros
2025,20516,Oaxaca,Santo Domingo Teojomulco,9.0,3.0,0.0,23.25,486234.0,7.75,20913.290322580644,False,False,False,False,False,False,False,False,2.302585092994046,1.3862943611198906,0.0,3.188416617383492,2.169053700369523,9.948187951795981,13.094447325109925,False,Otros
2025,20517,Oaxaca,Santo Domingo Tepuxtepec,73.11,68.11,0.0,317.17,4808309.94,4.656731757451182,15160.040167733392,False,False,False,False,False,False,False,False,4.305550475963267,4.235699438103303,0.0,5.762585831132179,1.7328462974271746,9.626484269489945,15.385856424487109,False,Otros
2025,20520,Oaxaca,Santo Domingo Tonalá,17.3,16.0,0.0,131.2,2379836.8,8.2,18139.0,False,False,False,False,False,False,False,False,2.9069010598473755,2.833213344056216,0.0,4.884315927417586,2.2192034840549946,9.805874723669127,14.68254289206475,False,Otros
2025,20522,Oaxaca,Santo Domingo Xagacía,1.0,1.0,0.0,3.52,49027.4,3.52,13928.238636363636,False,False,False,False,False,False,False,False,0.6931471805599453,0.6931471805599453,0.0,1.5085119938441398,1.5085119938441398,9.541745408881258,10.800155001031023,False,Otros
2025,20527,Oaxaca,Santos Reyes Pápalo,54.5,41.5,0.0,299.8,5682570.09,7.224096385542169,18954.536657771845,False,False,False,False,False,False,False,False,4.0163830207523885,3.7495040759303713,0.0,5.706445592075685,2.107068428676009,9.849851339750753,15.552914344969341,False,Otros
2025,20533,Oaxaca,Santo Tomás Tamazulapan,13.8,11.3,0.0,75.71,1369265.32,6.699999999999999,18085.660018491613,False,False,False,False,False,False,False,False,2.6946271807700692,2.509599262378372,0.0,4.3400320779712045,2.0412203288596382,9.802929929971484,14.129785621508661,False,Otros
2025,20537,Oaxaca,Silacayoápam,11.0,9.15,0.0,75.03,1347090.13,8.2,17954.02012528322,False,False,False,False,False,False,False,False,2.4849066497880004,2.3174737054877963,0.0,4.331127999240345,2.2192034840549946,9.79562502753303,14.113458107150098,False,Otros
2025,20540,Oaxaca,Villa de Tamazulápam del Progreso,83.0,68.7,0.0,567.95,9195659.31,8.267103347889375,16190.966299850339,False,False,False,False,False,False,False,False,4.430816798843313,4.244200317766478,0.0,6.343792556803018,2.226470854791141,9.69227049080108,16.03424222529648,False,Otros
2025,20541,Oaxaca,Tanetze de Zaragoza,2.1,2.1,0.0,7.39,104548.01,3.5190476190476185,14147.227334235453,False,False,False,False,False,False,False,False,1.1314021114911006,1.1314021114911006,0.0,2.127040520479115,1.508301267892459,9.557344618491122,11.557411235658432,False,Otros
2025,20544,Oaxaca,Teococuilco de Marcos Pérez,4.0,4.0,0.0,31.4,865840.56,7.85,27574.540127388536,False,False,False,False,False,False,False,False,1.6094379124341003,1.6094379124341003,0.0,3.4781584227982836,2.180417459019838,10.224684431505157,13.671457214685967,False,Otros
2025,20545,Oaxaca,Teotitlán de Flores Magón,21.7,18.7,0.0,100.92,1886407.0899999999,5.396791443850268,18692.103547364248,False,False,False,False,False,False,False,False,3.122364924487357,2.9806186357439426,0.0,4.624188191823853,1.8557965277558701,9.835909940562754,14.450185097348074,False,Otros
2025,20549,Oaxaca,"H. V. Tezoatlán de Segura y Luna, C. de la I.de O.",11.8,10.85,0.0,88.97,1612701.36,8.2,18126.35000561987,False,False,False,False,False,False,False,False,2.5494451709255714,2.47232786758114,0.0,4.499476281429027,2.2192034840549946,9.805177126800805,14.293421814351923,False,Otros
2025,20554,Oaxaca,Totontepec Villa de Morelos,37.95,30.85,0.0,153.67,2322104.03,4.9811993517017825,15110.978265113556,False,False,False,False,False,False,False,False,3.6622787723167574,3.4610373820181723,0.0,5.041293815050048,1.7886211083382229,9.62324297092684,14.657984672775152,False,Otros
2025,20555,Oaxaca,Trinidad Zaachila,25.0,17.0,0.0,139.4,3123031.18,8.200000000000001,22403.38005738881,False,False,False,False,False,False,False,False,3.258096538021482,2.8903717578961645,0.0,4.944495491591711,2.2192034840549946,10.017011757004301,14.954314940406812,False,Otros
2025,20560,Oaxaca,Villa Díaz Ordaz,3.75,3.25,0.0,26.0,780000.0,8.0,30000.0,False,False,False,False,False,False,False,False,1.55814461804655,1.4469189829363254,0.0,3.295836866004329,2.1972245773362196,10.308985993422082,13.567050480716235,False,Otros
2025,20564,Oaxaca,Yutanduchi de Guerrero,5.48,5.48,0.0,36.73,1079700.02,6.702554744525546,29395.58998094201,False,False,False,False,False,False,False,False,1.8687205103641833,1.8687205103641833,0.0,3.6304555339762192,2.041552058834483,10.288633959556966,13.892194727441648,False,Otros
2025,20565,Oaxaca,Villa de Zaachila,35.0,30.5,0.0,250.1,5594947.09,8.2,22370.840023990404,False,False,False,False,False,False,False,False,3.58351893845611,3.449987545831587,0.0,5.5258512661635395,2.2192034840549946,10.015558305191364,15.537374621758403,False,Otros
2025,21010,Puebla,Ajalpan,23.5,18.5,0.0,131.25,1939538.65,7.094594594594595,14777.437333333333,False,False,False,False,False,False,False,False,3.1986731175506815,2.970414465569701,0.0,4.8846940707384086,2.0911965049112795,9.60092446045066,14.477961209066446,False,Otros
2025,21016,Puebla,Aquixtla,14.5,9.0,0.0,68.17,1368203.35,7.5744444444444445,20070.461346633416,False,False,False,False,False,False,False,False,2.740840023925201,2.302585092994046,0.0,4.236567242612494,2.1487862031332923,9.907054251627645,14.129009744663723,False,Otros
2025,21017,Puebla,Atempan,25.0,25.0,0.0,150.0,2250000.0,6.0,15000.0,False,False,False,False,False,False,False,False,3.258096538021482,3.258096538021482,0.0,5.017279836814924,1.9459101490553132,9.61587214452889,14.626441218624949,False,Otros
2025,21018,Puebla,Atexcal,15.0,13.0,0.0,106.6,2035346.6,8.2,19093.307692307695,False,False,False,False,False,False,False,False,2.772588722239781,2.6390573296152584,0.0,4.678420647727684,2.2192034840549946,9.857145543035225,14.526177173083138,False,Otros
2025,21019,Puebla,Atlixco,241.0,162.0,0.0,1393.21,20183158.82,8.600061728395062,14486.803008878776,False,True,False,False,False,False,False,False,5.488937726156687,5.093750200806762,0.0,7.24008322559866,2.2617695284942703,9.581062402623681,16.820359142396214,True,Otros
2025,21026,Puebla,Calpan,7.0,5.0,0.0,41.25,826237.5,8.25,20030.0,False,False,False,False,False,False,False,False,2.0794415416798357,1.791759469228055,0.0,3.7436043538031827,2.224623551524334,9.905036352525979,13.624638751745575,False,Otros
2025,21027,Puebla,Caltepec,13.75,10.75,0.0,53.75,927458.4,5.0,17255.04,False,False,False,False,False,False,False,False,2.691243082785829,2.463853240590168,0.0,4.00277736869661,1.791759469228055,9.755917506100612,13.74020429892073,False,Otros
2025,21033,Puebla,Cohuecan,22.0,16.0,0.0,96.0,1297432.32,6.0,13514.92,False,False,False,False,False,False,False,False,3.1354942159291497,2.833213344056216,0.0,4.574710978503383,1.9459101490553132,9.511623528905742,14.07589850156481,False,Otros
2025,21035,Puebla,Coxcatlán,11.0,9.0,0.0,64.36,1080946.18,7.151111111111111,16795.310441267866,False,False,False,False,False,False,False,False,2.4849066497880004,2.302585092994046,0.0,4.1799104505517475,2.09815425061199,9.728914524680897,13.893348233262888,False,Otros
2025,21036,Puebla,Coyomeapan,9.0,7.0,0.0,42.0,566035.26,6.0,13477.03,False,False,False,False,False,False,False,False,2.302585092994046,2.0794415416798357,0.0,3.7612001156935624,1.9459101490553132,9.508816231353217,13.246413418737575,False,Otros
2025,21039,Puebla,Cuautempan,294.5,72.0,0.0,532.12,10515326.99,7.390555555555555,19761.194824475682,False,True,False,False,False,False,False,False,5.688668836846153,4.290459441148391,0.0,6.278746539538423,2.1271067346820853,9.891526039246727,16.168344559214486,True,Otros
2025,21046,Puebla,Chapulco,6.5,5.5,0.0,30.81,564141.0,5.601818181818182,18310.321324245375,False,False,False,False,False,False,False,False,2.0149030205422647,1.8718021769015913,0.0,3.4597807057610526,1.887345093187819,9.815274799141608,13.243061271840325,False,Otros
2025,21050,Puebla,Chichiquila,252.0,220.0,0.0,1825.05,32079574.29,8.295681818181817,17577.36735431906,False,True,True,False,False,False,False,False,5.53338948872752,5.3981627015177525,0.0,7.509910443036325,2.2295499717033977,9.774424297433871,17.283730101785174,True,Otros
2025,21051,Puebla,Chietla,10.0,10.0,0.0,83.1,1539870.43,8.309999999999999,18530.330084235862,False,False,False,False,False,False,False,False,2.3978952727983707,2.3978952727983707,0.0,4.432006566978902,2.2310890912889754,9.82721809674845,14.24720948389159,False,Otros
2025,21054,Puebla,Chignautla,40.0,33.0,0.0,223.9,3733119.35,6.784848484848485,16673.154756587763,False,False,False,False,False,False,False,False,3.713572066704308,3.5263605246161616,0.0,5.41565585896527,2.0521793426493575,9.721615180238976,15.132754996862708,False,Otros
2025,21055,Puebla,Chila,1.0,1.0,0.0,8.0,72000.0,8.0,9000.0,False,False,False,False,False,False,False,False,0.6931471805599453,0.6931471805599453,0.0,2.1972245773362196,2.1972245773362196,9.105090961257085,11.184435286790631,False,Otros
2025,21058,Puebla,Chilchotla,109.0,75.0,0.0,582.09,9707191.66,7.7612000000000005,16676.44463914515,False,False,False,False,False,False,False,False,4.700480365792417,4.330733340286331,0.0,6.368341548364023,2.1703328818679033,9.721812465084541,16.088377680030113,False,Otros
2025,21069,Puebla,Huaquechula,85.0,60.0,0.0,477.05,6446164.35,7.950833333333334,13512.554973273242,False,False,False,False,False,False,False,False,4.454347296253507,4.110873864173311,0.0,6.1697153295314555,2.1917466378219554,9.511448532777617,15.678995992595388,False,Otros
2025,21074,Puebla,Huejotzingo,9.0,1.0,0.0,8.25,165000.0,8.25,20000.0,False,False,False,False,False,False,False,False,2.302585092994046,0.6931471805599453,0.0,2.224623551524334,2.224623551524334,9.90353755128617,12.013706813470414,False,Otros
2025,21075,Puebla,Hueyapan,85.0,83.0,0.0,498.0,4700258.46,6.0,9438.27,False,False,False,False,False,False,False,False,4.454347296253507,4.430816798843313,0.0,6.212606095751519,1.9459101490553132,9.152633925640913,15.363128269411908,False,Otros
2025,21085,Puebla,Izúcar de Matamoros,19.8,19.5,0.0,171.45,2999245.3899999997,8.792307692307691,17493.411431904344,False,False,False,False,False,False,False,False,3.0349529867072724,3.0204248861443626,0.0,5.15010733938285,2.281597148101824,9.769636762161252,14.913871611742207,False,Otros
2025,21086,Puebla,Jalpan,0.0,0.0,0.0,0.0,0.0,,,True,False,False,False,False,False,False,False,0.0,0.0,0.0,0.0,,,0.0,False,Otros
2025,21098,Puebla,Molcaxac,5.0,3.0,0.0,25.3,544500.0,8.433333333333334,21521.73913043478,False,False,False,False,False,False,False,False,1.791759469228055,1.3862943611198906,0.0,3.269568939183719,2.2442495159810822,9.976865289188694,13.207625057900756,False,Otros
2025,21102,Puebla,Nealtican,5.5,3.5,0.0,29.3,423994.73,8.371428571428572,14470.809897610921,False,False,False,False,False,False,False,False,1.8718021769015913,1.5040773967762742,0.0,3.4111477125153233,2.23766554689473,9.579957891113434,12.957478663408667,False,Otros
2025,21112,Puebla,Petlalcingo,2.6,1.0,0.0,8.0,72752.96,8.0,9094.12,False,False,False,False,False,False,False,False,1.2809338454620642,0.6931471805599453,0.0,2.1972245773362196,2.1972245773362196,9.115493284927854,11.194838616542008,False,Otros
2025,21116,Puebla,Quimixtlán,1012.0,870.0,0.0,7395.6,132994519.0,8.500689655172414,17982.924847206446,False,True,True,False,True,False,False,True,6.920671504248683,6.769641976852503,0.0,8.908775714148963,2.251364391252892,9.797233573814937,18.705818482329644,True,Otros
2025,21119,Puebla,San Andrés Cholula,9.5,6.5,0.0,52.0,532913.68,8.0,10248.34,False,False,False,False,False,False,False,False,2.3513752571634776,2.0149030205422647,0.0,3.970291913552122,2.1972245773362196,9.234968592249512,13.1861166152877,False,Otros
2025,21126,Puebla,San Jerónimo Tecuanipan,6.0,5.0,0.0,30.0,234000.0,6.0,7800.0,False,False,False,False,False,False,False,False,1.9459101490553132,1.791759469228055,0.0,3.4339872044851463,1.9459101490553132,8.962007209588313,12.36308066783498,False,Otros
2025,21148,Puebla,Santa Isabel Cholula,16.0,10.0,0.0,93.0,1750835.67,9.3,18826.19,False,False,False,False,False,False,False,False,2.833213344056216,2.3978952727983707,0.0,4.543294782270004,2.33214389523559,9.843057380563097,14.37560432879053,False,Otros
2025,21156,Puebla,Tehuacán,3.0,3.0,0.0,15.0,240061.95,5.0,16004.130000000001,False,False,False,False,False,False,False,False,1.3862943611198906,1.3862943611198906,0.0,2.772588722239781,1.791759469228055,9.680664574832708,12.38865645959835,False,Otros
2025,21164,Puebla,Tepeaca,12.0,5.0,0.0,42.95,727437.28,8.59,16936.840046565772,False,False,False,False,False,False,False,False,2.5649493574615367,1.791759469228055,0.0,3.783052624131186,2.2607208888953467,9.737305453970535,13.497284435940823,False,Otros
2025,21169,Puebla,Tepexi de Rodríguez,87.0,85.0,0.0,707.3,14943300.0,8.321176470588235,21127.24445072812,False,False,False,False,False,False,False,False,4.477336814478207,4.454347296253507,0.0,6.562867732759577,2.2322888514808796,9.958366023899062,16.519773663731527,False,Otros
2025,21172,Puebla,Tetela de Ocampo,53.0,43.0,0.0,244.79,3815534.96,5.692790697674418,15586.97234364149,False,False,False,False,False,False,False,False,3.9889840465642745,3.784189633918261,0.0,5.504477512821833,1.9010309318044034,9.654254892248757,15.15459170038239,False,Otros
2025,21173,Puebla,Teteles de Avila Castillo,15.0,15.0,0.0,90.0,1350000.0,6.0,15000.0,False,False,False,False,False,False,False,False,2.772588722239781,2.772588722239781,0.0,4.51085950651685,1.9459101490553132,9.61587214452889,14.115615891155079,False,Otros
2025,21174,Puebla,Teziutlán,180.0,168.0,0.0,1235.92,20604941.02,7.356666666666667,16671.743332901806,False,False,False,False,False,False,False,False,5.198497031265826,5.1298987149230735,0.0,7.120379697706138,2.123059623502092,9.721530529265863,16.84104150887097,False,Otros
2025,21175,Puebla,Tianguismanalco,25.0,22.0,0.0,172.7,2504034.57,7.85,14499.33161551824,False,False,False,False,False,False,False,False,3.258096538021482,3.1354942159291497,0.0,5.157329673247059,2.180417459019838,9.581926798182892,14.733414216372799,False,Otros
2025,21186,Puebla,Tlatlauquitepec,103.0,92.0,0.0,588.26,9372285.6,6.394130434782609,15932.21636691259,False,False,False,False,False,False,False,False,4.6443908991413725,4.532599493153256,0.0,6.378867512397738,2.00068650098403,9.676161288795743,16.053267658594663,False,Otros
2025,21188,Puebla,Tochimilco,209.4,201.4,0.0,1843.68,30147397.71,9.154319761668322,16351.75177362666,False,False,False,False,False,False,False,False,5.349010480863555,5.310245937413311,0.0,7.520061099697453,2.3178992072316817,9.702151466361187,17.221609199139994,False,Otros
2025,21194,Puebla,Venustiano Carranza,0.0,0.0,0.0,0.0,0.0,,,True,False,False,False,False,False,False,False,0.0,0.0,0.0,0.0,,,0.0,False,Otros
2025,21195,Puebla,Vicente Guerrero,10.0,7.0,0.0,42.0,506775.78,6.0,12066.09,False,False,False,False,False,False,False,False,2.3978952727983707,2.0794415416798357,0.0,3.7612001156935624,1.9459101490553132,9.398237191403291,13.135825909489203,False,Otros
2025,21199,Puebla,Xiutetelco,103.0,95.0,0.0,634.75,10406986.38,6.681578947368421,16395.409814887753,False,False,False,False,False,False,False,False,4.6443908991413725,4.564348191467836,0.0,6.454805404302229,2.0388251181336834,9.704817676120825,16.157988001973926,False,Otros
2025,21200,Puebla,Xochiapulco,55.7,43.0,0.0,317.61,5844051.12,7.3862790697674425,18400.08538773968,False,False,False,False,False,False,False,False,4.037774210733707,3.784189633918261,0.0,5.763967784302899,2.126596926249656,9.82016493032144,15.580934970361897,False,Otros
2025,21204,Puebla,Yaonáhuac,64.0,57.0,0.0,422.29,7541242.86,7.408596491228071,17857.9716782306,False,False,False,False,False,False,False,False,4.174387269895637,4.060443010546419,0.0,6.048057523340435,2.1292545743537348,9.790261275966085,15.835897694548148,False,Otros
2025,21206,Puebla,Zacapala,98.0,96.0,0.0,838.2,18807744.5,8.731250000000001,22438.253996659507,False,False,False,False,False,False,False,False,4.59511985013459,4.574710978503383,0.0,6.732449057082087,2.2753423566001714,10.01856711472839,16.749779337634525,False,Otros
2025,21207,Puebla,Zacapoaxtla,100.2,82.0,0.0,608.6,11332074.08,7.421951219512195,18619.90483075912,False,False,False,False,False,False,False,False,4.617098756853365,4.418840607796598,0.0,6.412803004372437,2.130841537691639,9.832040144213169,16.243147765395946,False,Otros
2025,21208,Puebla,Zacatlán,69.2,43.0,0.0,274.58,4882155.9,6.3855813953488365,17780.449777842525,False,False,False,False,False,False,False,False,4.251348311031766,3.784189633918261,0.0,5.618877967565757,1.9995296394043887,9.785911045554872,15.401097667886454,False,Otros
2025,21209,Puebla,Zapotitlán,4.0,3.0,0.0,15.0,256540.35,5.0,17102.69,False,False,False,False,False,False,False,False,1.6094379124341003,1.3862943611198906,0.0,2.772588722239781,1.791759469228055,9.747049508685235,12.455045139177253,False,Otros
2025,21212,Puebla,Zautla,11.0,10.0,0.0,60.0,885627.6,6.0,14760.46,False,False,False,False,False,False,False,False,2.4849066497880004,2.3978952727983707,0.0,4.110873864173311,1.9459101490553132,9.59977500925176,13.69405295434472,False,Otros
2025,21217,Puebla,Zoquitlán,25.0,17.0,0.0,130.49,2184625.44,7.675882352941177,16741.70771706644,False,False,False,False,False,False,False,False,3.258096538021482,2.8903717578961645,0.0,4.878930803098828,2.160547032815195,9.725718082281318,14.596955406220474,False,Otros
2025,22002,Querétaro,Pinal de Amoles,40.0,40.0,0.0,357.2,7858921.52,8.93,22001.460022396415,False,False,False,False,False,False,False,False,3.713572066704308,3.713572066704308,0.0,5.881091489626612,2.295560478057081,9.998909545288988,15.877160071039057,False,Otros
2025,22004,Querétaro,Cadereyta de Montes,43.0,41.0,0.0,346.04,6759749.53,8.440000000000001,19534.59001849497,False,False,False,False,False,False,False,False,3.784189633918261,3.7376696182833684,0.0,5.849440047078565,2.2449559801574095,9.879993210181004,15.72649654349203,False,Otros
2025,22009,Querétaro,Jalpan de Serra,8.0,8.0,0.0,71.44,1467241.87,8.93,20538.100083986563,False,False,False,False,False,False,False,False,2.1972245773362196,2.1972245773362196,0.0,4.282758633015213,2.295560478057081,9.930085669669115,14.198895598977865,False,Otros
2025,22013,Querétaro,Peñamiller,37.0,35.0,0.0,312.55,6902276.07,8.93,22083.75002399616,False,False,False,False,False,False,False,False,3.6375861597263857,3.58351893845611,0.0,5.74795883698903,2.295560478057081,10.00264260515272,15.747361925271045,False,Otros
2025,22015,Querétaro,San Joaquín,38.0,28.0,0.0,236.32,5341574.05,8.44,22603.140022004063,False,False,False,False,False,False,False,False,3.6635616461296463,3.367295829986474,0.0,5.469409441390442,2.244955980157409,10.025888355298061,15.49103112062976,False,Otros
2025,22018,Querétaro,Tolimán,27.0,27.0,0.0,227.88,4967011.49,8.44,21796.61001404248,False,False,False,False,False,False,False,False,3.332204510175204,3.332204510175204,0.0,5.433197848741854,2.244955980157409,9.98955561038374,15.418329108682661,False,Otros
2025,23007,Quintana Roo,Lázaro Cárdenas,3.0,3.0,0.0,24.15,198566.86,8.049999999999999,8222.230227743272,False,False,False,False,False,False,False,False,1.3862943611198906,1.3862943611198906,0.0,3.224857896545748,2.2027647577118348,9.014718382601975,12.198886184667055,False,Otros
2025,24006,San Luis Potosí,Catorce,6.0,6.0,0.0,27.0,405000.0,4.5,15000.0,False,False,False,False,False,False,False,False,1.9459101490553132,1.9459101490553132,0.0,3.332204510175204,1.7047480922384253,9.61587214452889,12.91164481522143,False,Otros
2025,24011,San Luis Potosí,Ciudad Fernández,85.0,65.0,0.0,580.45,7139535.0,8.930000000000001,12299.999999999998,False,False,False,False,False,False,False,False,4.454347296253507,4.189654742026425,0.0,6.365524983739053,2.2955604780570815,9.417435838868785,15.781158346209688,False,Otros
2025,24047,San Luis Potosí,Villa de Guadalupe,4.0,4.0,0.0,18.0,201600.0,4.5,11200.0,False,False,False,False,False,False,False,False,1.6094379124341003,1.6094379124341003,0.0,2.9444389791664403,1.7047480922384253,9.32375833901174,12.214045775484509,False,Otros
2025,24048,San Luis Potosí,Villa de La Paz,1.0,0.0,1.0,0.0,0.0,,,True,False,False,True,False,False,False,False,0.6931471805599453,0.0,0.6931471805599453,0.0,,,0.0,True,Otros
2025,24054,San Luis Potosí,Xilitla,33.0,33.0,0.0,259.05,5254383.69,7.8500000000000005,20283.28002316155,False,False,False,False,False,False,False,False,3.5263605246161616,3.5263605246161616,0.0,5.560873920219081,2.1804174590198384,9.917601481944919,15.474573465047468,False,Otros
2025,25001,Sinaloa,Ahome,36.83,33.3,0.0,341.33000000000004,3055502.26,10.250150150150152,8951.754196818327,False,False,False,False,False,False,False,False,3.6331024386449378,3.535145354171894,0.0,5.8357751841146985,2.4203814752413764,9.09971649541736,14.932454870245028,False,Otros
2025,25002,Sinaloa,Angostura,2.0,2.0,0.0,17.86,151810.0,8.93,8500.0,False,False,False,False,False,False,False,False,1.0986122886681098,1.0986122886681098,0.0,2.937043277205311,2.295560478057081,9.04793908261736,11.930391605086411,False,Otros
2025,25004,Sinaloa,Concordia,187.0,187.0,0.0,2183.73,34084272.0,11.677700534759358,15608.28124356033,False,False,False,False,True,False,False,False,5.236441962829949,5.236441962829949,0.0,7.689247530100264,2.5398445867247674,9.655620967834423,17.34434663352119,True,Otros
2025,25013,Sinaloa,Mocorito,10.0,10.0,0.0,89.3,785840.0,8.93,8800.0,False,False,False,False,False,False,False,False,2.3978952727983707,2.3978952727983707,0.0,4.5031374604229395,2.295560478057081,9.082620630373812,13.57450976087161,False,Otros
2025,25016,Sinaloa,San Ignacio,120.0,100.0,0.0,893.0,14288000.0,8.93,16000.0,False,False,False,False,False,False,False,False,4.795790545596741,4.61512051684126,0.0,6.795705775173514,2.295560478057081,9.680406499268875,16.474930652087217,False,Otros
2025,25018,Sinaloa,Navolato,26.5,18.5,0.0,189.64,2141562.6799999997,10.25081081081081,11292.779371440623,False,False,False,False,False,False,False,False,3.3141860046725258,2.970414465569701,0.0,5.250386832790487,2.420440198125434,9.332007355018119,14.57704681176169,False,Otros
2025,26012,Sonora,Bácum,387.0,0.0,0.0,0.0,0.0,,,True,True,False,False,False,False,False,False,5.961005339623274,0.0,0.0,0.0,,,0.0,True,Otros
2025,26026,Sonora,Etchojoa,6.0,6.0,0.0,53.58,660337.07,8.93,12324.320082120194,False,False,False,False,False,False,False,False,1.9459101490553132,1.9459101490553132,0.0,3.9996675152801924,2.295560478057081,9.419410968725412,13.400507210131728,False,Otros
2025,26030,Sonora,Hermosillo,7.8,0.0,0.0,0.0,0.0,,,True,False,False,False,False,False,False,False,2.174751721484161,0.0,0.0,0.0,,,0.0,False,Otros
2025,26033,Sonora,Huatabampo,8.0,8.0,0.0,71.44,880449.43,8.93,12324.320128779396,False,False,False,False,False,False,False,False,2.1972245773362196,2.1972245773362196,0.0,4.282758633015213,2.295560478057081,9.41941097251105,13.688188907775425,False,Otros
2025,26042,Sonora,Navojoa,16.0,16.0,0.0,142.88,1760898.85,8.93,12324.320058790594,False,False,False,False,False,False,False,False,2.833213344056216,2.833213344056216,0.0,4.968979618827423,2.295560478057081,9.419410966832594,14.381335514765153,False,Otros
2025,26072,Sonora,San Ignacio Río Muerto,15.5,0.0,0.0,0.0,0.0,,,True,False,False,False,False,False,False,False,2.803360380906535,0.0,0.0,0.0,,,0.0,False,Otros
2025,27002,Tabasco,Cárdenas,35.0,35.0,0.0,103.95,1419506.9,2.97,13655.670033670032,False,False,False,False,False,False,False,False,3.58351893845611,3.58351893845611,0.0,4.653484046266642,1.3787660946990992,9.521983328419276,14.165820820219585,False,Otros
2025,27003,Tabasco,Centla,22.0,22.0,0.0,202.62,1559310.84,9.21,7695.7400059224165,False,False,False,False,False,False,False,False,3.1354942159291497,3.1354942159291497,0.0,5.316255511679049,2.3233676321765744,8.948552142338682,14.259755153694922,False,Otros
2025,27006,Tabasco,Cunduacán,2.0,2.0,0.0,5.94,57718.15,2.97,9716.86026936027,False,False,False,False,False,False,False,False,1.0986122886681098,1.0986122886681098,0.0,1.937301774518713,1.3787660946990992,9.18172073632371,10.963344286514648,False,Otros
2025,28017,Tamaulipas,Jaumave,26.28,1.78,0.0,15.91,397431.8,8.938202247191011,24980.0,False,False,False,False,False,False,False,False,3.3061538329752613,1.0224509277025458,0.0,2.827905162910489,2.2963861438677,10.125870814903928,12.892781142181072,False,Otros
2025,29029,Tlaxcala,Tepeyanco,15.0,15.0,0.0,133.95,2198309.71,8.93,16411.420007465473,False,False,False,False,False,False,False,False,2.772588722239781,2.772588722239781,0.0,4.9049043394640135,2.295560478057081,9.705793644720453,14.603199764282845,False,Otros
2025,30008,Veracruz,Alpatláhuac,53.85,53.85,0.0,618.47,9466278.28,11.485051067780873,15305.961938331688,False,False,False,False,False,False,False,False,4.00460218672124,4.00460218672124,0.0,6.428864273746492,2.524532014054238,9.636063032535516,16.06324649249927,False,Otros
2025,30010,Veracruz,Altotonga,171.0,171.0,0.0,1898.1,32048355.57,11.1,16884.440003161057,False,False,False,False,True,False,False,False,5.147494476813453,5.147494476813453,0.0,7.549135368720199,2.4932054526026954,9.734206991299276,17.282756462949155,True,Otros
2025,30023,Veracruz,Atzalan,90.0,90.0,0.0,999.0,16610283.09,11.1,16626.91,False,False,False,False,False,False,False,False,4.51085950651685,4.51085950651685,0.0,6.907755278982137,2.4932054526026954,9.718837887800747,16.62553258499529,False,Otros
2025,30024,Veracruz,Tlaltetela,7.64,7.64,0.0,84.81,1254000.66,11.100785340314136,14785.999999999998,False,False,False,False,False,False,False,False,2.1564025828159643,2.1564025828159643,0.0,4.45213554981903,2.4932703546547046,9.601503695373488,14.041850323938082,False,Otros
2025,30025,Veracruz,Ayahualulco,25.0,25.0,0.0,256.38,3996593.98,10.2552,15588.55597160465,False,False,False,False,False,False,False,False,3.258096538021482,3.258096538021482,0.0,5.550553592065519,2.4208302440808667,9.65435648003009,15.20095330156088,False,Otros
2025,30029,Veracruz,Calcahualco,67.52,67.52,0.0,774.79,11923777.7,11.474970379146919,15389.689722376386,False,False,False,False,False,False,False,False,4.2271256734559195,4.2271256734559195,0.0,6.653881865002709,2.5237242672176827,9.641518042097477,16.294045174399557,False,Otros
2025,30047,Veracruz,Coscomatepec,130.0,130.0,0.0,1443.0,23808706.35,11.1,16499.45,False,False,False,False,False,False,False,False,4.875197323201151,4.875197323201151,0.0,7.275172319452771,2.4932054526026954,9.711142932244051,16.985561926775084,False,Otros
2025,30071,Veracruz,Huatusco,98.5,98.5,0.0,1093.35,18109418.46,11.1,16563.24000548772,False,False,False,False,False,False,False,False,4.600157644164547,4.600157644164547,0.0,6.997915858690094,2.4932054526026954,9.715001434145593,16.711942773023306,False,Otros
2025,30079,Veracruz,Ixhuacán de Los Reyes,72.0,72.0,0.0,799.2,15602332.059999999,11.100000000000001,19522.437512512508,False,False,False,False,False,False,False,False,4.290459441148391,4.290459441148391,0.0,6.684861696423135,2.4932054526026954,9.87937094653837,16.562931016165717,False,Otros
2025,30080,Veracruz,Ixhuatlán del Café,53.6,53.6,0.0,594.96,9701120.28,11.1,16305.499999999998,False,False,False,False,False,False,False,False,4.000033882750859,4.000033882750859,0.0,6.390173550719139,2.4932054526026954,9.699319080312165,16.08775203266921,False,Otros
2025,30086,Veracruz,Jalacingo,100.0,100.0,0.0,1322.5,19386104.3,13.225,14658.68,False,False,False,False,False,False,False,False,4.61512051684126,4.61512051684126,0.0,7.188035021667156,2.6550009800123946,9.592856147098722,16.78006714577481,False,Otros
2025,30092,Veracruz,Xico,60.0,60.0,0.0,666.0,12995418.24,11.1,19512.64,False,False,False,False,False,False,False,False,4.110873864173311,4.110873864173311,0.0,6.502790045915623,2.4932054526026954,9.878868987204191,16.380107487176424,False,Otros
2025,30107,Veracruz,Las Minas,6.0,6.0,0.0,66.6,1107352.21,11.1,16626.91006006006,False,False,False,False,False,False,False,False,1.9459101490553132,1.9459101490553132,0.0,4.213607983048918,2.4932054526026954,9.71883789141275,13.91748323035627,False,Otros
2025,30137,Veracruz,Los Reyes,23.0,23.0,0.0,108.79,1612154.66,4.73,14818.960014707232,False,False,False,False,False,False,False,False,3.1780538303479458,3.1780538303479458,0.0,4.698569450246641,1.7457155307266483,9.603730200783499,14.293082760662212,False,Otros
2025,30159,Veracruz,Tehuipango,5.4,5.4,0.0,25.55,376623.35,4.731481481481481,14740.639921722111,False,False,False,False,False,False,False,False,1.8562979903656263,1.8562979903656263,0.0,3.279029747687948,1.7459740455603763,9.598431416116656,12.839003550576484,False,Otros
2025,30171,Veracruz,Texhuacán,7.3,7.3,0.0,34.54,511549.14,4.7315068493150685,14810.339895773017,False,False,False,False,False,False,False,False,2.1162555148025524,2.1162555148025524,0.0,3.570658822726505,1.7459784716023221,9.603148375537664,13.145200884985085,False,Otros
2025,30184,Veracruz,Tlaquilpa,7.3,7.3,0.0,34.54,508938.61,4.7315068493150685,14734.759988419224,False,False,False,False,False,False,False,False,2.1162555148025524,2.1162555148025524,0.0,3.570658822726505,1.7459784716023221,9.598032470931612,13.14008464409307,False,Otros
2025,30186,Veracruz,Tomatlán,4.25,4.25,0.0,47.18,743570.48,11.101176470588236,15760.289953370071,False,False,False,False,False,False,False,False,1.6582280766035324,1.6582280766035324,0.0,3.874943997186725,2.4933026768504996,9.665312209895482,13.519220180140156,False,Otros
2025,30201,Veracruz,Zongolica,30.7,30.7,0.0,145.22,2146710.29,4.73029315960912,14782.469976587246,False,False,False,False,False,False,False,False,3.456316680883235,3.456316680883235,0.0,4.9851123368651695,1.7457666916533543,9.601264942088044,14.579447596463455,False,Otros
2025,31003,Yucatán,Akil,99.5,99.5,0.0,2761.13,28538132.05,27.750050251256283,10335.67128313408,False,False,False,False,True,True,False,False,4.61015772749913,4.61015772749913,0.0,7.92375740020411,3.3586395151116157,9.243453170037128,17.16675175266657,True,Otros
2025,31010,Yucatán,Cantamayec,2.0,2.0,0.0,16.1,166724.52,8.05,10355.560248447204,False,False,False,False,False,False,False,False,1.0986122886681098,1.0986122886681098,0.0,2.8390784635086144,2.2027647577118348,9.245375438331195,12.024104146404024,False,Otros
2025,31025,Yucatán,Dzán,43.0,43.0,0.0,1193.25,12491812.07,27.75,10468.729997904882,False,False,False,False,False,True,False,False,3.784189633918261,3.784189633918261,0.0,7.085273652270072,3.3586377672433594,9.25624351536634,16.3405840332962,True,Otros
2025,31038,Yucatán,Hunucmá,0.5,0.5,0.0,4.04,39592.0,8.08,9800.0,False,False,False,False,False,False,False,False,0.4054651081081644,0.4054651081081644,0.0,1.6174060820832772,2.206074192613202,9.19023970026918,10.586407613940557,False,Otros
2025,31047,Yucatán,Maní,45.5,45.5,0.0,1267.18,13231638.6,27.85010989010989,10441.798797329502,False,False,False,False,False,True,False,False,3.8394523125933104,3.8394523125933104,0.0,7.145338080758357,3.362113801962795,9.25366790954392,16.398121458873465,True,Otros
2025,31050,Yucatán,Mérida,1.88,1.88,0.0,15.14,158970.0,8.053191489361703,10500.0,False,False,False,False,False,False,False,False,1.0577902941478545,1.0577902941478545,0.0,2.7813006628418027,2.20311734630337,9.259225769705994,11.976477074630195,False,Otros
2025,31053,Yucatán,Muna,40.0,40.0,0.0,690.0,7851220.2,17.25,11378.58,False,False,False,False,False,True,False,False,3.713572066704308,3.713572066704308,0.0,6.53813982376767,2.9041650800285006,9.339575800145116,15.8761796445383,True,Otros
2025,31056,Yucatán,Oxkutzcab,213.0,213.0,0.0,5942.7,61270366.11,27.9,10310.18999949518,False,False,True,False,True,True,False,True,5.365976015021851,5.365976015021851,0.0,8.690087114060631,3.3638415951183864,9.240984992221914,17.930806876360073,True,Otros
2025,31062,Yucatán,Sacalum,25.0,25.0,0.0,692.5,8276448.38,27.7,11951.550007220216,False,False,False,False,False,True,False,False,3.258096538021482,3.258096538021482,0.0,6.541751239754887,3.3568971227655755,9.388699924320848,15.92892461555177,True,Otros
2025,31066,Yucatán,Santa Elena,30.0,30.0,0.0,241.5,2742804.86,8.05,11357.370020703933,False,False,False,False,False,False,False,False,3.4339872044851463,3.4339872044851463,0.0,5.491001710377538,2.2027647577118348,9.337710197887352,14.824491990892907,False,Otros
2025,31070,Yucatán,Sucilá,15.0,15.0,0.0,126.6,1618839.27,8.44,12787.040047393366,False,False,False,False,False,False,False,False,2.772588722239781,2.772588722239781,0.0,4.848900370910689,2.244955980157409,9.456265641813346,14.297220568126127,False,Otros
2025,31079,Yucatán,Tekax,32.5,32.5,0.0,274.68,2800734.26,8.451692307692309,10196.353065385174,False,False,False,False,False,False,False,False,3.5115454388310208,3.5115454388310208,0.0,5.619240772779619,2.2461938056517905,9.22988346220192,14.845392533531106,False,Otros
2025,31087,Yucatán,Tetiz,0.3,0.3,0.0,2.42,23716.0,8.066666666666666,9800.0,False,False,False,False,False,False,False,False,0.26236426446749106,0.26236426446749106,0.0,1.2296405510745139,2.204604684633842,9.19023970026918,10.073947369564895,False,Otros
2025,31089,Yucatán,Ticul,71.0,71.0,0.0,1973.8,20548383.07,27.8,10410.570002026549,False,False,False,False,True,True,False,False,4.276666119016055,4.276666119016055,0.0,7.588222406384708,3.3603753871419,9.250672966954564,16.838292861751437,True,Otros
2025,31096,Yucatán,Tizimín,11.0,0.0,0.0,0.0,0.0,,,True,False,False,False,False,False,False,False,2.4849066497880004,0.0,0.0,0.0,,,0.0,False,Otros
2025,31098,Yucatán,Tzucacab,11.5,11.5,0.0,342.7,3427000.0,29.8,10000.0,False,False,False,False,False,True,False,False,2.5257286443082556,2.5257286443082556,0.0,5.839769183855788,3.427514689979529,9.210440366976517,15.047196092657112,True,Otros
2025,31101,Yucatán,Umán,3.5,3.5,0.0,28.19,295995.0,8.054285714285715,10500.0,False,False,False,False,False,False,False,False,1.5040773967762742,1.5040773967762742,0.0,3.3738261848660236,2.2032382052074615,9.259225769705994,12.598101219701375,False,Otros
2025,32001,Zacatecas,Apozol,6.0,0.0,0.0,0.0,0.0,,,True,False,False,False,False,False,False,False,1.9459101490553132,0.0,0.0,0.0,,,0.0,False,Otros
2025,32019,Zacatecas,Jalpa,4.0,4.0,0.0,33.36,520416.0,8.34,15600.0,False,False,False,False,False,False,False,False,1.6094379124341003,1.6094379124341003,0.0,3.536893097116055,2.234306252240751,9.65509029374725,13.16238569226602,False,Otros
2025,32020,Zacatecas,Jerez,16.0,16.0,0.0,128.8,1932000.0,8.05,14999.999999999998,False,False,False,False,False,False,False,False,2.833213344056216,2.833213344056216,0.0,4.86599480426999,2.2027647577118348,9.61587214452889,14.47406681135281,False,Otros
2025,32023,Zacatecas,Juchipila,6.5,6.5,0.0,54.28,846768.0,8.350769230769231,15600.0,False,False,False,False,False,False,False,False,2.0149030205422647,2.0149030205422647,0.0,4.012411179459415,2.2354586105870555,9.65509029374725,13.649183209164619,False,Otros
2025,32028,Zacatecas,Mezquital del Oro,5.0,5.0,0.0,41.75,642950.0,8.35,15400.0,False,False,False,False,False,False,False,False,1.791759469228055,1.791759469228055,0.0,3.755369195382769,2.2353763433005955,9.642187721358466,13.373823795028272,False,Otros
2025,32033,Zacatecas,Moyahua de Estrada,18.0,18.0,0.0,150.3,2329650.0,8.350000000000001,15499.999999999998,False,False,False,False,False,False,False,False,2.9444389791664403,2.9444389791664403,0.0,5.01926462079431,2.235376343300596,9.648659816955295,14.661229028915203,False,Otros
2025,32034,Zacatecas,Nochistlán de Mejía,2.0,2.0,0.0,16.68,313584.0,8.34,18800.0,False,False,False,False,False,False,False,False,1.0986122886681098,1.0986122886681098,0.0,2.8724340572094973,2.234306252240751,9.841665338892785,12.655825734681768,False,Otros
2025,32043,Zacatecas,Susticacán,2.0,2.0,0.0,16.1,209300.0,8.05,12999.999999999998,False,False,False,False,False,False,False,False,1.0986122886681098,1.0986122886681098,0.0,2.8390784635086144,2.2027647577118348,9.472781556562168,12.251528686253542,False,Otros
