CVEGEO,AÑO,produccion_t,lag1_t,lag2_t,lag3_t,media_previa3_t
01003,2003,19.0,,,,
01003,2004,21.0,19.0,,,
01003,2005,44.0,21.0,19.0,,
01003,2006,40.0,44.0,21.0,19.0,28.0
01003,2007,96.0,40.0,44.0,21.0,35.0
01003,2008,96.0,96.0,40.0,44.0,60.0
01003,2009,90.0,96.0,96.0,40.0,77.33333333333333
01003,2010,204.0,90.0,96.0,96.0,94.0
01003,2011,191.4,204.0,90.0,96.0,130.0
01003,2012,181.7,191.4,204.0,90.0,161.79999999999998
01003,2013,185.6,181.7,191.4,204.0,192.36666666666667
01003,2014,185.8,185.6,181.7,191.4,186.23333333333335
01003,2015,197.64,185.8,185.6,181.7,184.36666666666667
01003,2016,216.0,197.64,185.8,185.6,189.67999999999998
01003,2017,207.0,216.0,197.64,185.8,199.81333333333336
01003,2018,278.0,207.0,216.0,197.64,206.88
01003,2019,292.0,278.0,207.0,216.0,233.66666666666666
01003,2020,325.75,292.0,278.0,207.0,259.0
01003,2021,408.98,325.75,292.0,278.0,298.5833333333333
01003,2022,385.0,408.98,325.75,292.0,342.24333333333334
01003,2023,547.56,385.0,408.98,325.75,373.24333333333334
01003,2025,726.05,,547.56,385.0,
02001,2003,46.53,,,,
02001,2004,16.03,46.53,,,
02001,2005,34.4,16.03,46.53,,
02001,2006,53.0,34.4,16.03,46.53,32.32
02001,2007,71.06,53.0,34.4,16.03,34.47666666666667
02001,2008,72.9,71.06,53.0,34.4,52.82
02001,2009,72.0,72.9,71.06,53.0,65.65333333333334
02001,2010,61.5,72.0,72.9,71.06,71.98666666666666
02001,2011,55.8,61.5,72.0,72.9,68.8
02001,2012,94.56,55.8,61.5,72.0,63.1
02001,2013,105.0,94.56,55.8,61.5,70.62
02001,2014,136.03,105.0,94.56,55.8,85.12
02001,2015,185.64000000000001,136.03,105.0,94.56,111.86333333333333
02001,2016,223.05,185.64000000000001,136.03,105.0,142.22333333333333
02001,2017,199.39999999999998,223.05,185.64000000000001,136.03,181.57333333333335
02001,2018,243.48000000000002,199.39999999999998,223.05,185.64000000000001,202.6966666666667
02001,2019,327.4,243.48000000000002,199.39999999999998,223.05,221.9766666666667
02001,2020,249.45,327.4,243.48000000000002,199.39999999999998,256.76
02001,2021,36.0,249.45,327.4,243.48000000000002,273.4433333333333
02001,2022,110.0,36.0,249.45,327.4,204.2833333333333
02001,2023,118.0,110.0,36.0,249.45,131.81666666666666
02001,2025,62.0,,118.0,110.0,
02005,2003,0.0,,,,
02005,2004,0.0,0.0,,,
02005,2005,0.0,0.0,0.0,,
02005,2006,0.0,0.0,0.0,0.0,0.0
02005,2007,0.0,0.0,0.0,0.0,0.0
02005,2008,0.0,0.0,0.0,0.0,0.0
02005,2009,0.0,0.0,0.0,0.0,0.0
03001,2003,45.0,,,,
03001,2004,40.0,45.0,,,
03001,2005,35.0,40.0,45.0,,
03001,2006,25.0,35.0,40.0,45.0,40.0
03001,2007,30.0,25.0,35.0,40.0,33.333333333333336
03001,2008,35.0,30.0,25.0,35.0,30.0
03001,2009,38.0,35.0,30.0,25.0,30.0
03001,2010,70.0,38.0,35.0,30.0,34.333333333333336
03001,2011,70.0,70.0,38.0,35.0,47.666666666666664
03001,2012,96.0,70.0,70.0,38.0,59.333333333333336
03001,2013,88.0,96.0,70.0,70.0,78.66666666666667
03001,2014,54.4,88.0,96.0,70.0,84.66666666666667
03001,2015,64.0,54.4,88.0,96.0,79.46666666666667
03001,2016,108.2,64.0,54.4,88.0,68.8
03001,2017,187.2,108.2,64.0,54.4,75.53333333333333
03001,2018,140.0,187.2,108.2,64.0,119.8
03001,2019,140.42,140.0,187.2,108.2,145.13333333333333
03001,2020,74.4,140.42,140.0,187.2,155.87333333333333
03001,2021,75.84,74.4,140.42,140.0,118.27333333333333
03001,2022,76.0,75.84,74.4,140.42,96.88666666666666
03001,2023,75.52,76.0,75.84,74.4,75.41333333333334
03001,2025,142.88,,75.52,76.0,
03002,2017,32.0,,,,
03002,2018,30.0,32.0,,,
03002,2019,30.3,30.0,32.0,,
03002,2020,24.0,30.3,30.0,32.0,30.766666666666666
03002,2021,24.48,24.0,30.3,30.0,28.099999999999998
03002,2022,24.75,24.48,24.0,30.3,26.26
03002,2023,25.26,24.75,24.48,24.0,24.41
03002,2025,53.58,,25.26,24.75,
03003,2003,55.2,,,,
03003,2004,161.88,55.2,,,
03003,2005,138.75,161.88,55.2,,
03003,2006,178.8,138.75,161.88,55.2,118.61
03003,2007,175.0,178.8,138.75,161.88,159.81
03003,2008,180.0,175.0,178.8,138.75,164.18333333333334
03003,2009,180.0,180.0,175.0,178.8,177.9333333333333
03003,2010,180.0,180.0,180.0,175.0,178.33333333333334
03003,2011,191.25,180.0,180.0,180.0,180.0
03003,2012,175.15,191.25,180.0,180.0,183.75
03003,2013,191.0,175.15,191.25,180.0,182.13333333333333
03003,2014,185.0,191.0,175.15,191.25,185.79999999999998
03003,2015,200.0,185.0,191.0,175.15,183.71666666666667
03003,2016,188.1,200.0,185.0,191.0,192.0
03003,2017,228.0,188.1,200.0,185.0,191.03333333333333
03003,2018,243.0,228.0,188.1,200.0,205.36666666666667
03003,2019,45.0,243.0,228.0,188.1,219.70000000000002
03003,2020,45.9,45.0,243.0,228.0,172.0
03003,2021,45.99,45.9,45.0,243.0,111.3
03003,2022,46.08,45.99,45.9,45.0,45.629999999999995
03003,2023,46.17,46.08,45.99,45.9,45.99
03003,2025,46.35,,46.17,46.08,
03008,2003,0.0,,,,
03008,2004,241.8,0.0,,,
03008,2005,238.0,241.8,0.0,,
03008,2006,325.0,238.0,241.8,0.0,159.93333333333334
03008,2007,386.75,325.0,238.0,241.8,268.26666666666665
03008,2008,297.5,386.75,325.0,238.0,316.5833333333333
03008,2009,386.8,297.5,386.75,325.0,336.4166666666667
03008,2010,525.0,386.8,297.5,386.75,357.0166666666667
03008,2011,371.88,525.0,386.8,297.5,403.1000000000001
03008,2012,355.0,371.88,525.0,386.8,427.8933333333334
03008,2013,350.0,355.0,371.88,525.0,417.29333333333335
03008,2014,0.0,350.0,355.0,371.88,358.96000000000004
03008,2015,315.0,0.0,350.0,355.0,235.0
03008,2016,290.0,315.0,0.0,350.0,221.66666666666666
03008,2017,250.0,290.0,315.0,0.0,201.66666666666666
03008,2018,294.0,250.0,290.0,315.0,285.0
03008,2019,258.0,294.0,250.0,290.0,278.0
03008,2020,257.0,258.0,294.0,250.0,267.3333333333333
03008,2021,183.96,257.0,258.0,294.0,269.6666666666667
03008,2022,200.0,183.96,257.0,258.0,232.98666666666668
03008,2023,203.0,200.0,183.96,257.0,213.65333333333334
03008,2025,206.64,,203.0,200.0,
04001,2003,30.0,,,,
04001,2004,42.0,30.0,,,
04001,2005,42.0,42.0,30.0,,
04001,2006,10.0,42.0,42.0,30.0,38.0
04001,2007,5.0,10.0,42.0,42.0,31.333333333333332
04001,2008,6.0,5.0,10.0,42.0,19.0
04001,2015,5.23,,,,
04001,2016,15.31,5.23,,,
04001,2017,17.57,15.31,5.23,,
04001,2018,23.88,17.57,15.31,5.23,12.703333333333333
04001,2019,27.37,23.88,17.57,15.31,18.919999999999998
04001,2020,32.2,27.37,23.88,17.57,22.939999999999998
04001,2021,30.8,32.2,27.37,23.88,27.816666666666666
04001,2022,31.19,30.8,32.2,27.37,30.123333333333335
04001,2023,31.82,31.19,30.8,32.2,31.396666666666665
04002,2003,154.1,,,,
04002,2004,100.75,154.1,,,
04002,2005,274.25,100.75,154.1,,
04002,2006,93.5,274.25,100.75,154.1,176.36666666666667
04002,2007,103.5,93.5,274.25,100.75,156.16666666666666
04002,2008,276.0,103.5,93.5,274.25,157.08333333333334
04002,2009,276.0,276.0,103.5,93.5,157.66666666666666
04002,2010,238.41,276.0,276.0,103.5,218.5
04002,2011,286.0,238.41,276.0,276.0,263.46999999999997
04002,2012,289.0,286.0,238.41,276.0,266.80333333333334
04002,2013,290.85,289.0,286.0,238.41,271.13666666666666
04002,2014,293.03,290.85,289.0,286.0,288.6166666666667
04002,2015,364.5,293.03,290.85,289.0,290.96
04002,2016,376.9,364.5,293.03,290.85,316.12666666666667
04002,2017,411.27,376.9,364.5,293.03,344.80999999999995
04002,2018,440.0,411.27,376.9,364.5,384.22333333333336
04002,2019,475.03000000000003,440.0,411.27,376.9,409.39000000000004
04002,2020,500.67999999999995,475.03000000000003,440.0,411.27,442.09999999999997
04002,2021,464.84999999999997,500.67999999999995,475.03000000000003,440.0,471.90333333333336
04002,2022,432.5,464.84999999999997,500.67999999999995,475.03000000000003,480.18666666666667
04002,2023,499.98,432.5,464.84999999999997,500.67999999999995,466.01
04002,2025,341.36,,499.98,432.5,
04004,2003,180.0,,,,
04004,2004,0.0,180.0,,,
04004,2005,120.0,0.0,180.0,,
04004,2006,195.0,120.0,0.0,180.0,100.0
04004,2007,180.0,195.0,120.0,0.0,105.0
04004,2008,160.05,180.0,195.0,120.0,165.0
04004,2009,197.0,160.05,180.0,195.0,178.35
04004,2010,82.4,197.0,160.05,180.0,179.01666666666665
04004,2011,81.0,82.4,197.0,160.05,146.48333333333335
04004,2012,77.4,81.0,82.4,197.0,120.13333333333333
04004,2013,91.8,77.4,81.0,82.4,80.26666666666667
04004,2014,92.7,91.8,77.4,81.0,83.39999999999999
04004,2015,95.4,92.7,91.8,77.4,87.3
04004,2016,94.86,95.4,92.7,91.8,93.3
04004,2017,95.94,94.86,95.4,92.7,94.32
04004,2018,97.21,95.94,94.86,95.4,95.39999999999999
04004,2019,96.67,97.21,95.94,94.86,96.00333333333333
04004,2020,96.5,96.67,97.21,95.94,96.60666666666667
04004,2021,97.2,96.5,96.67,97.21,96.79333333333334
04004,2022,75.6,97.2,96.5,96.67,96.79
04004,2023,77.14,75.6,97.2,96.5,89.76666666666665
04004,2025,65.0,,77.14,75.6,
04005,2003,75.0,,,,
04005,2004,138.0,75.0,,,
04005,2005,161.0,138.0,75.0,,
04005,2006,161.0,161.0,138.0,75.0,124.66666666666667
04005,2007,84.0,161.0,161.0,138.0,153.33333333333334
04005,2008,84.0,84.0,161.0,161.0,135.33333333333334
04005,2009,72.0,84.0,84.0,161.0,109.66666666666667
04005,2010,83.0,72.0,84.0,84.0,80.0
04005,2011,84.0,83.0,72.0,84.0,79.66666666666667
04005,2012,81.0,84.0,83.0,72.0,79.66666666666667
04005,2013,72.0,81.0,84.0,83.0,82.66666666666667
04005,2014,74.52,72.0,81.0,84.0,79.0
04005,2015,82.29,74.52,72.0,81.0,75.83999999999999
04005,2016,77.76,82.29,74.52,72.0,76.27
04005,2017,84.98,77.76,82.29,74.52,78.19
04005,2018,93.29,84.98,77.76,82.29,81.67666666666668
04005,2019,104.03,93.29,84.98,77.76,85.34333333333335
04005,2020,96.6,104.03,93.29,84.98,94.10000000000001
04005,2021,85.2,96.6,104.03,93.29,97.97333333333334
04005,2022,88.2,85.2,96.6,104.03,95.27666666666666
04005,2023,90.0,88.2,85.2,96.6,90.0
04005,2025,67.5,,90.0,88.2,
04008,2003,60.0,,,,
04008,2004,70.0,60.0,,,
04008,2005,60.0,70.0,60.0,,
04008,2006,60.0,60.0,70.0,60.0,63.333333333333336
04008,2007,60.0,60.0,60.0,70.0,63.333333333333336
04008,2008,80.0,60.0,60.0,60.0,60.0
04008,2009,80.0,80.0,60.0,60.0,66.66666666666667
04008,2010,70.0,80.0,80.0,60.0,73.33333333333333
04008,2011,58.0,70.0,80.0,80.0,76.66666666666667
04008,2012,90.0,58.0,70.0,80.0,69.33333333333333
04008,2013,80.0,90.0,58.0,70.0,72.66666666666667
04008,2014,73.9,80.0,90.0,58.0,76.0
04008,2015,93.7,73.9,80.0,90.0,81.3
04008,2016,83.4,93.7,73.9,80.0,82.53333333333335
04008,2017,97.32,83.4,93.7,73.9,83.66666666666667
04008,2018,119.81,97.32,83.4,93.7,91.47333333333334
04008,2019,133.61,119.81,97.32,83.4,100.17666666666668
04008,2020,146.9,133.61,119.81,97.32,116.91333333333334
04008,2021,151.45,146.9,133.61,119.81,133.44000000000003
04008,2022,154.57,151.45,146.9,133.61,143.98666666666668
04008,2023,145.99,154.57,151.45,146.9,150.97333333333333
04008,2025,110.86,,145.99,154.57,
04013,2023,36.02,,,,
04013,2025,35.0,,36.02,,
06001,2003,3.0,,,,
06002,2009,5.0,,,,
06002,2011,4.0,,5.0,,
06003,2003,128.0,,,,
06003,2004,135.0,128.0,,,
06003,2005,180.0,135.0,128.0,,
06003,2006,245.0,180.0,135.0,128.0,147.66666666666666
06003,2007,797.5,245.0,180.0,135.0,186.66666666666666
06003,2008,805.0,797.5,245.0,180.0,407.5
06003,2009,150.0,805.0,797.5,245.0,615.8333333333334
06003,2010,85.78,150.0,805.0,797.5,584.1666666666666
06003,2011,88.31,85.78,150.0,805.0,346.9266666666667
06003,2012,420.0,88.31,85.78,150.0,108.03000000000002
06003,2013,1464.0,420.0,88.31,85.78,198.03
06003,2014,2000.0,1464.0,420.0,88.31,657.4366666666666
06003,2015,2255.0,2000.0,1464.0,420.0,1294.6666666666667
06003,2016,2856.56,2255.0,2000.0,1464.0,1906.3333333333333
06003,2017,2945.8,2856.56,2255.0,2000.0,2370.52
06003,2018,3017.03,2945.8,2856.56,2255.0,2685.786666666667
06003,2019,3083.6,3017.03,2945.8,2856.56,2939.7966666666666
06003,2020,3202.93,3083.6,3017.03,2945.8,3015.476666666667
06003,2021,3315.82,3202.93,3083.6,3017.03,3101.1866666666665
06003,2022,3332.64,3315.82,3202.93,3083.6,3200.7833333333333
06003,2023,3367.29,3332.64,3315.82,3202.93,3283.7966666666666
06003,2025,3405.24,,3367.29,3332.64,
06004,2009,28.2,,,,
06004,2011,28.2,,28.2,,
06004,2012,40.0,28.2,,28.2,
06004,2013,40.0,40.0,28.2,,
06004,2014,41.0,40.0,40.0,28.2,36.06666666666667
06004,2015,41.32,41.0,40.0,40.0,40.333333333333336
06004,2016,40.08,41.32,41.0,40.0,40.77333333333333
06004,2017,41.2,40.08,41.32,41.0,40.800000000000004
06004,2018,41.4,41.2,40.08,41.32,40.86666666666667
06004,2019,51.85,41.4,41.2,40.08,40.89333333333334
06004,2022,56.82,,,51.85,
06004,2023,62.16,56.82,,,
06004,2025,65.39,,62.16,56.82,
06005,2003,0.0,,,,
06005,2004,30.0,0.0,,,
06005,2005,21.0,30.0,0.0,,
06005,2006,18.0,21.0,30.0,0.0,17.0
06005,2007,125.0,18.0,21.0,30.0,23.0
06005,2008,125.0,125.0,18.0,21.0,54.666666666666664
06005,2009,229.7,125.0,125.0,18.0,89.33333333333333
06005,2011,234.29,,229.7,125.0,
06005,2012,280.0,234.29,,229.7,
06005,2013,864.0,280.0,234.29,,
06005,2014,1275.75,864.0,280.0,234.29,459.43
06005,2015,1472.5,1275.75,864.0,280.0,806.5833333333334
06005,2016,1788.14,1472.5,1275.75,864.0,1204.0833333333333
06005,2017,1875.18,1788.14,1472.5,1275.75,1512.13
06005,2018,1999.5,1875.18,1788.14,1472.5,1711.9399999999998
06005,2019,2100.15,1999.5,1875.18,1788.14,1887.6066666666666
06005,2020,2170.8,2100.15,1999.5,1875.18,1991.61
06005,2021,2250.56,2170.8,2100.15,1999.5,2090.15
06005,2022,2298.08,2250.56,2170.8,2100.15,2173.8366666666666
06005,2023,2316.48,2298.08,2250.56,2170.8,2239.8133333333335
06005,2025,2294.25,,2316.48,2298.08,
06007,2011,0.0,,,,
06007,2012,42.0,0.0,,,
06007,2013,123.0,42.0,0.0,,
06007,2014,99.0,123.0,42.0,0.0,55.0
06007,2015,308.55,99.0,123.0,42.0,88.0
06007,2016,486.12,308.55,99.0,123.0,176.85
06007,2017,489.6,486.12,308.55,99.0,297.89000000000004
06007,2018,499.6,489.6,486.12,308.55,428.09
06007,2019,489.72,499.6,489.6,486.12,491.77333333333337
06007,2020,501.12,489.72,499.6,489.6,492.97333333333336
06007,2021,520.24,501.12,489.72,499.6,496.81333333333333
06007,2022,603.48,520.24,501.12,489.72,503.6933333333333
06007,2023,770.24,603.48,520.24,501.12,541.6133333333333
06007,2025,781.2,,770.24,603.48,
06008,2003,2.0,,,,
06008,2004,24.0,2.0,,,
06008,2005,12.0,24.0,2.0,,
06008,2006,15.0,12.0,24.0,2.0,12.666666666666666
06008,2007,38.5,15.0,12.0,24.0,17.0
06008,2008,38.0,38.5,15.0,12.0,21.833333333333332
06008,2009,8.5,38.0,38.5,15.0,30.5
06008,2011,8.67,,8.5,38.0,
06008,2012,150.0,8.67,,8.5,
06008,2013,175.0,150.0,8.67,,
06008,2014,380.0,175.0,150.0,8.67,111.22333333333334
06008,2015,1200.0,380.0,175.0,150.0,235.0
06008,2016,1530.75,1200.0,380.0,175.0,585.0
06008,2017,1872.0,1530.75,1200.0,380.0,1036.9166666666667
06008,2018,1890.0,1872.0,1530.75,1200.0,1534.25
06008,2019,1937.52,1890.0,1872.0,1530.75,1764.25
06008,2020,792.0,1937.52,1890.0,1872.0,1899.8400000000001
06008,2021,804.08,792.0,1937.52,1890.0,1539.8400000000001
06008,2022,742.0,804.08,792.0,1937.52,1177.8666666666666
06008,2023,763.92,742.0,804.08,792.0,779.36
06008,2025,770.68,,763.92,742.0,
06009,2011,0.0,,,,
06009,2012,20.0,0.0,,,
06009,2013,16.0,20.0,0.0,,
06009,2014,40.0,16.0,20.0,0.0,12.0
06010,2009,262.5,,,,
06010,2011,250.0,,262.5,,
06010,2012,200.0,250.0,,262.5,
06010,2013,264.0,200.0,250.0,,
06010,2014,96.0,264.0,200.0,250.0,238.0
06010,2015,108.0,96.0,264.0,200.0,186.66666666666666
06010,2016,48.32,108.0,96.0,264.0,156.0
06010,2017,93.24,48.32,108.0,96.0,84.10666666666667
06010,2018,86.4,93.24,48.32,108.0,83.18666666666667
06010,2019,106.7,86.4,93.24,48.32,75.98666666666666
06010,2020,635.62,106.7,86.4,93.24,95.44666666666667
06010,2021,651.88,635.62,106.7,86.4,276.24
06010,2022,679.25,651.88,635.62,106.7,464.73333333333335
06010,2023,700.82,679.25,651.88,635.62,655.5833333333334
06010,2025,726.26,,700.82,679.25,
07001,2003,330.19,,,,
07001,2004,321.71,330.19,,,
07001,2005,332.84,321.71,330.19,,
07001,2006,360.4,332.84,321.71,330.19,328.24666666666667
07001,2007,360.4,360.4,332.84,321.71,338.3166666666666
07001,2008,212.0,360.4,360.4,332.84,351.2133333333333
07001,2009,291.5,212.0,360.4,360.4,310.93333333333334
07001,2010,331.7,291.5,212.0,360.4,287.96666666666664
07001,2011,346.68,331.7,291.5,212.0,278.40000000000003
07001,2012,347.75,346.68,331.7,291.5,323.29333333333335
07001,2013,343.75,347.75,346.68,331.7,342.04333333333335
07001,2014,318.0,343.75,347.75,346.68,346.05999999999995
07001,2015,333.9,318.0,343.75,347.75,336.5
07001,2016,331.5,333.9,318.0,343.75,331.8833333333333
07001,2017,349.8,331.5,333.9,318.0,327.8
07001,2018,284.5,349.8,331.5,333.9,338.40000000000003
07001,2019,200.02,284.5,349.8,331.5,321.93333333333334
07001,2020,198.43,200.02,284.5,349.8,278.1066666666667
07001,2021,194.62,198.43,200.02,284.5,227.65
07001,2022,196.52,194.62,198.43,200.02,197.69000000000003
07001,2023,177.44,196.52,194.62,198.43,196.52333333333334
07001,2025,171.72,,177.44,196.52,
07002,2003,217.8,,,,
07002,2004,217.8,217.8,,,
07002,2005,171.0,217.8,217.8,,
07002,2006,185.0,171.0,217.8,217.8,202.20000000000002
07002,2007,141.0,185.0,171.0,217.8,191.26666666666665
07002,2008,162.5,141.0,185.0,171.0,165.66666666666666
07002,2009,140.0,162.5,141.0,185.0,162.83333333333334
07002,2010,128.0,140.0,162.5,141.0,147.83333333333334
07002,2011,108.4,128.0,140.0,162.5,143.5
07002,2012,112.0,108.4,128.0,140.0,125.46666666666665
07002,2013,118.0,112.0,108.4,128.0,116.13333333333333
07002,2014,142.0,118.0,112.0,108.4,112.8
07002,2015,125.6,142.0,118.0,112.0,124.0
07002,2016,81.0,125.6,142.0,118.0,128.53333333333333
07002,2017,137.6,81.0,125.6,142.0,116.2
07002,2018,70.4,137.6,81.0,125.6,114.73333333333333
07002,2019,54.97,70.4,137.6,81.0,96.33333333333333
07002,2020,70.56,54.97,70.4,137.6,87.65666666666668
07002,2021,48.6,70.56,54.97,70.4,65.31
07002,2022,51.8,48.6,70.56,54.97,58.04333333333333
07002,2023,51.7,51.8,48.6,70.56,56.98666666666667
07002,2025,56.87,,51.7,51.8,
07004,2003,28.8,,,,
07004,2004,31.5,28.8,,,
07004,2005,27.0,31.5,28.8,,
07004,2006,27.0,27.0,31.5,28.8,29.099999999999998
07004,2007,30.0,27.0,27.0,31.5,28.5
07004,2008,32.0,30.0,27.0,27.0,28.0
07004,2009,29.7,32.0,30.0,27.0,29.666666666666668
07004,2010,36.0,29.7,32.0,30.0,30.566666666666666
07004,2011,26.6,36.0,29.7,32.0,32.56666666666667
07004,2012,26.39,26.6,36.0,29.7,30.76666666666667
07004,2013,26.95,26.39,26.6,36.0,29.663333333333338
07004,2014,26.25,26.95,26.39,26.6,26.646666666666665
07004,2015,27.09,26.25,26.95,26.39,26.53
07004,2016,23.1,27.09,26.25,26.95,26.763333333333332
07004,2017,27.02,23.1,27.09,26.25,25.48
07004,2018,27.13,27.02,23.1,27.09,25.736666666666665
07004,2019,24.96,27.13,27.02,23.1,25.75
07004,2020,24.85,24.96,27.13,27.02,26.37
07004,2021,30.16,24.85,24.96,27.13,25.646666666666665
07004,2022,32.5,30.16,24.85,24.96,26.656666666666666
07004,2023,33.11,32.5,30.16,24.85,29.169999999999998
07004,2025,37.2,,33.11,32.5,
07006,2011,1.08,,,,
07006,2012,16.2,1.08,,,
07006,2013,41.8,16.2,1.08,,
07006,2014,188.02,41.8,16.2,1.08,19.69333333333333
07006,2015,209.98,188.02,41.8,16.2,82.00666666666667
07006,2016,320.32,209.98,188.02,41.8,146.6
07006,2017,338.72,320.32,209.98,188.02,239.44000000000003
07006,2018,375.48,338.72,320.32,209.98,289.67333333333335
07006,2019,378.84,375.48,338.72,320.32,344.84
07006,2020,381.3,378.84,375.48,338.72,364.34666666666664
07006,2021,393.6,381.3,378.84,375.48,378.53999999999996
07006,2022,391.14,393.6,381.3,378.84,384.58
07006,2023,380.07,391.14,393.6,381.3,388.68
07006,2025,817.95,,380.07,391.14,
07007,2003,12.0,,,,
07007,2004,14.0,12.0,,,
07007,2005,12.0,14.0,12.0,,
07007,2006,12.0,12.0,14.0,12.0,12.666666666666666
07007,2007,12.0,12.0,12.0,14.0,12.666666666666666
07007,2008,12.8,12.0,12.0,12.0,12.0
07007,2009,9.9,12.8,12.0,12.0,12.266666666666666
07007,2010,12.6,9.9,12.8,12.0,11.566666666666668
07007,2011,11.4,12.6,9.9,12.8,11.766666666666666
07007,2012,11.55,11.4,12.6,9.9,11.299999999999999
07007,2013,11.7,11.55,11.4,12.6,11.850000000000001
07007,2014,11.79,11.7,11.55,11.4,11.549999999999999
07007,2015,11.67,11.79,11.7,11.55,11.68
07007,2016,7.74,11.67,11.79,11.7,11.719999999999999
07007,2017,11.82,7.74,11.67,11.79,10.4
07007,2018,350.59,11.82,7.74,11.67,10.410000000000002
07007,2019,352.23,350.59,11.82,7.74,123.38333333333333
07007,2020,286.84,352.23,350.59,11.82,238.21333333333334
07007,2021,316.69,286.84,352.23,350.59,329.8866666666667
07007,2022,378.22,316.69,286.84,352.23,318.58666666666664
07007,2023,427.84,378.22,316.69,286.84,327.25
07007,2025,498.57,,427.84,378.22,
07010,2011,0.0,,,,
07010,2012,0.0,0.0,,,
07010,2013,16.49,0.0,0.0,,
07010,2014,71.4,16.49,0.0,0.0,5.496666666666666
07010,2015,152.88,71.4,16.49,0.0,29.296666666666667
07010,2016,448.14,152.88,71.4,16.49,80.25666666666666
07010,2017,462.0,448.14,152.88,71.4,224.14
07010,2018,473.55,462.0,448.14,152.88,354.34
07010,2019,467.78,473.55,462.0,448.14,461.23
07010,2020,477.25,467.78,473.55,462.0,467.77666666666664
07010,2021,483.0,477.25,467.78,473.55,472.85999999999996
07010,2022,480.7,483.0,477.25,467.78,476.01
07010,2023,472.65,480.7,483.0,477.25,480.31666666666666
07010,2025,485.0,,472.65,480.7,
07011,2011,0.0,,,,
07011,2012,21.78,0.0,,,
07011,2013,46.84,21.78,0.0,,
07011,2014,61.1,46.84,21.78,0.0,22.873333333333335
07011,2015,66.56,61.1,46.84,21.78,43.24
07011,2016,283.02,66.56,61.1,46.84,58.166666666666664
07011,2017,425.41,283.02,66.56,61.1,136.89333333333332
07011,2018,549.92,425.41,283.02,66.56,258.33
07011,2019,633.36,549.92,425.41,283.02,419.45
07011,2020,806.6,633.36,549.92,425.41,536.23
07011,2021,828.4,806.6,633.36,549.92,663.2933333333333
07011,2022,826.22,828.4,806.6,633.36,756.12
07011,2023,815.32,826.22,828.4,806.6,820.4066666666666
07011,2025,1449.7,,815.32,826.22,
07019,2013,0.0,,,,
07019,2014,0.0,0.0,,,
07019,2015,134.3,0.0,0.0,,
07019,2016,555.0,134.3,0.0,0.0,44.76666666666667
07019,2017,790.0,555.0,134.3,0.0,229.76666666666665
07019,2018,991.0,790.0,555.0,134.3,493.09999999999997
07019,2019,860.18,991.0,790.0,555.0,778.6666666666666
07019,2020,988.88,860.18,991.0,790.0,880.3933333333333
07019,2021,712.8,988.88,860.18,991.0,946.6866666666666
07019,2022,737.3,712.8,988.88,860.18,853.9533333333333
07019,2023,779.03,737.3,712.8,988.88,812.9933333333333
07019,2025,854.38,,779.03,737.3,
07023,2012,0.0,,,,
07023,2013,0.0,0.0,,,
07023,2014,0.0,0.0,0.0,,
07023,2015,0.0,0.0,0.0,0.0,0.0
07023,2016,0.0,0.0,0.0,0.0,0.0
07023,2017,0.0,0.0,0.0,0.0,0.0
07023,2018,280.64,0.0,0.0,0.0,0.0
07023,2019,306.45,280.64,0.0,0.0,93.54666666666667
07023,2020,272.0,306.45,280.64,0.0,195.69666666666663
07023,2021,292.6,272.0,306.45,280.64,286.3633333333333
07023,2022,374.64,292.6,272.0,306.45,290.34999999999997
07023,2023,468.3,374.64,292.6,272.0,313.08
07023,2025,516.69,,468.3,374.64,
07026,2003,21.0,,,,
07026,2004,24.5,21.0,,,
07026,2005,21.0,24.5,21.0,,
07026,2006,24.5,21.0,24.5,21.0,22.166666666666668
07026,2007,21.0,24.5,21.0,24.5,23.333333333333332
07026,2008,22.4,21.0,24.5,21.0,22.166666666666668
07026,2009,20.4,22.4,21.0,24.5,22.633333333333336
07026,2010,52.0,20.4,22.4,21.0,21.266666666666666
07026,2011,134.8,52.0,20.4,22.4,31.599999999999998
07026,2012,150.2,134.8,52.0,20.4,69.06666666666668
07026,2013,186.06,150.2,134.8,52.0,112.33333333333333
07026,2014,184.18,186.06,150.2,134.8,157.02
07026,2015,249.58,184.18,186.06,150.2,173.48000000000002
07026,2016,265.33,249.58,184.18,186.06,206.60666666666668
07026,2017,294.84,265.33,249.58,184.18,233.02999999999997
07026,2018,279.13,294.84,265.33,249.58,269.91666666666663
07026,2019,263.62,279.13,294.84,265.33,279.76666666666665
07026,2020,234.5,263.62,279.13,294.84,279.19666666666666
07026,2021,241.21,234.5,263.62,279.13,259.0833333333333
07026,2022,257.88,241.21,234.5,263.62,246.4433333333333
07026,2023,269.1,257.88,241.21,234.5,244.52999999999997
07026,2025,275.13,,269.1,257.88,
07028,2003,123.0,,,,
07028,2004,105.0,123.0,,,
07028,2005,97.5,105.0,123.0,,
07028,2006,108.0,97.5,105.0,123.0,108.5
07028,2007,84.0,108.0,97.5,105.0,103.5
07028,2008,123.0,84.0,108.0,97.5,96.5
07028,2009,120.0,123.0,84.0,108.0,105.0
07028,2010,99.0,120.0,123.0,84.0,109.0
07028,2011,64.5,99.0,120.0,123.0,114.0
07028,2012,78.0,64.5,99.0,120.0,94.5
07028,2013,90.15,78.0,64.5,99.0,80.5
07028,2014,132.0,90.15,78.0,64.5,77.55
07028,2015,123.9,132.0,90.15,78.0,100.05
07028,2016,102.05,123.9,132.0,90.15,115.35000000000001
07028,2017,132.3,102.05,123.9,132.0,119.31666666666666
07028,2018,85.73,132.3,102.05,123.9,119.41666666666667
07028,2019,68.0,85.73,132.3,102.05,106.69333333333333
07028,2020,90.08,68.0,85.73,132.3,95.34333333333332
07028,2021,89.97,90.08,68.0,85.73,81.27
07028,2022,89.86,89.97,90.08,68.0,82.68333333333332
07028,2023,89.76,89.86,89.97,90.08,89.96999999999998
07028,2025,53.19,,89.76,89.86,
07030,2013,0.0,,,,
07030,2014,0.0,0.0,,,
07034,2003,50.0,,,,
07034,2004,50.0,50.0,,,
07034,2005,57.5,50.0,50.0,,
07034,2006,57.5,57.5,50.0,50.0,52.5
07034,2007,57.5,57.5,57.5,50.0,55.0
07034,2008,55.0,57.5,57.5,57.5,57.5
07034,2009,50.0,55.0,57.5,57.5,56.666666666666664
07034,2010,65.0,50.0,55.0,57.5,54.166666666666664
07034,2011,6.0,65.0,50.0,55.0,56.666666666666664
07034,2012,6.0,6.0,65.0,50.0,40.333333333333336
07034,2013,5.8,6.0,6.0,65.0,25.666666666666668
07034,2014,6.2,5.8,6.0,6.0,5.933333333333334
07034,2015,6.0,6.2,5.8,6.0,6.0
07036,2011,17.5,,,,
07036,2012,19.8,17.5,,,
07036,2013,26.18,19.8,17.5,,
07036,2014,39.56,26.18,19.8,17.5,21.16
07036,2015,72.24,39.56,26.18,19.8,28.513333333333335
07036,2016,96.1,72.24,39.56,26.18,45.99333333333334
07036,2017,77.4,96.1,72.24,39.56,69.3
07036,2018,80.63,77.4,96.1,72.24,81.91333333333334
07036,2019,79.55,80.63,77.4,96.1,84.71
07036,2020,79.8,79.55,80.63,77.4,79.19333333333334
07036,2021,81.69,79.8,79.55,80.63,79.99333333333334
07036,2022,81.48,81.69,79.8,79.55,80.34666666666668
07036,2023,75.18,81.48,81.69,79.8,80.99
07036,2025,80.06,,75.18,81.48,
07037,2003,183.6,,,,
07037,2004,185.49,183.6,,,
07037,2005,164.7,185.49,183.6,,
07037,2006,189.27,164.7,185.49,183.6,177.92999999999998
07037,2007,191.7,189.27,164.7,185.49,179.82000000000002
07037,2008,180.9,191.7,189.27,164.7,181.89
07037,2009,175.5,180.9,191.7,189.27,187.29
07037,2010,175.5,175.5,180.9,191.7,182.70000000000002
07037,2011,175.5,175.5,175.5,180.9,177.29999999999998
07037,2012,170.0,175.5,175.5,175.5,175.5
07037,2013,100.0,170.0,175.5,175.5,173.66666666666666
07037,2014,105.2,100.0,170.0,175.5,148.5
07037,2015,110.0,105.2,100.0,170.0,125.06666666666668
07037,2016,100.8,110.0,105.2,100.0,105.06666666666666
07037,2017,104.0,100.8,110.0,105.2,105.33333333333333
07037,2018,91.8,104.0,100.8,110.0,104.93333333333334
07037,2019,72.24,91.8,104.0,100.8,98.86666666666667
07037,2020,68.46,72.24,91.8,104.0,89.34666666666665
07037,2021,66.5,68.46,72.24,91.8,77.5
07037,2022,67.2,66.5,68.46,72.24,69.06666666666666
07037,2023,64.4,67.2,66.5,68.46,67.38666666666667
07037,2025,56.7,,64.4,67.2,
07038,2012,0.0,,,,
07038,2013,0.0,0.0,,,
07038,2014,0.0,0.0,0.0,,
07038,2015,0.0,0.0,0.0,0.0,0.0
07038,2016,0.0,0.0,0.0,0.0,0.0
07038,2017,0.0,0.0,0.0,0.0,0.0
07038,2018,283.59,0.0,0.0,0.0,0.0
07038,2019,286.44,283.59,0.0,0.0,94.52999999999999
07038,2020,244.0,286.44,283.59,0.0,190.01
07038,2021,178.0,244.0,286.44,283.59,271.3433333333333
07038,2022,224.2,178.0,244.0,286.44,236.14666666666668
07038,2023,230.0,224.2,178.0,244.0,215.4
07038,2025,306.15,,230.0,224.2,
07040,2003,272.0,,,,
07040,2004,272.4,272.0,,,
07040,2005,252.0,272.4,272.0,,
07040,2006,280.4,252.0,272.4,272.0,265.46666666666664
07040,2007,280.4,280.4,252.0,272.4,268.26666666666665
07040,2008,260.0,280.4,280.4,252.0,270.93333333333334
07040,2009,260.0,260.0,280.4,280.4,273.59999999999997
07040,2010,280.0,260.0,260.0,280.4,266.8
07040,2011,280.0,280.0,260.0,260.0,266.6666666666667
07040,2012,271.0,280.0,280.0,260.0,273.3333333333333
07040,2013,125.5,271.0,280.0,280.0,277.0
07040,2014,80.9,125.5,271.0,280.0,225.5
07040,2015,87.0,80.9,125.5,271.0,159.13333333333333
07040,2016,72.0,87.0,80.9,125.5,97.8
07040,2017,79.5,72.0,87.0,80.9,79.96666666666667
07040,2018,66.0,79.5,72.0,87.0,79.5
07040,2019,46.89,66.0,79.5,72.0,72.5
07040,2020,45.9,46.89,66.0,79.5,64.13
07040,2021,43.74,45.9,46.89,66.0,52.93
07040,2022,44.28,43.74,45.9,46.89,45.51
07040,2023,42.57,44.28,43.74,45.9,44.64000000000001
07040,2025,36.45,,42.57,44.28,
07041,2013,0.0,,,,
07041,2014,0.0,0.0,,,
07041,2015,276.0,0.0,0.0,,
07041,2016,488.8,276.0,0.0,0.0,92.0
07041,2017,650.0,488.8,276.0,0.0,254.9333333333333
07041,2018,875.0,650.0,488.8,276.0,471.59999999999997
07041,2019,709.8,875.0,650.0,488.8,671.2666666666667
07041,2020,646.05,709.8,875.0,650.0,744.9333333333334
07041,2021,645.34,646.05,709.8,875.0,743.6166666666667
07041,2022,696.96,645.34,646.05,709.8,667.0633333333334
07041,2023,801.36,696.96,645.34,646.05,662.7833333333333
07041,2025,855.25,,801.36,696.96,
07049,2003,6.0,,,,
07049,2004,6.0,6.0,,,
07049,2005,6.0,6.0,6.0,,
07049,2006,6.0,6.0,6.0,6.0,6.0
07049,2007,6.0,6.0,6.0,6.0,6.0
07049,2008,7.0,6.0,6.0,6.0,6.0
07049,2009,6.6,7.0,6.0,6.0,6.333333333333333
07049,2010,7.8,6.6,7.0,6.0,6.533333333333334
07049,2011,7.6,7.8,6.6,7.0,7.133333333333333
07049,2012,7.5,7.6,7.8,6.6,7.333333333333333
07049,2013,7.62,7.5,7.6,7.8,7.633333333333333
07049,2014,7.64,7.62,7.5,7.6,7.573333333333333
07049,2015,7.56,7.64,7.62,7.5,7.586666666666667
07049,2016,3.76,7.56,7.64,7.62,7.6066666666666665
07049,2017,8.25,3.76,7.56,7.64,6.32
07049,2018,339.78,8.25,3.76,7.56,6.523333333333333
07049,2019,378.3,339.78,8.25,3.76,117.26333333333332
07049,2020,345.62,378.3,339.78,8.25,242.10999999999999
07049,2021,373.24,345.62,378.3,339.78,354.56666666666666
07049,2022,520.43,373.24,345.62,378.3,365.72
07049,2023,622.99,520.43,373.24,345.62,413.09666666666664
07049,2025,771.38,,622.99,520.43,
07052,2013,0.0,,,,
07052,2014,0.0,0.0,,,
07052,2016,10.1,,0.0,0.0,
07052,2017,12.15,10.1,,0.0,
07052,2018,12.2,12.15,10.1,,
07052,2019,12.41,12.2,12.15,10.1,11.483333333333334
07052,2020,12.55,12.41,12.2,12.15,12.253333333333332
07052,2021,25.38,12.55,12.41,12.2,12.386666666666665
07052,2022,24.9,25.38,12.55,12.41,16.78
07052,2023,63.55,24.9,25.38,12.55,20.94333333333333
07052,2025,36.41,,63.55,24.9,
07053,2011,0.0,,,,
07053,2012,0.0,0.0,,,
07053,2013,0.0,0.0,0.0,,
07053,2014,0.0,0.0,0.0,0.0,0.0
07053,2015,0.0,0.0,0.0,0.0,0.0
07053,2016,23.38,0.0,0.0,0.0,0.0
07053,2017,34.2,23.38,0.0,0.0,7.793333333333333
07053,2018,49.4,34.2,23.38,0.0,19.19333333333333
07053,2019,48.1,49.4,34.2,23.38,35.66
07053,2020,93.6,48.1,49.4,34.2,43.9
07053,2021,96.2,93.6,48.1,49.4,63.699999999999996
07053,2022,96.72,96.2,93.6,48.1,79.3
07053,2023,95.16,96.72,96.2,93.6,95.50666666666666
07053,2025,172.9,,95.16,96.72,
07057,2003,0.0,,,,
07057,2004,0.0,0.0,,,
07057,2005,0.0,0.0,0.0,,
07057,2006,0.0,0.0,0.0,0.0,0.0
07057,2007,0.0,0.0,0.0,0.0,0.0
07057,2008,16.13,0.0,0.0,0.0,0.0
07057,2009,113.52,16.13,0.0,0.0,5.376666666666666
07057,2010,238.65,113.52,16.13,0.0,43.21666666666667
07057,2011,187.05,238.65,113.52,16.13,122.76666666666665
07057,2012,340.0,187.05,238.65,113.52,179.74
07057,2013,338.0,340.0,187.05,238.65,255.23333333333335
07057,2014,421.0,338.0,340.0,187.05,288.34999999999997
07057,2015,405.45,421.0,338.0,340.0,366.3333333333333
07057,2016,533.25,405.45,421.0,338.0,388.15000000000003
07057,2017,551.25,533.25,405.45,421.0,453.23333333333335
07057,2018,556.88,551.25,533.25,405.45,496.65000000000003
07057,2019,562.5,556.88,551.25,533.25,547.1266666666667
07057,2020,571.2,562.5,556.88,551.25,556.8766666666667
07057,2021,581.28,571.2,562.5,556.88,563.5266666666666
07057,2022,580.16,581.28,571.2,562.5,571.66
07057,2023,562.24,580.16,581.28,571.2,577.5466666666666
07057,2025,592.4,,562.24,580.16,
07064,2005,0.0,,,,
07064,2006,0.0,0.0,,,
07064,2007,14.0,0.0,0.0,,
07064,2008,12.8,14.0,0.0,0.0,4.666666666666667
07064,2009,9.9,12.8,14.0,0.0,8.933333333333334
07064,2010,46.25,9.9,12.8,14.0,12.233333333333334
07064,2011,96.4,46.25,9.9,12.8,22.983333333333334
07064,2012,101.8,96.4,46.25,9.9,50.85
07064,2013,147.33,101.8,96.4,46.25,81.48333333333333
07064,2014,148.05,147.33,101.8,96.4,115.17666666666668
07064,2015,193.36,148.05,147.33,101.8,132.39333333333335
07064,2016,253.71,193.36,148.05,147.33,162.91333333333333
07064,2017,286.5,253.71,193.36,148.05,198.37333333333336
07064,2018,314.24,286.5,253.71,193.36,244.52333333333334
07064,2019,292.82,314.24,286.5,253.71,284.81666666666666
07064,2020,269.35,292.82,314.24,286.5,297.8533333333333
07064,2021,274.36,269.35,292.82,314.24,292.1366666666667
07064,2022,297.4,274.36,269.35,292.82,278.8433333333333
07064,2023,300.79,297.4,274.36,269.35,280.37000000000006
07064,2025,323.78,,300.79,297.4,
07066,2003,9.0,,,,
07066,2004,10.5,9.0,,,
07066,2005,9.0,10.5,9.0,,
07066,2006,9.0,9.0,10.5,9.0,9.5
07066,2007,9.0,9.0,9.0,10.5,9.5
07066,2008,9.6,9.0,9.0,9.0,9.0
07066,2009,9.9,9.6,9.0,9.0,9.200000000000001
07066,2010,12.0,9.9,9.6,9.0,9.5
07066,2011,27.1,12.0,9.9,9.6,10.5
07066,2012,29.75,27.1,12.0,9.9,16.333333333333332
07066,2013,49.23,29.75,27.1,12.0,22.95
07066,2014,47.98,49.23,29.75,27.1,35.36
07066,2015,47.97,47.98,49.23,29.75,42.31999999999999
07066,2016,44.54,47.97,47.98,49.23,48.393333333333324
07066,2017,48.97,44.54,47.97,47.98,46.830000000000005
07066,2018,47.51,48.97,44.54,47.97,47.160000000000004
07066,2019,43.65,47.51,48.97,44.54,47.00666666666667
07066,2020,48.15,43.65,47.51,48.97,46.71
07066,2021,50.67,48.15,43.65,47.51,46.43666666666667
07066,2022,57.64,50.67,48.15,43.65,47.49
07066,2023,61.87,57.64,50.67,48.15,52.153333333333336
07066,2025,70.2,,61.87,57.64,
07071,2003,68.0,,,,
07071,2004,68.8,68.0,,,
07071,2005,63.0,68.8,68.0,,
07071,2006,70.0,63.0,68.8,68.0,66.60000000000001
07071,2007,70.1,70.0,63.0,68.8,67.26666666666667
07071,2008,68.0,70.1,70.0,63.0,67.69999999999999
07071,2009,60.0,68.0,70.1,70.0,69.36666666666666
07071,2010,70.0,60.0,68.0,70.1,66.03333333333332
07071,2011,70.0,70.0,60.0,68.0,66.0
07071,2012,65.0,70.0,70.0,60.0,66.66666666666667
07071,2013,60.0,65.0,70.0,70.0,68.33333333333333
07071,2014,53.5,60.0,65.0,70.0,65.0
07071,2015,57.0,53.5,60.0,65.0,59.5
07071,2016,54.0,57.0,53.5,60.0,56.833333333333336
07071,2017,49.0,54.0,57.0,53.5,54.833333333333336
07071,2018,48.8,49.0,54.0,57.0,53.333333333333336
07071,2019,31.08,48.8,49.0,54.0,50.6
07071,2020,30.0,31.08,48.8,49.0,42.96
07071,2021,28.92,30.0,31.08,48.8,36.626666666666665
07071,2022,28.2,28.92,30.0,31.08,30.0
07071,2023,25.8,28.2,28.92,30.0,29.040000000000003
07071,2025,24.3,,25.8,28.2,
07075,2003,27.0,,,,
07075,2004,31.5,27.0,,,
07075,2005,27.0,31.5,27.0,,
07075,2006,31.5,27.0,31.5,27.0,28.5
07075,2007,35.0,31.5,27.0,31.5,30.0
07075,2008,35.0,35.0,31.5,27.0,31.166666666666668
07075,2009,31.5,35.0,35.0,31.5,33.833333333333336
07075,2010,38.7,31.5,35.0,35.0,33.833333333333336
07075,2011,34.2,38.7,31.5,35.0,35.06666666666667
07075,2012,34.65,34.2,38.7,31.5,34.800000000000004
07075,2013,34.74,34.65,34.2,38.7,35.85
07075,2014,35.28,34.74,34.65,34.2,34.53
07075,2015,34.29,35.28,34.74,34.65,34.89
07075,2016,30.16,34.29,35.28,34.74,34.77
07075,2017,34.11,30.16,34.29,35.28,33.24333333333333
07075,2018,205.49,34.11,30.16,34.29,32.85333333333333
07075,2019,236.82,205.49,34.11,30.16,89.92
07075,2020,238.61,236.82,205.49,34.11,158.80666666666667
07075,2021,246.56,238.61,236.82,205.49,226.97333333333336
07075,2022,264.45,246.56,238.61,236.82,240.66333333333333
07075,2023,296.6,264.45,246.56,238.61,249.87333333333333
07075,2025,322.18,,296.6,264.45,
07078,2003,12.0,,,,
07078,2004,14.0,12.0,,,
07078,2005,12.0,14.0,12.0,,
07078,2006,12.0,12.0,14.0,12.0,12.666666666666666
07078,2007,12.0,12.0,12.0,14.0,12.666666666666666
07078,2008,14.0,12.0,12.0,12.0,12.0
07078,2009,11.1,14.0,12.0,12.0,12.666666666666666
07078,2010,13.5,11.1,14.0,12.0,12.366666666666667
07078,2011,7.6,13.5,11.1,14.0,12.866666666666667
07078,2012,7.8,7.6,13.5,11.1,10.733333333333334
07078,2013,7.84,7.8,7.6,13.5,9.633333333333333
07078,2014,45.36,7.84,7.8,7.6,7.746666666666666
07078,2015,96.26,45.36,7.84,7.8,20.333333333333332
07078,2016,91.87,96.26,45.36,7.84,49.82
07078,2017,97.2,91.87,96.26,45.36,77.83
07078,2018,312.86,97.2,91.87,96.26,95.11
07078,2019,333.18,312.86,97.2,91.87,167.31
07078,2020,320.82,333.18,312.86,97.2,247.74666666666667
07078,2021,366.41,320.82,333.18,312.86,322.28666666666663
07078,2022,422.36,366.41,320.82,333.18,340.1366666666667
07078,2023,519.65,422.36,366.41,320.82,369.8633333333334
07078,2025,573.02,,519.65,422.36,
07080,2011,0.0,,,,
07080,2012,0.0,0.0,,,
07080,2013,0.0,0.0,0.0,,
07080,2014,0.0,0.0,0.0,0.0,0.0
07080,2015,0.0,0.0,0.0,0.0,0.0
07080,2016,11.31,0.0,0.0,0.0,0.0
07080,2017,16.25,11.31,0.0,0.0,3.77
07080,2018,24.5,16.25,11.31,0.0,9.186666666666667
07080,2019,49.0,24.5,16.25,11.31,17.353333333333335
07080,2020,64.6,49.0,24.5,16.25,29.916666666666668
07080,2021,66.3,64.6,49.0,24.5,46.03333333333333
07080,2022,66.13,66.3,64.6,49.0,59.96666666666666
07080,2023,57.29,66.13,66.3,64.6,65.67666666666666
07080,2025,112.71,,57.29,66.13,
07087,2003,0.0,,,,
07087,2004,0.0,0.0,,,
07087,2005,0.0,0.0,0.0,,
07093,2003,24.0,,,,
07093,2004,28.0,24.0,,,
07093,2005,24.0,28.0,24.0,,
07093,2006,24.0,24.0,28.0,24.0,25.333333333333332
07093,2007,24.0,24.0,24.0,28.0,25.333333333333332
07093,2008,25.6,24.0,24.0,24.0,24.0
07093,2009,23.8,25.6,24.0,24.0,24.53333333333333
07093,2010,30.45,23.8,25.6,24.0,24.46666666666667
07093,2011,19.0,30.45,23.8,25.6,26.616666666666664
07093,2012,18.75,19.0,30.45,23.8,24.416666666666668
07093,2013,19.25,18.75,19.0,30.45,22.733333333333334
07093,2014,19.28,19.25,18.75,19.0,19.0
07093,2015,18.9,19.28,19.25,18.75,19.093333333333334
07093,2016,15.0,18.9,19.28,19.25,19.143333333333334
07093,2017,18.85,15.0,18.9,19.28,17.726666666666667
07093,2018,292.3,18.85,15.0,18.9,17.583333333333332
07093,2019,294.22,292.3,18.85,15.0,108.71666666666668
07093,2020,288.46,294.22,292.3,18.85,201.79000000000005
07093,2021,311.83,288.46,294.22,292.3,291.66
07093,2022,344.13,311.83,288.46,294.22,298.17
07093,2023,387.96,344.13,311.83,288.46,314.8066666666667
07093,2025,419.82,,387.96,344.13,
07094,2003,42.0,,,,
07094,2004,56.0,42.0,,,
07094,2005,42.0,56.0,42.0,,
07094,2006,56.0,42.0,56.0,42.0,46.666666666666664
07094,2007,56.0,56.0,42.0,56.0,51.333333333333336
07094,2008,79.0,56.0,56.0,42.0,51.333333333333336
07094,2009,168.1,79.0,56.0,56.0,63.666666666666664
07094,2010,461.1,168.1,79.0,56.0,101.03333333333335
07094,2011,506.0,461.1,168.1,79.0,236.0666666666667
07094,2012,788.5,506.0,461.1,168.1,378.40000000000003
07094,2013,792.75,788.5,506.0,461.1,585.1999999999999
07094,2014,775.4,792.75,788.5,506.0,695.75
07094,2015,1111.73,775.4,792.75,788.5,785.5500000000001
07094,2016,1169.7,1111.73,775.4,792.75,893.2933333333334
07094,2017,1201.5,1169.7,1111.73,775.4,1018.9433333333333
07094,2018,1164.15,1201.5,1169.7,1111.73,1160.9766666666667
07094,2019,1243.66,1164.15,1201.5,1169.7,1178.45
07094,2020,1083.08,1243.66,1164.15,1201.5,1203.1033333333335
07094,2021,1083.76,1083.08,1243.66,1164.15,1163.63
07094,2022,1145.58,1083.76,1083.08,1243.66,1136.8333333333333
07094,2023,1222.5,1145.58,1083.76,1083.08,1104.14
07094,2025,1270.46,,1222.5,1145.58,
07098,2003,58.8,,,,
07098,2004,67.2,58.8,,,
07098,2005,54.0,67.2,58.8,,
07098,2006,42.0,54.0,67.2,58.8,60.0
07098,2007,45.0,42.0,54.0,67.2,54.4
07098,2008,40.0,45.0,42.0,54.0,47.0
07098,2009,45.0,40.0,45.0,42.0,42.333333333333336
07098,2010,39.6,45.0,40.0,45.0,43.333333333333336
07098,2011,31.5,39.6,45.0,40.0,41.53333333333333
07098,2012,32.55,31.5,39.6,45.0,38.699999999999996
07098,2013,44.94,32.55,31.5,39.6,34.550000000000004
07098,2014,31.15,44.94,32.55,31.5,36.330000000000005
07098,2015,31.36,31.15,44.94,32.55,36.21333333333333
07098,2016,23.75,31.36,31.15,44.94,35.81666666666667
07098,2017,37.52,23.75,31.36,31.15,28.75333333333333
07098,2018,21.6,37.52,23.75,31.36,30.876666666666665
07098,2019,18.99,21.6,37.52,23.75,27.623333333333335
07098,2020,26.66,18.99,21.6,37.52,26.036666666666665
07098,2021,27.13,26.66,18.99,21.6,22.416666666666668
07098,2022,27.26,27.13,26.66,18.99,24.26
07098,2023,27.09,27.26,27.13,26.66,27.01666666666667
07098,2025,33.6,,27.09,27.26,
07099,2003,20.0,,,,
07099,2004,20.0,20.0,,,
07099,2005,23.0,20.0,20.0,,
07099,2006,23.0,23.0,20.0,20.0,21.0
07099,2007,23.0,23.0,23.0,20.0,22.0
07099,2008,20.0,23.0,23.0,23.0,23.0
07099,2009,20.0,20.0,23.0,23.0,22.0
07099,2010,60.0,20.0,20.0,23.0,21.0
07099,2011,4490.0,60.0,20.0,20.0,33.333333333333336
07099,2012,2720.0,4490.0,60.0,20.0,1523.3333333333333
07099,2013,3700.0,2720.0,4490.0,60.0,2423.3333333333335
07099,2014,3740.0,3700.0,2720.0,4490.0,3636.6666666666665
07099,2015,3952.0,3740.0,3700.0,2720.0,3386.6666666666665
07099,2016,4203.0,3952.0,3740.0,3700.0,3797.3333333333335
07099,2017,4415.0,4203.0,3952.0,3740.0,3965.0
07099,2018,4855.0,4415.0,4203.0,3952.0,4190.0
07099,2019,4944.33,4855.0,4415.0,4203.0,4491.0
07099,2020,4981.5,4944.33,4855.0,4415.0,4738.11
07099,2021,3690.0,4981.5,4944.33,4855.0,4926.943333333334
07099,2022,3702.98,3690.0,4981.5,4944.33,4538.61
07099,2023,3717.72,3702.98,3690.0,4981.5,4124.826666666667
07099,2025,2756.43,,3717.72,3702.98,
07103,2003,68.0,,,,
07103,2004,68.7,68.0,,,
07103,2005,66.0,68.7,68.0,,
07103,2006,70.0,66.0,68.7,68.0,67.56666666666666
07103,2007,70.0,70.0,66.0,68.7,68.23333333333333
07103,2008,65.0,70.0,70.0,66.0,68.66666666666667
07103,2009,60.0,65.0,70.0,70.0,68.33333333333333
07103,2010,70.0,60.0,65.0,70.0,65.0
07103,2011,70.0,70.0,60.0,65.0,65.0
07103,2012,65.0,70.0,70.0,60.0,66.66666666666667
07103,2013,30.7,65.0,70.0,70.0,68.33333333333333
07103,2014,35.0,30.7,65.0,70.0,55.23333333333333
07103,2015,31.0,35.0,30.7,65.0,43.56666666666666
07103,2016,23.2,31.0,35.0,30.7,32.233333333333334
07103,2017,30.0,23.2,31.0,35.0,29.733333333333334
07103,2018,24.8,30.0,23.2,31.0,28.066666666666666
07103,2019,18.45,24.8,30.0,23.2,26.0
07103,2020,17.91,18.45,24.8,30.0,24.416666666666668
07103,2021,17.55,17.91,18.45,24.8,20.386666666666667
07103,2022,18.0,17.55,17.91,18.45,17.97
07103,2023,17.4,18.0,17.55,17.91,17.819999999999997
07103,2025,17.38,,17.4,18.0,
07104,2013,0.0,,,,
07104,2014,0.0,0.0,,,
07104,2015,0.0,0.0,0.0,,
07104,2016,245.0,0.0,0.0,0.0,0.0
07104,2017,360.0,245.0,0.0,0.0,81.66666666666667
07104,2018,433.0,360.0,245.0,0.0,201.66666666666666
07104,2019,295.12,433.0,360.0,245.0,346.0
07104,2020,313.88,295.12,433.0,360.0,362.70666666666665
07104,2021,328.0,313.88,295.12,433.0,347.3333333333333
07104,2022,291.44,328.0,313.88,295.12,312.3333333333333
07104,2023,311.19,291.44,328.0,313.88,311.1066666666666
07104,2025,315.81,,311.19,291.44,
07110,2003,156.25,,,,
07110,2004,175.0,156.25,,,
07110,2005,150.0,175.0,156.25,,
07110,2006,147.5,150.0,175.0,156.25,160.41666666666666
07110,2007,140.3,147.5,150.0,175.0,157.5
07110,2008,149.5,140.3,147.5,150.0,145.93333333333334
07110,2009,172.5,149.5,140.3,147.5,145.76666666666668
07110,2010,129.6,172.5,149.5,140.3,154.1
07110,2011,122.4,129.6,172.5,149.5,150.53333333333333
07110,2012,136.5,122.4,129.6,172.5,141.5
07110,2013,127.89,136.5,122.4,129.6,129.5
07110,2014,138.81,127.89,136.5,122.4,128.92999999999998
07110,2015,137.55,138.81,127.89,136.5,134.4
07110,2016,107.1,137.55,138.81,127.89,134.75
07110,2017,142.8,107.1,137.55,138.81,127.82000000000001
07110,2018,99.8,142.8,107.1,137.55,129.15
07110,2019,77.04,99.8,142.8,107.1,116.56666666666666
07110,2020,91.98,77.04,99.8,142.8,106.54666666666667
07110,2021,92.27,91.98,77.04,99.8,89.60666666666667
07110,2022,92.71,92.27,91.98,77.04,87.09666666666665
07110,2023,88.62,92.71,92.27,91.98,92.32
07110,2025,95.1,,88.62,92.71,
07111,2005,0.0,,,,
07111,2006,0.0,0.0,,,
07111,2007,0.0,0.0,0.0,,
07111,2008,42.0,0.0,0.0,0.0,0.0
07111,2009,97.5,42.0,0.0,0.0,14.0
07111,2010,294.0,97.5,42.0,0.0,46.5
07111,2011,467.4,294.0,97.5,42.0,144.5
07111,2012,570.0,467.4,294.0,97.5,286.3
07111,2013,585.0,570.0,467.4,294.0,443.8
07111,2014,682.5,585.0,570.0,467.4,540.8000000000001
07111,2015,779.45,682.5,585.0,570.0,612.5
07111,2016,777.75,779.45,682.5,585.0,682.3166666666666
07111,2017,784.55,777.75,779.45,682.5,746.5666666666666
07111,2018,1856.39,784.55,777.75,779.45,780.5833333333334
07111,2019,1927.8,1856.39,784.55,777.75,1139.5633333333333
07111,2020,1688.67,1927.8,1856.39,784.55,1522.9133333333332
07111,2021,1709.25,1688.67,1927.8,1856.39,1824.2866666666666
07111,2022,1869.12,1709.25,1688.67,1927.8,1775.24
07111,2023,2015.0,1869.12,1709.25,1688.67,1755.68
07111,2025,2285.5,,2015.0,1869.12,
07112,2012,0.0,,,,
07112,2013,0.0,0.0,,,
07112,2014,0.0,0.0,0.0,,
07112,2015,0.0,0.0,0.0,0.0,0.0
07112,2016,0.0,0.0,0.0,0.0,0.0
07112,2017,0.0,0.0,0.0,0.0,0.0
07112,2018,35.25,0.0,0.0,0.0,0.0
07112,2019,40.2,35.25,0.0,0.0,11.75
07112,2020,43.05,40.2,35.25,0.0,25.150000000000002
07112,2021,46.2,43.05,40.2,35.25,39.5
07112,2022,262.7,46.2,43.05,40.2,43.15
07112,2023,264.4,262.7,46.2,43.05,117.31666666666666
07112,2025,715.21,,264.4,262.7,
07113,2012,0.0,,,,
07113,2013,0.0,0.0,,,
07113,2014,0.0,0.0,0.0,,
07113,2015,1201.2,0.0,0.0,0.0,0.0
07113,2016,0.0,1201.2,0.0,0.0,400.40000000000003
07113,2017,0.0,0.0,1201.2,0.0,400.40000000000003
07113,2018,325.52,0.0,0.0,1201.2,400.40000000000003
07113,2019,315.5,325.52,0.0,0.0,108.50666666666666
07113,2020,214.2,315.5,325.52,0.0,213.67333333333332
07113,2021,218.05,214.2,315.5,325.52,285.0733333333333
07113,2022,281.7,218.05,214.2,315.5,249.25
07113,2023,376.8,281.7,218.05,214.2,237.98333333333335
07113,2025,453.6,,376.8,281.7,
07119,2012,0.0,,,,
07119,2013,0.0,0.0,,,
07119,2014,0.0,0.0,0.0,,
07119,2015,0.0,0.0,0.0,0.0,0.0
07119,2016,0.0,0.0,0.0,0.0,0.0
07119,2017,0.0,0.0,0.0,0.0,0.0
07119,2018,598.26,0.0,0.0,0.0,0.0
07119,2019,625.65,598.26,0.0,0.0,199.42
07119,2020,560.15,625.65,598.26,0.0,407.96999999999997
07119,2021,602.6,560.15,625.65,598.26,594.6866666666666
07119,2022,686.4,602.6,560.15,625.65,596.1333333333333
07119,2023,810.57,686.4,602.6,560.15,616.3833333333333
07119,2025,914.94,,810.57,686.4,
07123,2021,21.91,,,,
07123,2022,22.22,21.91,,,
07123,2023,22.13,22.22,21.91,,
07123,2025,27.11,,22.13,22.22,
08027,2022,56.0,,,,
08027,2023,125.0,56.0,,,
08027,2025,219.0,,125.0,56.0,
08029,2022,112.0,,,,
08029,2023,100.0,112.0,,,
08029,2025,182.0,,100.0,112.0,
10002,2003,56.1,,,,
10002,2004,122.2,56.1,,,
10002,2005,119.85,122.2,56.1,,
10002,2006,125.73,119.85,122.2,56.1,99.38333333333333
10002,2007,130.43,125.73,119.85,122.2,122.59333333333332
10002,2008,132.78,130.43,125.73,119.85,125.33666666666666
10002,2009,195.3,132.78,130.43,125.73,129.64666666666665
10002,2010,163.8,195.3,132.78,130.43,152.83666666666667
10002,2011,169.47,163.8,195.3,132.78,163.96
10002,2012,125.06,169.47,163.8,195.3,176.19000000000003
10002,2013,151.94,125.06,169.47,163.8,152.77666666666667
10002,2014,130.1,151.94,125.06,169.47,148.82333333333332
10002,2015,156.24,130.1,151.94,125.06,135.70000000000002
10002,2016,101.43,156.24,130.1,151.94,146.09333333333333
10002,2017,120.02,101.43,156.24,130.1,129.25666666666666
10002,2018,126.02,120.02,101.43,156.24,125.89666666666666
10002,2019,120.15,126.02,120.02,101.43,115.82333333333334
10002,2020,97.85,120.15,126.02,120.02,122.06333333333333
10002,2021,98.91,97.85,120.15,126.02,114.67333333333333
10002,2022,51.87,98.91,97.85,120.15,105.63666666666666
10002,2023,55.13,51.87,98.91,97.85,82.87666666666667
10002,2025,258.97,,55.13,51.87,
10019,2006,6.0,,,,
10019,2007,7.0,6.0,,,
10019,2008,6.0,7.0,6.0,,
10019,2009,7.2,6.0,7.0,6.0,6.333333333333333
10019,2010,8.4,7.2,6.0,7.0,6.733333333333333
10019,2011,6.4,8.4,7.2,6.0,7.2
10019,2012,6.16,6.4,8.4,7.2,7.333333333333333
10019,2013,6.3,6.16,6.4,8.4,6.986666666666667
10019,2014,6.2,6.3,6.16,6.4,6.286666666666666
10019,2015,9.74,6.2,6.3,6.16,6.22
10019,2016,6.3,9.74,6.2,6.3,7.413333333333334
10019,2017,6.52,6.3,9.74,6.2,7.413333333333333
10019,2018,6.89,6.52,6.3,9.74,7.52
10019,2019,6.74,6.89,6.52,6.3,6.57
10019,2020,6.79,6.74,6.89,6.52,6.716666666666666
10019,2021,3.51,6.79,6.74,6.89,6.806666666666666
10019,2022,3.25,3.51,6.79,6.74,5.68
10019,2023,3.89,3.25,3.51,6.79,4.516666666666667
10019,2025,27.69,,3.89,3.25,
10023,2003,792.0,,,,
10023,2004,806.0,792.0,,,
10023,2005,920.5,806.0,792.0,,
10023,2006,1109.5,920.5,806.0,792.0,839.5
10023,2007,1046.4,1109.5,920.5,806.0,945.3333333333334
10023,2008,1128.8,1046.4,1109.5,920.5,1025.4666666666667
10023,2009,1075.2,1128.8,1046.4,1109.5,1094.8999999999999
10023,2010,1145.8,1075.2,1128.8,1046.4,1083.4666666666667
10023,2011,740.9,1145.8,1075.2,1128.8,1116.6000000000001
10023,2012,1174.2,740.9,1145.8,1075.2,987.2999999999998
10023,2013,1081.5,1174.2,740.9,1145.8,1020.3000000000001
10023,2014,1107.8,1081.5,1174.2,740.9,998.8666666666668
10023,2015,1271.9,1107.8,1081.5,1174.2,1121.1666666666667
10023,2016,1299.6,1271.9,1107.8,1081.5,1153.7333333333333
10023,2017,1303.02,1299.6,1271.9,1107.8,1226.4333333333334
10023,2018,1275.96,1303.02,1299.6,1271.9,1291.5066666666667
10023,2019,1280.11,1275.96,1303.02,1299.6,1292.86
10023,2020,1130.72,1280.11,1275.96,1303.02,1286.3633333333335
10023,2021,1120.16,1130.72,1280.11,1275.96,1228.93
10023,2022,438.0,1120.16,1130.72,1280.11,1176.9966666666667
10023,2023,799.61,438.0,1120.16,1130.72,896.2933333333334
10023,2025,2543.4,,799.61,438.0,
10026,2003,607.5,,,,
10026,2004,641.25,607.5,,,
10026,2005,540.0,641.25,607.5,,
10026,2006,768.0,540.0,641.25,607.5,596.25
10026,2007,889.2,768.0,540.0,641.25,649.75
10026,2008,925.2,889.2,768.0,540.0,732.4
10026,2009,896.0,925.2,889.2,768.0,860.8000000000001
10026,2010,906.5,896.0,925.2,889.2,903.4666666666667
10026,2011,494.0,906.5,896.0,925.2,909.2333333333332
10026,2012,888.0,494.0,906.5,896.0,765.5
10026,2013,888.0,888.0,494.0,906.5,762.8333333333334
10026,2014,873.62,888.0,888.0,494.0,756.6666666666666
10026,2015,1015.2,873.62,888.0,888.0,883.2066666666666
10026,2016,1042.28,1015.2,873.62,888.0,925.6066666666667
10026,2017,1045.12,1042.28,1015.2,873.62,977.0333333333333
10026,2018,1057.35,1045.12,1042.28,1015.2,1034.2
10026,2019,1027.65,1057.35,1045.12,1042.28,1048.2499999999998
10026,2020,919.53,1027.65,1057.35,1045.12,1043.3733333333332
10026,2021,1022.66,919.53,1027.65,1057.35,1001.5099999999999
10026,2022,522.0,1022.66,919.53,1027.65,989.9466666666667
10026,2023,619.2,522.0,1022.66,919.53,821.3966666666666
10026,2025,2606.2,,619.2,522.0,
10032,2010,0.0,,,,
10032,2011,0.0,0.0,,,
10032,2012,0.0,0.0,0.0,,
10032,2013,0.0,0.0,0.0,0.0,0.0
10034,2003,700.0,,,,
10034,2004,740.0,700.0,,,
10034,2005,805.0,740.0,700.0,,
10034,2006,1032.5,805.0,740.0,700.0,748.3333333333334
10034,2007,1013.7,1032.5,805.0,740.0,859.1666666666666
10034,2008,1172.5,1013.7,1032.5,805.0,950.4
10034,2009,1122.0,1172.5,1013.7,1032.5,1072.8999999999999
10034,2010,1231.2,1122.0,1172.5,1013.7,1102.7333333333333
10034,2011,723.2,1231.2,1122.0,1172.5,1175.2333333333333
10034,2012,1228.5,723.2,1231.2,1122.0,1025.4666666666665
10034,2013,1197.0,1228.5,723.2,1231.2,1060.9666666666667
10034,2014,1247.4,1197.0,1228.5,723.2,1049.5666666666666
10034,2015,1306.44,1247.4,1197.0,1228.5,1224.3000000000002
10034,2016,1428.0,1306.44,1247.4,1197.0,1250.28
10034,2017,1463.7,1428.0,1306.44,1247.4,1327.28
10034,2018,1489.85,1463.7,1428.0,1306.44,1399.3799999999999
10034,2019,1398.6,1489.85,1463.7,1428.0,1460.5166666666667
10034,2020,1064.0,1398.6,1489.85,1463.7,1450.7166666666665
10034,2021,1134.0,1064.0,1398.6,1489.85,1317.4833333333333
10034,2022,574.0,1134.0,1064.0,1398.6,1198.8666666666666
10034,2023,680.4,574.0,1134.0,1064.0,924.0
10034,2025,2684.7,,680.4,574.0,
10035,2010,0.0,,,,
10035,2011,0.0,0.0,,,
10035,2012,0.0,0.0,0.0,,
10035,2013,0.0,0.0,0.0,0.0,0.0
10037,2003,58.8,,,,
10037,2004,82.4,58.8,,,
10037,2005,82.4,82.4,58.8,,
10037,2006,88.0,82.4,82.4,58.8,74.53333333333335
10037,2007,99.2,88.0,82.4,82.4,84.26666666666667
10037,2008,108.0,99.2,88.0,82.4,89.86666666666667
10037,2009,112.85,108.0,99.2,88.0,98.39999999999999
10037,2010,98.05,112.85,108.0,99.2,106.68333333333332
10037,2011,105.27,98.05,112.85,108.0,106.3
10037,2012,70.3,105.27,98.05,112.85,105.38999999999999
10037,2013,92.88,70.3,105.27,98.05,91.20666666666666
10037,2014,77.6,92.88,70.3,105.27,89.48333333333333
10037,2015,91.38,77.6,92.88,70.3,80.25999999999999
10037,2016,78.0,91.38,77.6,92.88,87.28666666666665
10037,2017,82.13,78.0,91.38,77.6,82.32666666666665
10037,2018,82.84,82.13,78.0,91.38,83.83666666666666
10037,2019,74.58,82.84,82.13,78.0,80.99000000000001
10037,2020,51.65,74.58,82.84,82.13,79.85000000000001
10037,2021,44.99,51.65,74.58,82.84,69.69000000000001
10037,2022,33.6,44.99,51.65,74.58,57.07333333333333
10037,2023,46.07,33.6,44.99,51.65,43.413333333333334
10037,2025,183.96,,46.07,33.6,
11001,2003,14.0,,,,
11001,2004,8.0,14.0,,,
11001,2005,12.0,8.0,14.0,,
11001,2006,16.0,12.0,8.0,14.0,11.333333333333334
11001,2007,14.0,16.0,12.0,8.0,12.0
11001,2008,0.0,14.0,16.0,12.0,14.0
11001,2019,0.0,,,,
11001,2020,0.0,0.0,,,
11001,2021,0.0,0.0,0.0,,
11001,2022,138.0,0.0,0.0,0.0,0.0
11001,2023,139.4,138.0,0.0,0.0,46.0
11001,2025,141.1,,139.4,138.0,
11003,2015,18.0,,,,
11003,2016,18.4,18.0,,,
11003,2017,16.0,18.4,18.0,,
11003,2018,14.4,16.0,18.4,18.0,17.466666666666665
11003,2019,17.5,14.4,16.0,18.4,16.266666666666666
11003,2020,26.0,17.5,14.4,16.0,15.966666666666667
11003,2021,25.5,26.0,17.5,14.4,19.3
11003,2022,65.0,25.5,26.0,17.5,23.0
11003,2023,64.3,65.0,25.5,26.0,38.833333333333336
11003,2025,64.5,,64.3,65.0,
11004,2020,0.0,,,,
11004,2021,7.0,0.0,,,
11004,2022,16.3,7.0,0.0,,
11004,2023,17.5,16.3,7.0,0.0,7.766666666666667
11004,2025,17.5,,17.5,16.3,
11005,2003,0.0,,,,
11005,2004,0.0,0.0,,,
11005,2014,0.0,,,,
11005,2015,0.0,0.0,,,
11005,2016,0.0,0.0,0.0,,
11005,2017,33.0,0.0,0.0,0.0,0.0
11005,2018,94.2,33.0,0.0,0.0,11.0
11005,2019,78.88,94.2,33.0,0.0,42.4
11005,2020,76.4,78.88,94.2,33.0,68.69333333333333
11005,2021,76.48,76.4,78.88,94.2,83.16000000000001
11005,2022,76.8,76.48,76.4,78.88,77.25333333333334
11005,2023,106.25,76.8,76.48,76.4,76.56
11005,2025,108.6,,106.25,76.8,
11007,2003,140.0,,,,
11007,2004,64.0,140.0,,,
11007,2005,463.5,64.0,140.0,,
11007,2006,790.4,463.5,64.0,140.0,222.5
11007,2007,1185.0,790.4,463.5,64.0,439.3
11007,2008,322.4,1185.0,790.4,463.5,812.9666666666667
11007,2009,452.4,322.4,1185.0,790.4,765.9333333333334
11007,2010,312.0,452.4,322.4,1185.0,653.2666666666667
11007,2011,208.0,312.0,452.4,322.4,362.26666666666665
11007,2012,107.8,208.0,312.0,452.4,324.1333333333333
11007,2014,51.0,,107.8,208.0,
11007,2015,52.5,51.0,,107.8,
11007,2016,89.0,52.5,51.0,,
11007,2017,352.7,89.0,52.5,51.0,64.16666666666667
11007,2018,646.01,352.7,89.0,52.5,164.73333333333332
11007,2019,268.95,646.01,352.7,89.0,362.57
11007,2020,234.75,268.95,646.01,352.7,422.55333333333334
11007,2021,288.76,234.75,268.95,646.01,383.2366666666667
11007,2022,168.5,288.76,234.75,268.95,264.15333333333336
11007,2023,171.2,168.5,288.76,234.75,230.67
11007,2025,162.33,,171.2,168.5,
11009,2003,324.0,,,,
11009,2004,360.0,324.0,,,
11009,2005,225.0,360.0,324.0,,
11009,2006,240.0,225.0,360.0,324.0,303.0
11009,2007,720.0,240.0,225.0,360.0,275.0
11009,2008,200.0,720.0,240.0,225.0,395.0
11009,2009,272.0,200.0,720.0,240.0,386.6666666666667
11009,2010,252.0,272.0,200.0,720.0,397.3333333333333
11009,2011,240.0,252.0,272.0,200.0,241.33333333333334
11009,2012,208.0,240.0,252.0,272.0,254.66666666666666
11009,2013,275.0,208.0,240.0,252.0,233.33333333333334
11009,2014,212.0,275.0,208.0,240.0,241.0
11009,2015,247.5,212.0,275.0,208.0,231.66666666666666
11009,2016,258.0,247.5,212.0,275.0,244.83333333333334
11009,2017,390.6,258.0,247.5,212.0,239.16666666666666
11009,2018,504.0,390.6,258.0,247.5,298.7
11009,2019,294.0,504.0,390.6,258.0,384.2
11009,2020,279.9,294.0,504.0,390.6,396.2
11009,2021,282.9,279.9,294.0,504.0,359.3
11009,2022,270.0,282.9,279.9,294.0,285.59999999999997
11009,2023,296.45,270.0,282.9,279.9,277.59999999999997
11009,2025,288.3,,296.45,270.0,
11011,2003,100.0,,,,
11011,2004,80.0,100.0,,,
11011,2005,75.0,80.0,100.0,,
11011,2006,0.0,75.0,80.0,100.0,85.0
11012,2003,5.0,,,,
11012,2004,4.5,5.0,,,
11012,2005,6.0,4.5,5.0,,
11012,2006,8.0,6.0,4.5,5.0,5.166666666666667
11012,2007,7.0,8.0,6.0,4.5,6.166666666666667
11012,2019,0.0,,,,
11012,2020,204.0,0.0,,,
11012,2021,199.2,204.0,0.0,,
11012,2022,201.6,199.2,204.0,0.0,134.4
11012,2023,206.4,201.6,199.2,204.0,201.6
11012,2025,182.0,,206.4,201.6,
11015,2003,67.5,,,,
11015,2004,25.0,67.5,,,
11015,2005,67.5,25.0,67.5,,
11015,2006,50.0,67.5,25.0,67.5,53.333333333333336
11015,2007,56.0,50.0,67.5,25.0,47.5
11015,2008,56.0,56.0,50.0,67.5,57.833333333333336
11015,2009,56.0,56.0,56.0,50.0,54.0
11015,2010,59.4,56.0,56.0,56.0,56.0
11015,2011,54.0,59.4,56.0,56.0,57.13333333333333
11015,2012,100.0,54.0,59.4,56.0,56.46666666666667
11015,2013,64.0,100.0,54.0,59.4,71.13333333333334
11015,2014,220.5,64.0,100.0,54.0,72.66666666666667
11015,2015,249.9,220.5,64.0,100.0,128.16666666666666
11015,2016,105.3,249.9,220.5,64.0,178.13333333333333
11015,2017,50.0,105.3,249.9,220.5,191.9
11015,2018,31.8,50.0,105.3,249.9,135.06666666666666
11015,2019,40.2,31.8,50.0,105.3,62.36666666666667
11015,2020,73.15,40.2,31.8,50.0,40.666666666666664
11015,2021,77.25,73.15,40.2,31.8,48.38333333333333
11015,2022,138.6,77.25,73.15,40.2,63.53333333333334
11015,2023,140.8,138.6,77.25,73.15,96.33333333333333
11015,2025,143.0,,140.8,138.6,
11016,2019,0.0,,,,
11016,2020,0.0,0.0,,,
11016,2021,0.0,0.0,0.0,,
11016,2022,0.0,0.0,0.0,0.0,0.0
11016,2023,24.6,0.0,0.0,0.0,0.0
11016,2025,25.2,,24.6,0.0,
11017,2003,0.0,,,,
11017,2004,10.0,0.0,,,
11017,2005,0.0,10.0,0.0,,
11017,2006,10.4,0.0,10.0,0.0,3.3333333333333335
11017,2007,10.4,10.4,0.0,10.0,6.8
11017,2008,0.0,10.4,10.4,0.0,6.933333333333334
11018,2003,14.0,,,,
11018,2004,0.0,14.0,,,
11019,2016,0.0,,,,
11019,2017,29.4,0.0,,,
11019,2018,51.3,29.4,0.0,,
11019,2019,34.98,51.3,29.4,0.0,26.899999999999995
11019,2020,36.0,34.98,51.3,29.4,38.559999999999995
11019,2021,35.58,36.0,34.98,51.3,40.76
11019,2022,43.4,35.58,36.0,34.98,35.519999999999996
11019,2023,46.5,43.4,35.58,36.0,38.32666666666666
11019,2025,48.36,,46.5,43.4,
11020,2011,140.0,,,,
11020,2012,140.0,140.0,,,
11020,2013,100.0,140.0,140.0,,
11020,2014,60.0,100.0,140.0,140.0,126.66666666666667
11020,2015,130.0,60.0,100.0,140.0,100.0
11020,2016,100.0,130.0,60.0,100.0,96.66666666666667
11020,2017,144.0,100.0,130.0,60.0,96.66666666666667
11020,2018,153.0,144.0,100.0,130.0,124.66666666666667
11020,2019,120.0,153.0,144.0,100.0,132.33333333333334
11020,2020,176.1,120.0,153.0,144.0,139.0
11020,2021,213.0,176.1,120.0,153.0,149.70000000000002
11020,2022,214.5,213.0,176.1,120.0,169.70000000000002
11020,2023,215.1,214.5,213.0,176.1,201.20000000000002
11020,2025,215.4,,215.1,214.5,
11023,2020,37.0,,,,
11023,2021,46.5,37.0,,,
11023,2022,71.85,46.5,37.0,,
11023,2023,84.0,71.85,46.5,37.0,51.78333333333333
11023,2025,98.1,,84.0,71.85,
11025,2011,66.0,,,,
11025,2012,42.7,66.0,,,
11025,2013,24.0,42.7,66.0,,
11025,2014,0.0,24.0,42.7,66.0,44.23333333333333
11025,2015,0.0,0.0,24.0,42.7,22.233333333333334
11025,2016,0.0,0.0,0.0,24.0,8.0
11025,2017,0.0,0.0,0.0,0.0,0.0
11025,2018,0.0,0.0,0.0,0.0,0.0
11025,2019,3.0,0.0,0.0,0.0,0.0
11025,2020,3.4,3.0,0.0,0.0,1.0
11025,2021,3.5,3.4,3.0,0.0,2.1333333333333333
11025,2022,3.9,3.5,3.4,3.0,3.3000000000000003
11025,2023,5.0,3.9,3.5,3.4,3.6
11025,2025,8.4,,5.0,3.9,
11026,2003,52.5,,,,
11026,2004,35.0,52.5,,,
11026,2005,33.0,35.0,52.5,,
11026,2006,37.5,33.0,35.0,52.5,40.166666666666664
11026,2007,37.5,37.5,33.0,35.0,35.166666666666664
11026,2008,37.5,37.5,37.5,33.0,36.0
11026,2009,36.0,37.5,37.5,37.5,37.5
11026,2010,30.0,36.0,37.5,37.5,37.0
11026,2011,42.0,30.0,36.0,37.5,34.5
11026,2012,75.0,42.0,30.0,36.0,36.0
11026,2013,0.0,75.0,42.0,30.0,49.0
11026,2015,0.0,,0.0,75.0,
11026,2016,6.2,0.0,,0.0,
11026,2017,8.5,6.2,0.0,,
11026,2018,9.1,8.5,6.2,0.0,4.8999999999999995
11026,2019,10.5,9.1,8.5,6.2,7.933333333333333
11026,2020,18.9,10.5,9.1,8.5,9.366666666666667
11026,2021,21.0,18.9,10.5,9.1,12.833333333333334
11026,2022,32.0,21.0,18.9,10.5,16.8
11026,2023,32.4,32.0,21.0,18.9,23.96666666666667
11026,2025,80.0,,32.4,32.0,
11027,2003,12.0,,,,
11027,2004,28.0,12.0,,,
11027,2005,28.0,28.0,12.0,,
11027,2006,28.0,28.0,28.0,12.0,22.666666666666668
11027,2007,35.0,28.0,28.0,28.0,28.0
11027,2008,56.0,35.0,28.0,28.0,30.333333333333332
11027,2009,28.0,56.0,35.0,28.0,39.666666666666664
11027,2010,21.0,28.0,56.0,35.0,39.666666666666664
11027,2011,21.0,21.0,28.0,56.0,35.0
11027,2012,38.5,21.0,21.0,28.0,23.333333333333332
11027,2013,31.5,38.5,21.0,21.0,26.833333333333332
11027,2014,38.5,31.5,38.5,21.0,30.333333333333332
11027,2015,42.0,38.5,31.5,38.5,36.166666666666664
11027,2016,44.8,42.0,38.5,31.5,37.333333333333336
11027,2017,47.25,44.8,42.0,38.5,41.766666666666666
11027,2018,53.0,47.25,44.8,42.0,44.68333333333334
11027,2019,51.94,53.0,47.25,44.8,48.35
11027,2020,48.02,51.94,53.0,47.25,50.73
11027,2021,50.19,48.02,51.94,53.0,50.98666666666667
11027,2022,50.75,50.19,48.02,51.94,50.050000000000004
11027,2023,51.8,50.75,50.19,48.02,49.653333333333336
11027,2025,103.39999999999999,,51.8,50.75,
11031,2012,57.0,,,,
11031,2013,112.0,57.0,,,
11031,2014,56.0,112.0,57.0,,
11031,2015,70.0,56.0,112.0,57.0,75.0
11031,2016,78.4,70.0,56.0,112.0,79.33333333333333
11031,2017,89.9,78.4,70.0,56.0,68.13333333333334
11031,2018,96.1,89.9,78.4,70.0,79.43333333333334
11031,2019,92.5,96.1,89.9,78.4,88.13333333333333
11031,2020,79.2,92.5,96.1,89.9,92.83333333333333
11031,2021,80.0,79.2,92.5,96.1,89.26666666666667
11031,2022,75.6,80.0,79.2,92.5,83.89999999999999
11031,2023,80.0,75.6,80.0,79.2,78.26666666666667
11031,2025,83.2,,80.0,75.6,
11035,2020,0.0,,,,
11035,2021,0.0,0.0,,,
11035,2022,0.0,0.0,0.0,,
11035,2023,7.5,0.0,0.0,0.0,0.0
11035,2025,8.5,,7.5,0.0,
11037,2003,32.0,,,,
11037,2004,30.0,32.0,,,
11037,2005,40.0,30.0,32.0,,
11037,2006,30.4,40.0,30.0,32.0,34.0
11037,2007,40.0,30.4,40.0,30.0,33.46666666666667
11037,2008,40.0,40.0,30.4,40.0,36.800000000000004
11037,2009,28.8,40.0,40.0,30.4,36.800000000000004
11037,2010,32.0,28.8,40.0,40.0,36.266666666666666
11037,2011,50.0,32.0,28.8,40.0,33.6
11037,2012,120.0,50.0,32.0,28.8,36.93333333333334
11037,2013,60.0,120.0,50.0,32.0,67.33333333333333
11037,2014,47.2,60.0,120.0,50.0,76.66666666666667
11037,2015,96.0,47.2,60.0,120.0,75.73333333333333
11037,2016,69.6,96.0,47.2,60.0,67.73333333333333
11037,2017,36.6,69.6,96.0,47.2,70.93333333333334
11037,2018,38.4,36.6,69.6,96.0,67.4
11037,2019,39.6,38.4,36.6,69.6,48.20000000000001
11037,2020,104.96,39.6,38.4,36.6,38.20000000000001
11037,2021,103.2,104.96,39.6,38.4,60.98666666666667
11037,2022,195.5,103.2,104.96,39.6,82.58666666666666
11037,2023,230.64,195.5,103.2,104.96,134.5533333333333
11037,2025,200.4,,230.64,195.5,
11038,2003,0.0,,,,
11038,2004,0.0,0.0,,,
11038,2005,0.0,0.0,0.0,,
11038,2006,0.0,0.0,0.0,0.0,0.0
11038,2007,36.0,0.0,0.0,0.0,0.0
11038,2008,0.0,36.0,0.0,0.0,12.0
11039,2016,34.0,,,,
11039,2017,62.5,34.0,,,
11039,2018,68.0,62.5,34.0,,
11039,2019,102.7,68.0,62.5,34.0,54.833333333333336
11039,2020,156.45,102.7,68.0,62.5,77.73333333333333
11039,2021,158.4,156.45,102.7,68.0,109.05
11039,2022,169.6,158.4,156.45,102.7,139.1833333333333
11039,2023,165.6,169.6,158.4,156.45,161.48333333333332
11039,2025,167.4,,165.6,169.6,
12001,2003,66.0,,,,
12001,2004,67.0,66.0,,,
12001,2005,65.0,67.0,66.0,,
12001,2006,64.4,65.0,67.0,66.0,66.0
12001,2007,63.5,64.4,65.0,67.0,65.46666666666667
12001,2008,58.1,63.5,64.4,65.0,64.3
12001,2009,62.7,58.1,63.5,64.4,62.0
12001,2010,57.5,62.7,58.1,63.5,61.43333333333334
12001,2011,50.93,57.5,62.7,58.1,59.43333333333334
12001,2012,60.269999999999996,50.93,57.5,62.7,57.04333333333333
12001,2013,44.349999999999994,60.269999999999996,50.93,57.5,56.23333333333333
12001,2014,49.34,44.349999999999994,60.269999999999996,50.93,51.849999999999994
12001,2015,45.040000000000006,49.34,44.349999999999994,60.269999999999996,51.31999999999999
12001,2016,49.87,45.040000000000006,49.34,44.349999999999994,46.24333333333334
12001,2017,51.17,49.87,45.040000000000006,49.34,48.083333333333336
12001,2018,51.63,51.17,49.87,45.040000000000006,48.693333333333335
12001,2019,51.58,51.63,51.17,49.87,50.89000000000001
12001,2020,68.01,51.58,51.63,51.17,51.46
12001,2021,68.68,68.01,51.58,51.63,57.073333333333345
12001,2022,68.95,68.68,68.01,51.58,62.75666666666667
12001,2023,65.73,68.95,68.68,68.01,68.54666666666667
12001,2025,82.17999999999999,,65.73,68.95,
12002,2016,0.0,,,,
12002,2017,2.87,0.0,,,
12002,2018,2.98,2.87,0.0,,
12002,2019,3.05,2.98,2.87,0.0,1.95
12002,2020,3.5,3.05,2.98,2.87,2.966666666666667
12002,2021,3.85,3.5,3.05,2.98,3.1766666666666663
12002,2022,7.55,3.85,3.5,3.05,3.4666666666666663
12002,2023,7.65,7.55,3.85,3.5,4.966666666666667
12002,2025,23.29,,7.65,7.55,
12004,2008,0.0,,,,
12004,2009,0.0,0.0,,,
12004,2010,0.0,0.0,0.0,,
12004,2011,0.0,0.0,0.0,0.0,0.0
12004,2012,3.25,0.0,0.0,0.0,0.0
12004,2013,3.5,3.25,0.0,0.0,1.0833333333333333
12004,2014,3.55,3.5,3.25,0.0,2.25
12004,2015,3.4,3.55,3.5,3.25,3.4333333333333336
12004,2016,3.7,3.4,3.55,3.5,3.483333333333333
12004,2017,3.9,3.7,3.4,3.55,3.5500000000000003
12004,2018,4.0,3.9,3.7,3.4,3.6666666666666665
12004,2019,4.1,4.0,3.9,3.7,3.8666666666666667
12004,2020,4.25,4.1,4.0,3.9,4.0
12004,2021,4.27,4.25,4.1,4.0,4.116666666666666
12004,2022,8.7,4.27,4.25,4.1,4.206666666666666
12004,2023,8.7,8.7,4.27,4.25,5.739999999999999
12004,2025,8.77,,8.7,8.7,
12006,2008,0.0,,,,
12006,2009,0.0,0.0,,,
12006,2010,0.0,0.0,0.0,,
12006,2011,7.0,0.0,0.0,0.0,0.0
12006,2012,0.0,7.0,0.0,0.0,2.3333333333333335
12006,2013,0.0,0.0,7.0,0.0,2.3333333333333335
12006,2014,0.0,0.0,0.0,7.0,2.3333333333333335
12006,2015,0.0,0.0,0.0,0.0,0.0
12006,2016,0.0,0.0,0.0,0.0,0.0
12006,2018,0.0,,0.0,0.0,
12006,2020,8.24,,0.0,,
12006,2021,8.29,8.24,,0.0,
12006,2022,8.91,8.29,8.24,,
12006,2023,13.84,8.91,8.29,8.24,8.479999999999999
12006,2025,20.79,,13.84,8.91,
12011,2003,120.0,,,,
12011,2004,210.0,120.0,,,
12011,2005,210.0,210.0,120.0,,
12011,2006,210.0,210.0,210.0,120.0,180.0
12011,2007,180.0,210.0,210.0,210.0,210.0
12011,2008,180.0,180.0,210.0,210.0,200.0
12011,2009,210.0,180.0,180.0,210.0,190.0
12011,2010,480.0,210.0,180.0,180.0,190.0
12011,2011,520.0,480.0,210.0,180.0,290.0
12011,2012,606.25,520.0,480.0,210.0,403.3333333333333
12011,2013,557.6,606.25,520.0,480.0,535.4166666666666
12011,2014,450.0,557.6,606.25,520.0,561.2833333333333
12011,2015,176.96,450.0,557.6,606.25,537.9499999999999
12011,2016,447.75,176.96,450.0,557.6,394.8533333333333
12011,2017,678.0,447.75,176.96,450.0,358.2366666666667
12011,2018,707.35,678.0,447.75,176.96,434.2366666666667
12011,2019,484.37,707.35,678.0,447.75,611.0333333333333
12011,2020,497.96000000000004,484.37,707.35,678.0,623.24
12011,2021,490.31,497.96000000000004,484.37,707.35,563.2266666666667
12011,2022,486.98,490.31,497.96000000000004,484.37,490.88000000000005
12011,2023,506.83,486.98,490.31,497.96000000000004,491.75
12011,2025,505.76,,506.83,486.98,
12012,2003,1230.0,,,,
12012,2004,1100.0,1230.0,,,
12012,2005,880.0,1100.0,1230.0,,
12012,2006,845.0,880.0,1100.0,1230.0,1070.0
12012,2007,850.0,845.0,880.0,1100.0,941.6666666666666
12012,2008,862.0,850.0,845.0,880.0,858.3333333333334
12012,2009,875.0,862.0,850.0,845.0,852.3333333333334
12012,2010,857.5,875.0,862.0,850.0,862.3333333333334
12012,2011,860.0,857.5,875.0,862.0,864.8333333333334
12012,2012,851.0,860.0,857.5,875.0,864.1666666666666
12012,2013,890.0,851.0,860.0,857.5,856.1666666666666
12012,2014,940.0,890.0,851.0,860.0,867.0
12012,2015,856.75,940.0,890.0,851.0,893.6666666666666
12012,2016,792.35,856.75,940.0,890.0,895.5833333333334
12012,2017,794.65,792.35,856.75,940.0,863.0333333333333
12012,2018,798.1,794.65,792.35,856.75,814.5833333333334
12012,2019,799.25,798.1,794.65,792.35,795.0333333333333
12012,2020,807.4,799.25,798.1,794.65,797.3333333333334
12012,2021,807.3,807.4,799.25,798.1,801.5833333333334
12012,2022,811.9,807.3,807.4,799.25,804.65
12012,2023,796.95,811.9,807.3,807.4,808.8666666666667
12012,2025,800.4,,796.95,811.9,
12015,2003,8.0,,,,
12015,2004,32.0,8.0,,,
12015,2005,32.0,32.0,8.0,,
12015,2006,32.0,32.0,32.0,8.0,24.0
12015,2007,28.0,32.0,32.0,32.0,32.0
12015,2008,24.0,28.0,32.0,32.0,30.666666666666668
12015,2009,24.0,24.0,28.0,32.0,28.0
12015,2010,20.0,24.0,24.0,28.0,25.333333333333332
12015,2011,20.0,20.0,24.0,24.0,22.666666666666668
12015,2012,18.0,20.0,20.0,24.0,21.333333333333332
12015,2013,17.6,18.0,20.0,20.0,19.333333333333332
12015,2014,17.2,17.6,18.0,20.0,18.533333333333335
12015,2015,17.4,17.2,17.6,18.0,17.599999999999998
12015,2016,18.4,17.4,17.2,17.6,17.400000000000002
12015,2017,18.93,18.4,17.4,17.2,17.666666666666668
12015,2018,19.16,18.93,18.4,17.4,18.24333333333333
12015,2019,19.4,19.16,18.93,18.4,18.830000000000002
12015,2020,19.79,19.4,19.16,18.93,19.163333333333334
12015,2021,20.12,19.79,19.4,19.16,19.45
12015,2022,19.88,20.12,19.79,19.4,19.77
12015,2023,19.88,19.88,20.12,19.79,19.93
12015,2025,19.0,,19.88,19.88,
12016,2006,125.0,,,,
12016,2007,150.0,125.0,,,
12016,2008,150.0,150.0,125.0,,
12016,2009,175.0,150.0,150.0,125.0,141.66666666666666
12016,2010,126.0,175.0,150.0,150.0,158.33333333333334
12016,2011,150.0,126.0,175.0,150.0,150.33333333333334
12016,2012,177.5,150.0,126.0,175.0,150.33333333333334
12016,2013,151.8,177.5,150.0,126.0,151.16666666666666
12016,2014,150.0,151.8,177.5,150.0,159.76666666666668
12016,2015,159.96,150.0,151.8,177.5,159.76666666666668
12016,2016,166.26,159.96,150.0,151.8,153.92
12016,2017,189.9,166.26,159.96,150.0,158.74
12016,2018,174.45,189.9,166.26,159.96,172.04
12016,2019,204.18,174.45,189.9,166.26,176.86999999999998
12016,2020,206.42,204.18,174.45,189.9,189.51
12016,2021,199.5,206.42,204.18,174.45,195.01666666666665
12016,2022,197.1,199.5,206.42,204.18,203.36666666666667
12016,2023,208.76,197.1,199.5,206.42,201.00666666666666
12016,2025,210.45,,208.76,197.1,
12017,2003,36.0,,,,
12017,2004,31.2,36.0,,,
12017,2005,16.0,31.2,36.0,,
12017,2006,8.0,16.0,31.2,36.0,27.733333333333334
12017,2007,9.0,8.0,16.0,31.2,18.400000000000002
12017,2008,9.0,9.0,8.0,16.0,11.0
12017,2009,10.0,9.0,9.0,8.0,8.666666666666666
12017,2010,12.0,10.0,9.0,9.0,9.333333333333334
12017,2011,15.0,12.0,10.0,9.0,10.333333333333334
12017,2012,14.0,15.0,12.0,10.0,12.333333333333334
12017,2013,14.4,14.0,15.0,12.0,13.666666666666666
12017,2014,14.2,14.4,14.0,15.0,14.466666666666667
12017,2015,14.6,14.2,14.4,14.0,14.200000000000001
12017,2016,14.5,14.6,14.2,14.4,14.4
12017,2017,15.1,14.5,14.6,14.2,14.433333333333332
12017,2018,16.22,15.1,14.5,14.6,14.733333333333333
12017,2019,16.46,16.22,15.1,14.5,15.273333333333332
12017,2020,17.34,16.46,16.22,15.1,15.926666666666668
12017,2021,17.9,17.34,16.46,16.22,16.673333333333332
12017,2022,18.18,17.9,17.34,16.46,17.23333333333333
12017,2023,19.5,18.18,17.9,17.34,17.806666666666665
12017,2025,17.5,,19.5,18.18,
12022,2013,171.7,,,,
12022,2014,220.0,171.7,,,
12022,2015,380.0,220.0,171.7,,
12022,2016,177.1,380.0,220.0,171.7,257.23333333333335
12022,2017,248.33,177.1,380.0,220.0,259.0333333333333
12022,2018,313.71,248.33,177.1,380.0,268.47666666666663
12022,2019,401.49,313.71,248.33,177.1,246.38
12022,2020,421.43,401.49,313.71,248.33,321.1766666666667
12022,2021,397.48,421.43,401.49,313.71,378.8766666666667
12022,2022,317.16,397.48,421.43,401.49,406.8
12022,2023,311.4,317.16,397.48,421.43,378.69000000000005
12022,2025,310.2,,311.4,317.16,
12026,2003,230.0,,,,
12026,2004,230.0,230.0,,,
12026,2005,207.0,230.0,230.0,,
12026,2006,207.0,207.0,230.0,230.0,222.33333333333334
12026,2007,207.0,207.0,207.0,230.0,214.66666666666666
12026,2008,207.0,207.0,207.0,207.0,207.0
12026,2009,207.0,207.0,207.0,207.0,207.0
12026,2010,206.79,207.0,207.0,207.0,207.0
12026,2011,70.0,206.79,207.0,207.0,206.92999999999998
12026,2012,184.0,70.0,206.79,207.0,161.26333333333332
12026,2013,158.0,184.0,70.0,206.79,153.59666666666666
12026,2014,207.0,158.0,184.0,70.0,137.33333333333334
12026,2015,184.0,207.0,158.0,184.0,183.0
12026,2016,223.1,184.0,207.0,158.0,183.0
12026,2017,224.48,223.1,184.0,207.0,204.70000000000002
12026,2018,224.94,224.48,223.1,184.0,210.52666666666664
12026,2019,227.93,224.94,224.48,223.1,224.17333333333332
12026,2020,248.52,227.93,224.94,224.48,225.7833333333333
12026,2021,229.68,248.52,227.93,224.94,233.79666666666665
12026,2022,228.48,229.68,248.52,227.93,235.37666666666667
12026,2023,455.28,228.48,229.68,248.52,235.56000000000003
12026,2025,245.5,,455.28,228.48,
12028,2008,12.0,,,,
12028,2009,14.0,12.0,,,
12028,2010,16.0,14.0,12.0,,
12028,2011,13.0,16.0,14.0,12.0,14.0
12028,2012,13.0,13.0,16.0,14.0,14.333333333333334
12028,2013,8.4,13.0,13.0,16.0,14.0
12028,2014,9.5,8.4,13.0,13.0,11.466666666666667
12028,2015,9.48,9.5,8.4,13.0,10.299999999999999
12028,2016,9.8,9.48,9.5,8.4,9.126666666666667
12028,2017,11.86,9.8,9.48,9.5,9.593333333333334
12028,2018,12.23,11.86,9.8,9.48,10.38
12028,2019,11.08,12.23,11.86,9.8,11.296666666666667
12028,2020,12.23,11.08,12.23,11.86,11.723333333333334
12028,2021,13.649999999999999,12.23,11.08,12.23,11.84666666666667
12028,2022,17.619999999999997,13.649999999999999,12.23,11.08,12.319999999999999
12028,2023,18.560000000000002,17.619999999999997,13.649999999999999,12.23,14.5
12028,2025,17.36,,18.560000000000002,17.619999999999997,
12029,2003,87.0,,,,
12029,2004,64.5,87.0,,,
12029,2005,61.5,64.5,87.0,,
12029,2006,63.0,61.5,64.5,87.0,71.0
12029,2007,144.0,63.0,61.5,64.5,63.0
12029,2008,371.0,144.0,63.0,61.5,89.5
12029,2009,364.0,371.0,144.0,63.0,192.66666666666666
12029,2010,322.7,364.0,371.0,144.0,293.0
12029,2011,348.5,322.7,364.0,371.0,352.56666666666666
12029,2012,800.0,348.5,322.7,364.0,345.06666666666666
12029,2013,341.0,800.0,348.5,322.7,490.40000000000003
12029,2014,365.0,341.0,800.0,348.5,496.5
12029,2015,483.0,365.0,341.0,800.0,502.0
12029,2016,686.55,483.0,365.0,341.0,396.3333333333333
12029,2017,787.75,686.55,483.0,365.0,511.51666666666665
12029,2018,999.9,787.75,686.55,483.0,652.4333333333333
12029,2019,771.75,999.9,787.75,686.55,824.7333333333332
12029,2020,795.32,771.75,999.9,787.75,853.1333333333333
12029,2021,889.35,795.32,771.75,999.9,855.6566666666668
12029,2022,891.47,889.35,795.32,771.75,818.8066666666667
12029,2023,897.0,891.47,889.35,795.32,858.7133333333333
12029,2025,835.2,,897.0,891.47,
12032,2003,60.0,,,,
12032,2004,75.0,60.0,,,
12032,2005,75.0,75.0,60.0,,
12032,2006,75.0,75.0,75.0,60.0,70.0
12032,2007,48.0,75.0,75.0,75.0,75.0
12032,2008,210.0,48.0,75.0,75.0,66.0
12032,2009,226.0,210.0,48.0,75.0,111.0
12032,2010,225.63,226.0,210.0,48.0,161.33333333333334
12032,2011,226.0,225.63,226.0,210.0,220.54333333333332
12032,2012,744.5,226.0,225.63,226.0,225.87666666666667
12032,2013,2737.5,744.5,226.0,225.63,398.71000000000004
12032,2014,3677.5,2737.5,744.5,226.0,1236.0
12032,2015,5131.35,3677.5,2737.5,744.5,2386.5
12032,2016,9614.3,5131.35,3677.5,2737.5,3848.7833333333333
12032,2017,10696.39,9614.3,5131.35,3677.5,6141.05
12032,2018,12273.529999999999,10696.39,9614.3,5131.35,8480.68
12032,2019,7338.9400000000005,12273.529999999999,10696.39,9614.3,10861.406666666668
12032,2020,7747.27,7338.9400000000005,12273.529999999999,10696.39,10102.953333333333
12032,2021,8452.24,7747.27,7338.9400000000005,12273.529999999999,9119.913333333334
12032,2022,8746.96,8452.24,7747.27,7338.9400000000005,7846.150000000001
12032,2023,8862.08,8746.96,8452.24,7747.27,8315.49
12032,2025,9815.54,,8862.08,8746.96,
12036,2005,129.0,,,,
12036,2006,156.0,129.0,,,
12036,2007,152.0,156.0,129.0,,
12036,2008,153.0,152.0,156.0,129.0,145.66666666666666
12036,2009,155.0,153.0,152.0,156.0,153.66666666666666
12036,2010,150.3,155.0,153.0,152.0,153.33333333333334
12036,2011,144.28,150.3,155.0,153.0,152.76666666666668
12036,2012,170.0,144.28,150.3,155.0,149.86
12036,2013,109.0,170.0,144.28,150.3,154.86
12036,2014,88.4,109.0,170.0,144.28,141.09333333333333
12036,2015,111.6,88.4,109.0,170.0,122.46666666666668
12036,2016,112.0,111.6,88.4,109.0,103.0
12036,2017,112.4,112.0,111.6,88.4,104.0
12036,2018,112.8,112.4,112.0,111.6,112.0
12036,2019,124.3,112.8,112.4,112.0,112.39999999999999
12036,2020,124.52,124.3,112.8,112.4,116.5
12036,2021,125.62,124.52,124.3,112.8,120.54
12036,2022,128.32,125.62,124.52,124.3,124.81333333333333
12036,2023,125.84,128.32,125.62,124.52,126.15333333333335
12036,2025,135.26,,125.84,128.32,
12037,2003,40.0,,,,
12037,2004,40.0,40.0,,,
12037,2005,40.0,40.0,40.0,,
12037,2006,40.0,40.0,40.0,40.0,40.0
12037,2007,22.5,40.0,40.0,40.0,40.0
12037,2008,22.5,22.5,40.0,40.0,34.166666666666664
12037,2009,20.0,22.5,22.5,40.0,28.333333333333332
12037,2010,22.5,20.0,22.5,22.5,21.666666666666668
12037,2011,25.0,22.5,20.0,22.5,21.666666666666668
12037,2012,25.0,25.0,22.5,20.0,22.5
12037,2013,18.0,25.0,25.0,22.5,24.166666666666668
12037,2014,19.2,18.0,25.0,25.0,22.666666666666668
12037,2015,15.75,19.2,18.0,25.0,20.733333333333334
12037,2016,16.45,15.75,19.2,18.0,17.650000000000002
12037,2017,14.63,16.45,15.75,19.2,17.133333333333333
12037,2018,8.35,14.63,16.45,15.75,15.610000000000001
12037,2019,21.5,8.35,14.63,16.45,13.143333333333333
12037,2020,22.44,21.5,8.35,14.63,14.826666666666668
12037,2021,38.46,22.44,21.5,8.35,17.43
12037,2022,27.48,38.46,22.44,21.5,27.46666666666667
12037,2023,29.52,27.48,38.46,22.44,29.459999999999997
12037,2025,27.66,,29.52,27.48,
12038,2003,18.0,,,,
12038,2004,48.0,18.0,,,
12038,2005,48.0,48.0,18.0,,
12038,2006,48.0,48.0,48.0,18.0,38.0
12038,2007,60.0,48.0,48.0,48.0,48.0
12038,2008,40.0,60.0,48.0,48.0,52.0
12038,2009,56.0,40.0,60.0,48.0,49.333333333333336
12038,2010,56.56,56.0,40.0,60.0,52.0
12038,2011,56.0,56.56,56.0,40.0,50.85333333333333
12038,2012,56.8,56.0,56.56,56.0,56.18666666666667
12038,2013,162.0,56.8,56.0,56.56,56.45333333333334
12038,2014,147.8,162.0,56.8,56.0,91.60000000000001
12038,2015,148.9,147.8,162.0,56.8,122.2
12038,2016,146.07,148.9,147.8,162.0,152.9
12038,2017,184.3,146.07,148.9,147.8,147.59
12038,2018,169.1,184.3,146.07,148.9,159.75666666666666
12038,2019,181.49,169.1,184.3,146.07,166.49
12038,2020,178.72000000000003,181.49,169.1,184.3,178.29666666666665
12038,2021,195.51999999999998,178.72000000000003,181.49,169.1,176.4366666666667
12038,2022,175.37,195.51999999999998,178.72000000000003,181.49,185.24333333333334
12038,2023,211.0,175.37,195.51999999999998,178.72000000000003,183.20333333333335
12038,2025,215.8,,211.0,175.37,
12040,2003,28.0,,,,
12040,2004,38.5,28.0,,,
12040,2005,38.5,38.5,28.0,,
12040,2006,55.5,38.5,38.5,28.0,35.0
12040,2007,96.0,55.5,38.5,38.5,44.166666666666664
12040,2008,497.5,96.0,55.5,38.5,63.333333333333336
12040,2009,608.0,497.5,96.0,55.5,216.33333333333334
12040,2010,609.68,608.0,497.5,96.0,400.5
12040,2011,1020.5,609.68,608.0,497.5,571.7266666666666
12040,2012,2091.6,1020.5,609.68,608.0,746.06
12040,2013,415.0,2091.6,1020.5,609.68,1240.5933333333332
12040,2014,278.4,415.0,2091.6,1020.5,1175.7
12040,2015,379.44,278.4,415.0,2091.6,928.3333333333334
12040,2016,396.5,379.44,278.4,415.0,357.6133333333333
12040,2017,568.75,396.5,379.44,278.4,351.44666666666666
12040,2018,1236.0,568.75,396.5,379.44,448.23
12040,2019,1017.0,1236.0,568.75,396.5,733.75
12040,2020,1068.0,1017.0,1236.0,568.75,940.5833333333334
12040,2021,1387.5,1068.0,1017.0,1236.0,1107.0
12040,2022,1585.32,1387.5,1068.0,1017.0,1157.5
12040,2023,1592.82,1585.32,1387.5,1068.0,1346.9399999999998
12040,2025,2115.35,,1592.82,1585.32,
12044,2003,28.0,,,,
12044,2004,28.0,28.0,,,
12044,2005,28.0,28.0,28.0,,
12044,2006,28.0,28.0,28.0,28.0,28.0
12044,2007,48.0,28.0,28.0,28.0,28.0
12044,2008,45.0,48.0,28.0,28.0,34.666666666666664
12044,2009,49.2,45.0,48.0,28.0,40.333333333333336
12044,2010,48.07,49.2,45.0,48.0,47.4
12044,2011,60.0,48.07,49.2,45.0,47.42333333333334
12044,2012,57.84,60.0,48.07,49.2,52.42333333333334
12044,2013,107.05,57.84,60.0,48.07,55.303333333333335
12044,2014,127.6,107.05,57.84,60.0,74.96333333333334
12044,2015,133.92,127.6,107.05,57.84,97.49666666666667
12044,2016,128.84,133.92,127.6,107.05,122.85666666666667
12044,2017,230.51,128.84,133.92,127.6,130.12
12044,2018,248.84,230.51,128.84,133.92,164.42333333333332
12044,2019,220.8,248.84,230.51,128.84,202.73000000000002
12044,2020,221.93,220.8,248.84,230.51,233.38333333333333
12044,2021,246.01,221.93,220.8,248.84,230.5233333333333
12044,2022,346.19,246.01,221.93,220.8,229.58
12044,2023,335.61,346.19,246.01,221.93,271.37666666666667
12044,2025,348.59000000000003,,335.61,346.19,
12046,2005,195.0,,,,
12046,2006,234.0,195.0,,,
12046,2007,353.0,234.0,195.0,,
12046,2008,343.0,353.0,234.0,195.0,260.6666666666667
12046,2009,350.0,343.0,353.0,234.0,310.0
12046,2010,345.1,350.0,343.0,353.0,348.6666666666667
12046,2011,334.05,345.1,350.0,343.0,346.0333333333333
12046,2012,390.0,334.05,345.1,350.0,343.05
12046,2013,336.6,390.0,334.05,345.1,356.3833333333334
12046,2014,326.4,336.6,390.0,334.05,353.55
12046,2015,276.0,326.4,336.6,390.0,351.0
12046,2016,277.0,276.0,326.4,336.6,313.0
12046,2017,277.5,277.0,276.0,326.4,293.13333333333327
12046,2018,278.0,277.5,277.0,276.0,276.8333333333333
12046,2019,306.35,278.0,277.5,277.0,277.5
12046,2020,309.47,306.35,278.0,277.5,287.28333333333336
12046,2021,311.85,309.47,306.35,278.0,297.94000000000005
12046,2022,308.55,311.85,309.47,306.35,309.22333333333336
12046,2023,308.0,308.55,311.85,309.47,309.95666666666665
12046,2025,312.4,,308.0,308.55,
12048,2003,136.0,,,,
12048,2004,172.0,136.0,,,
12048,2005,172.0,172.0,136.0,,
12048,2006,139.0,172.0,172.0,136.0,160.0
12048,2007,165.5,139.0,172.0,172.0,161.0
12048,2008,147.0,165.5,139.0,172.0,158.83333333333334
12048,2009,175.0,147.0,165.5,139.0,150.5
12048,2010,298.0,175.0,147.0,165.5,162.5
12048,2011,322.0,298.0,175.0,147.0,206.66666666666666
12048,2012,303.6,322.0,298.0,175.0,265.0
12048,2013,277.0,303.6,322.0,298.0,307.8666666666667
12048,2014,275.54,277.0,303.6,322.0,300.8666666666667
12048,2015,363.55,275.54,277.0,303.6,285.38000000000005
12048,2016,330.61,363.55,275.54,277.0,305.36333333333334
12048,2017,346.62,330.61,363.55,275.54,323.23333333333335
12048,2018,357.8,346.62,330.61,363.55,346.92666666666673
12048,2019,369.34000000000003,357.8,346.62,330.61,345.01
12048,2020,329.9,369.34000000000003,357.8,346.62,357.92
12048,2021,329.36,329.9,369.34000000000003,357.8,352.34666666666664
12048,2022,347.3,329.36,329.9,369.34000000000003,342.86666666666673
12048,2023,385.0,347.3,329.36,329.9,335.52
12048,2025,380.61,,385.0,347.3,
12049,2008,12.0,,,,
12049,2009,0.0,12.0,,,
12049,2010,0.0,0.0,12.0,,
12049,2011,0.0,0.0,0.0,12.0,4.0
12049,2012,0.0,0.0,0.0,0.0,0.0
12049,2013,17.0,0.0,0.0,0.0,0.0
12049,2014,12.48,17.0,0.0,0.0,5.666666666666667
12049,2015,8.4,12.48,17.0,0.0,9.826666666666666
12049,2016,5.8,8.4,12.48,17.0,12.626666666666667
12049,2017,6.86,5.8,8.4,12.48,8.893333333333333
12049,2018,6.89,6.86,5.8,8.4,7.0200000000000005
12049,2019,6.93,6.89,6.86,5.8,6.516666666666667
12049,2020,0.0,6.93,6.89,6.86,6.8933333333333335
12049,2021,9.0,0.0,6.93,6.89,4.6066666666666665
12049,2022,6.25,9.0,0.0,6.93,5.31
12049,2023,7.89,6.25,9.0,0.0,5.083333333333333
12049,2025,6.3,,7.89,6.25,
12051,2003,63.0,,,,
12051,2004,62.0,63.0,,,
12051,2005,63.0,62.0,63.0,,
12051,2006,63.0,63.0,62.0,63.0,62.666666666666664
12051,2007,63.0,63.0,63.0,62.0,62.666666666666664
12051,2008,63.0,63.0,63.0,63.0,63.0
12051,2009,68.4,63.0,63.0,63.0,63.0
12051,2010,63.0,68.4,63.0,63.0,64.8
12051,2011,64.8,63.0,68.4,63.0,64.8
12051,2012,63.0,64.8,63.0,68.4,65.39999999999999
12051,2013,45.5,63.0,64.8,63.0,63.6
12051,2014,42.0,45.5,63.0,64.8,57.76666666666667
12051,2015,57.21,42.0,45.5,63.0,50.166666666666664
12051,2016,57.08,57.21,42.0,45.5,48.23666666666667
12051,2017,59.709999999999994,57.08,57.21,42.0,52.096666666666664
12051,2018,69.9,59.709999999999994,57.08,57.21,58.0
12051,2019,62.03,69.9,59.709999999999994,57.08,62.23
12051,2020,64.55,62.03,69.9,59.709999999999994,63.88
12051,2021,148.89000000000001,64.55,62.03,69.9,65.49333333333334
12051,2022,154.32,148.89000000000001,64.55,62.03,91.82333333333334
12051,2023,156.76,154.32,148.89000000000001,64.55,122.58666666666666
12051,2025,150.95000000000002,,156.76,154.32,
12052,2003,495.0,,,,
12052,2004,520.0,495.0,,,
12052,2005,483.0,520.0,495.0,,
12052,2006,548.0,483.0,520.0,495.0,499.3333333333333
12052,2007,666.4,548.0,483.0,520.0,517.0
12052,2008,554.0,666.4,548.0,483.0,565.8000000000001
12052,2009,655.0,554.0,666.4,548.0,589.4666666666667
12052,2010,555.0,655.0,554.0,666.4,625.1333333333333
12052,2011,539.21,555.0,655.0,554.0,588.0
12052,2012,637.97,539.21,555.0,655.0,583.07
12052,2013,590.81,637.97,539.21,555.0,577.3933333333333
12052,2014,652.38,590.81,637.97,539.21,589.3299999999999
12052,2015,645.8,652.38,590.81,637.97,627.0533333333333
12052,2016,692.0,645.8,652.38,590.81,629.6633333333333
12052,2017,695.61,692.0,645.8,652.38,663.3933333333333
12052,2018,696.92,695.61,692.0,645.8,677.8033333333333
12052,2019,680.72,696.92,695.61,692.0,694.8433333333332
12052,2020,703.47,680.72,696.92,695.61,691.0833333333334
12052,2021,704.78,703.47,680.72,696.92,693.7033333333333
12052,2022,704.75,704.78,703.47,680.72,696.3233333333334
12052,2023,713.95,704.75,704.78,703.47,704.3333333333334
12052,2025,710.02,,713.95,704.75,
12055,2003,210.0,,,,
12055,2004,210.0,210.0,,,
12055,2005,238.0,210.0,210.0,,
12055,2006,228.0,238.0,210.0,210.0,219.33333333333334
12055,2007,245.0,228.0,238.0,210.0,225.33333333333334
12055,2008,224.0,245.0,228.0,238.0,237.0
12055,2009,196.0,224.0,245.0,228.0,232.33333333333334
12055,2010,175.0,196.0,224.0,245.0,221.66666666666666
12055,2011,146.0,175.0,196.0,224.0,198.33333333333334
12055,2012,100.4,146.0,175.0,196.0,172.33333333333334
12055,2013,189.0,100.4,146.0,175.0,140.46666666666667
12055,2014,174.8,189.0,100.4,146.0,145.13333333333333
12055,2015,197.45,174.8,189.0,100.4,154.73333333333335
12055,2016,221.4,197.45,174.8,189.0,187.08333333333334
12055,2017,480.92999999999995,221.4,197.45,174.8,197.88333333333335
12055,2018,422.25,480.92999999999995,221.4,197.45,299.9266666666667
12055,2019,393.02,422.25,480.92999999999995,221.4,374.85999999999996
12055,2020,401.1,393.02,422.25,480.92999999999995,432.0666666666666
12055,2021,407.28999999999996,401.1,393.02,422.25,405.4566666666667
12055,2022,413.40999999999997,407.28999999999996,401.1,393.02,400.47
12055,2023,403.01,413.40999999999997,407.28999999999996,401.1,407.26666666666665
12055,2025,408.07,,403.01,413.40999999999997,
12056,2003,810.0,,,,
12056,2004,800.0,810.0,,,
12056,2005,720.0,800.0,810.0,,
12056,2006,676.0,720.0,800.0,810.0,776.6666666666666
12056,2007,680.0,676.0,720.0,800.0,732.0
12056,2008,685.0,680.0,676.0,720.0,692.0
12056,2009,660.0,685.0,680.0,676.0,680.3333333333334
12056,2010,686.3,660.0,685.0,680.0,675.0
12056,2011,690.0,686.3,660.0,685.0,677.1
12056,2012,700.3,690.0,686.3,660.0,678.7666666666667
12056,2013,690.0,700.3,690.0,686.3,692.1999999999999
12056,2014,830.0,690.0,700.3,690.0,693.4333333333334
12056,2015,686.2,830.0,690.0,700.3,740.1
12056,2016,669.28,686.2,830.0,690.0,735.4
12056,2017,670.88,669.28,686.2,830.0,728.4933333333333
12056,2018,679.16,670.88,669.28,686.2,675.4533333333334
12056,2019,676.8,679.16,670.88,669.28,673.1066666666667
12056,2020,687.74,676.8,679.16,670.88,675.6133333333333
12056,2021,681.5,687.74,676.8,679.16,681.2333333333333
12056,2022,683.38,681.5,687.74,676.8,682.0133333333333
12056,2023,678.68,683.38,681.5,687.74,684.2066666666666
12056,2025,392.64,,678.68,683.38,
12057,2003,100.0,,,,
12057,2004,175.0,100.0,,,
12057,2005,175.0,175.0,100.0,,
12057,2006,3000.0,175.0,175.0,100.0,150.0
12057,2007,6000.0,3000.0,175.0,175.0,1116.6666666666667
12057,2008,4500.0,6000.0,3000.0,175.0,3058.3333333333335
12057,2009,5285.0,4500.0,6000.0,3000.0,4500.0
12057,2010,4500.0,5285.0,4500.0,6000.0,5261.666666666667
12057,2011,5250.0,4500.0,5285.0,4500.0,4761.666666666667
12057,2012,4500.0,5250.0,4500.0,5285.0,5011.666666666667
12057,2013,4278.08,4500.0,5250.0,4500.0,4750.0
12057,2014,3768.9,4278.08,4500.0,5250.0,4676.026666666667
12057,2015,4063.52,3768.9,4278.08,4500.0,4182.326666666667
12057,2016,4320.3099999999995,4063.52,3768.9,4278.08,4036.8333333333335
12057,2017,4208.0,4320.3099999999995,4063.52,3768.9,4050.91
12057,2018,2847.2200000000003,4208.0,4320.3099999999995,4063.52,4197.276666666667
12057,2019,2966.32,2847.2200000000003,4208.0,4320.3099999999995,3791.843333333333
12057,2020,2870.5,2966.32,2847.2200000000003,4208.0,3340.513333333334
12057,2021,3041.09,2870.5,2966.32,2847.2200000000003,2894.6800000000003
12057,2022,3004.17,3041.09,2870.5,2966.32,2959.3033333333333
12057,2023,3144.1800000000003,3004.17,3041.09,2870.5,2971.92
12057,2025,3457.79,,3144.1800000000003,3004.17,
12058,2003,80.0,,,,
12058,2004,92.0,80.0,,,
12058,2005,115.0,92.0,80.0,,
12058,2006,115.0,115.0,92.0,80.0,95.66666666666667
12058,2007,115.0,115.0,115.0,92.0,107.33333333333333
12058,2008,115.0,115.0,115.0,115.0,115.0
12058,2009,115.0,115.0,115.0,115.0,115.0
12058,2010,114.77,115.0,115.0,115.0,115.0
12058,2011,125.0,114.77,115.0,115.0,114.92333333333333
12058,2012,150.0,125.0,114.77,115.0,118.25666666666666
12058,2013,175.0,150.0,125.0,114.77,129.92333333333332
12058,2014,200.0,175.0,150.0,125.0,150.0
12058,2015,205.0,200.0,175.0,150.0,175.0
12058,2016,215.0,205.0,200.0,175.0,193.33333333333334
12058,2017,216.75,215.0,205.0,200.0,206.66666666666666
12058,2018,222.5,216.75,215.0,205.0,212.25
12058,2019,231.25,222.5,216.75,215.0,218.08333333333334
12058,2020,232.5,231.25,222.5,216.75,223.5
12058,2021,235.5,232.5,231.25,222.5,228.75
12058,2022,234.5,235.5,232.5,231.25,233.08333333333334
12058,2023,235.5,234.5,235.5,232.5,234.16666666666666
12058,2025,290.4,,235.5,234.5,
12060,2003,25.0,,,,
12060,2004,20.0,25.0,,,
12060,2005,30.0,20.0,25.0,,
12060,2006,30.0,30.0,20.0,25.0,25.0
12060,2007,24.0,30.0,30.0,20.0,26.666666666666668
12060,2008,24.0,24.0,30.0,30.0,28.0
12060,2009,18.0,24.0,24.0,30.0,26.0
12060,2010,18.0,18.0,24.0,24.0,22.0
12060,2011,17.9,18.0,18.0,24.0,20.0
12060,2012,9.0,17.9,18.0,18.0,17.966666666666665
12060,2013,0.0,9.0,17.9,18.0,14.966666666666667
12060,2014,0.0,0.0,9.0,17.9,8.966666666666667
12060,2015,0.0,0.0,0.0,9.0,3.0
12060,2016,12.15,0.0,0.0,0.0,0.0
12060,2017,14.05,12.15,0.0,0.0,4.05
12060,2018,14.12,14.05,12.15,0.0,8.733333333333334
12060,2019,1.5,14.12,14.05,12.15,13.44
12060,2020,13.66,1.5,14.12,14.05,9.89
12060,2021,15.43,13.66,1.5,14.12,9.76
12060,2022,14.25,15.43,13.66,1.5,10.196666666666667
12060,2023,14.73,14.25,15.43,13.66,14.446666666666667
12060,2025,17.29,,14.73,14.25,
12062,2003,1320.0,,,,
12062,2004,1420.0,1320.0,,,
12062,2005,1482.0,1420.0,1320.0,,
12062,2006,1295.0,1482.0,1420.0,1320.0,1407.3333333333333
12062,2007,1330.0,1295.0,1482.0,1420.0,1399.0
12062,2008,1319.0,1330.0,1295.0,1482.0,1369.0
12062,2009,1295.0,1319.0,1330.0,1295.0,1314.6666666666667
12062,2010,1318.1,1295.0,1319.0,1330.0,1314.6666666666667
12062,2011,1265.37,1318.1,1295.0,1319.0,1310.7
12062,2012,1088.0,1265.37,1318.1,1295.0,1292.8233333333333
12062,2013,1037.5,1088.0,1265.37,1318.1,1223.8233333333333
12062,2014,996.0,1037.5,1088.0,1265.37,1130.29
12062,2015,963.9,996.0,1037.5,1088.0,1040.5
12062,2016,935.0,963.9,996.0,1037.5,999.1333333333333
12062,2017,933.3,935.0,963.9,996.0,964.9666666666667
12062,2018,940.8,933.3,935.0,963.9,944.0666666666666
12062,2019,945.2,940.8,933.3,935.0,936.3666666666667
12062,2020,946.9,945.2,940.8,933.3,939.7666666666665
12062,2021,948.6,946.9,945.2,940.8,944.3000000000001
12062,2022,948.6,948.6,946.9,945.2,946.9
12062,2023,936.7,948.6,948.6,946.9,948.0333333333334
12062,2025,999.6,,936.7,948.6,
12068,2019,0.0,,,,
12071,2003,920.0,,,,
12071,2004,1050.0,920.0,,,
12071,2005,1163.0,1050.0,920.0,,
12071,2006,965.0,1163.0,1050.0,920.0,1044.3333333333333
12071,2007,967.0,965.0,1163.0,1050.0,1059.3333333333333
12071,2008,973.0,967.0,965.0,1163.0,1031.6666666666667
12071,2009,950.0,973.0,967.0,965.0,968.3333333333334
12071,2010,978.7,950.0,973.0,967.0,963.3333333333334
12071,2011,972.8,978.7,950.0,973.0,967.2333333333332
12071,2012,848.7,972.8,978.7,950.0,967.1666666666666
12071,2013,560.88,848.7,972.8,978.7,933.4
12071,2014,738.0,560.88,848.7,972.8,794.1266666666667
12071,2015,752.76,738.0,560.88,848.7,715.86
12071,2016,771.21,752.76,738.0,560.88,683.88
12071,2017,769.98,771.21,752.76,738.0,753.9899999999999
12071,2018,759.88,769.98,771.21,752.76,764.65
12071,2019,786.25,759.88,769.98,771.21,767.0233333333334
12071,2020,792.43,786.25,759.88,769.98,772.0366666666667
12071,2021,795.0,792.43,786.25,759.88,779.52
12071,2022,795.0,795.0,792.43,786.25,791.2266666666666
12071,2023,798.75,795.0,795.0,792.43,794.1433333333333
12071,2025,795.0,,798.75,795.0,
12074,2008,0.0,,,,
12074,2009,0.0,0.0,,,
12074,2010,0.0,0.0,0.0,,
12074,2011,6.0,0.0,0.0,0.0,0.0
12074,2012,0.0,6.0,0.0,0.0,2.0
12074,2013,3.2,0.0,6.0,0.0,2.0
12074,2017,0.0,,,,
12074,2018,0.0,0.0,,,
12074,2019,2.17,0.0,0.0,,
12074,2020,5.63,2.17,0.0,0.0,0.7233333333333333
12074,2021,2.54,5.63,2.17,0.0,2.6
12074,2022,2.55,2.54,5.63,2.17,3.4466666666666668
12074,2023,2.62,2.55,2.54,5.63,3.573333333333333
12074,2025,2.66,,2.62,2.55,
12075,2003,12.0,,,,
12075,2004,4.0,12.0,,,
12075,2005,5.0,4.0,12.0,,
12075,2006,5.0,5.0,4.0,12.0,7.0
12075,2007,4.0,5.0,5.0,4.0,4.666666666666667
12075,2008,7.0,4.0,5.0,5.0,4.666666666666667
12075,2009,7.0,7.0,4.0,5.0,5.333333333333333
12075,2010,7.06,7.0,7.0,4.0,6.0
12075,2011,28.0,7.06,7.0,7.0,7.02
12075,2012,56.0,28.0,7.06,7.0,14.020000000000001
12075,2013,37.1,56.0,28.0,7.06,30.353333333333335
12075,2014,33.6,37.1,56.0,28.0,40.36666666666667
12075,2015,39.62,33.6,37.1,56.0,42.233333333333334
12075,2016,59.63,39.62,33.6,37.1,36.77333333333333
12075,2017,58.31,59.63,39.62,33.6,44.28333333333334
12075,2018,165.87,58.31,59.63,39.62,52.52
12075,2019,142.36,165.87,58.31,59.63,94.60333333333334
12075,2020,153.4,142.36,165.87,58.31,122.18
12075,2021,217.58,153.4,142.36,165.87,153.87666666666667
12075,2022,222.96,217.58,153.4,142.36,171.11333333333334
12075,2023,225.43,222.96,217.58,153.4,197.98000000000002
12075,2025,218.19,,225.43,222.96,
12079,2008,48.0,,,,
12079,2009,60.0,48.0,,,
12079,2010,64.0,60.0,48.0,,
12079,2011,61.6,64.0,60.0,48.0,57.333333333333336
12079,2012,64.0,61.6,64.0,60.0,61.86666666666667
12079,2013,20.0,64.0,61.6,64.0,63.199999999999996
12079,2014,13.0,20.0,64.0,61.6,48.53333333333333
12079,2015,11.4,13.0,20.0,64.0,32.333333333333336
12079,2016,11.5,11.4,13.0,20.0,14.799999999999999
12079,2017,13.74,11.5,11.4,13.0,11.966666666666667
12079,2018,11.57,13.74,11.5,11.4,12.213333333333333
12079,2019,13.08,11.57,13.74,11.5,12.270000000000001
12079,2020,12.94,13.08,11.57,13.74,12.796666666666667
12079,2021,19.68,12.94,13.08,11.57,12.530000000000001
12079,2022,22.58,19.68,12.94,13.08,15.233333333333334
12079,2023,19.65,22.58,19.68,12.94,18.400000000000002
12079,2025,18.45,,19.65,22.58,
13002,2014,0.0,,,,
13002,2015,0.0,0.0,,,
13002,2016,144.0,0.0,0.0,,
13002,2017,178.6,144.0,0.0,0.0,48.0
13002,2018,202.1,178.6,144.0,0.0,107.53333333333335
13002,2019,206.8,202.1,178.6,144.0,174.9
13002,2020,190.35,206.8,202.1,178.6,195.83333333333334
13002,2021,251.1,190.35,206.8,202.1,199.75
13002,2022,238.4,251.1,190.35,206.8,216.08333333333334
13002,2023,243.66,238.4,251.1,190.35,226.61666666666667
13002,2025,460.01,,243.66,238.4,
13012,2003,315.0,,,,
13012,2004,315.0,315.0,,,
13012,2005,315.0,315.0,315.0,,
13012,2006,345.0,315.0,315.0,315.0,315.0
13012,2007,360.0,345.0,315.0,315.0,325.0
13012,2008,390.0,360.0,345.0,315.0,340.0
13012,2009,513.0,390.0,360.0,345.0,365.0
13012,2010,535.0,513.0,390.0,360.0,421.0
13012,2011,566.0,535.0,513.0,390.0,479.3333333333333
13012,2012,621.7,566.0,535.0,513.0,538.0
13012,2013,609.9,621.7,566.0,535.0,574.2333333333333
13012,2014,544.4,609.9,621.7,566.0,599.1999999999999
13012,2015,553.5,544.4,609.9,621.7,592.0
13012,2016,652.3,553.5,544.4,609.9,569.2666666666667
13012,2017,591.1,652.3,553.5,544.4,583.4
13012,2018,625.0,591.1,652.3,553.5,598.9666666666667
13012,2019,648.8,625.0,591.1,652.3,622.8000000000001
13012,2020,593.1,648.8,625.0,591.1,621.6333333333333
13012,2021,600.48,593.1,648.8,625.0,622.3000000000001
13012,2022,639.11,600.48,593.1,648.8,614.1266666666667
13012,2023,655.7,639.11,600.48,593.1,610.8966666666666
13012,2025,606.55,,655.7,639.11,
13014,2013,0.0,,,,
13014,2014,46.8,0.0,,,
13014,2015,66.4,46.8,0.0,,
13014,2016,70.4,66.4,46.8,0.0,37.733333333333334
13014,2017,15.0,70.4,66.4,46.8,61.20000000000001
13014,2018,32.0,15.0,70.4,66.4,50.6
13014,2019,50.0,32.0,15.0,70.4,39.13333333333333
13014,2020,52.5,50.0,32.0,15.0,32.333333333333336
13014,2021,49.75,52.5,50.0,32.0,44.833333333333336
13014,2022,77.7,49.75,52.5,50.0,50.75
13014,2023,85.1,77.7,49.75,52.5,59.98333333333333
13014,2025,208.03,,85.1,77.7,
13015,2003,30.0,,,,
13019,2003,60.0,,,,
13019,2004,60.0,60.0,,,
13019,2005,57.0,60.0,60.0,,
13019,2006,42.0,57.0,60.0,60.0,59.0
13019,2007,18.0,42.0,57.0,60.0,53.0
13019,2008,42.0,18.0,42.0,57.0,39.0
13019,2009,35.0,42.0,18.0,42.0,34.0
13019,2010,44.0,35.0,42.0,18.0,31.666666666666668
13019,2011,25.0,44.0,35.0,42.0,40.333333333333336
13019,2012,40.0,25.0,44.0,35.0,34.666666666666664
13019,2013,30.0,40.0,25.0,44.0,36.333333333333336
13019,2014,29.0,30.0,40.0,25.0,31.666666666666668
13019,2015,54.6,29.0,30.0,40.0,33.0
13019,2016,29.34,54.6,29.0,30.0,37.86666666666667
13019,2017,30.0,29.34,54.6,29.0,37.64666666666667
13019,2018,30.6,30.0,29.34,54.6,37.98
13019,2019,31.2,30.6,30.0,29.34,29.98
13019,2020,35.0,31.2,30.6,30.0,30.599999999999998
13019,2021,35.7,35.0,31.2,30.6,32.266666666666666
13019,2022,35.7,35.7,35.0,31.2,33.96666666666667
13019,2023,45.0,35.7,35.7,35.0,35.46666666666667
13019,2025,45.9,,45.0,35.7,
13020,2003,40.0,,,,
13020,2004,40.0,40.0,,,
13020,2005,40.0,40.0,40.0,,
13020,2006,40.0,40.0,40.0,40.0,40.0
13020,2007,40.0,40.0,40.0,40.0,40.0
13020,2008,40.0,40.0,40.0,40.0,40.0
13020,2009,40.0,40.0,40.0,40.0,40.0
13020,2010,35.0,40.0,40.0,40.0,40.0
13020,2011,40.0,35.0,40.0,40.0,38.333333333333336
13020,2012,40.0,40.0,35.0,40.0,38.333333333333336
13020,2013,108.0,40.0,40.0,35.0,38.333333333333336
13020,2014,91.5,108.0,40.0,40.0,62.666666666666664
13020,2015,74.5,91.5,108.0,40.0,79.83333333333333
13020,2016,87.9,74.5,91.5,108.0,91.33333333333333
13020,2017,88.8,87.9,74.5,91.5,84.63333333333334
13020,2018,191.23,88.8,87.9,74.5,83.73333333333333
13020,2019,191.88,191.23,88.8,87.9,122.64333333333333
13020,2020,211.66,191.88,191.23,88.8,157.3033333333333
13020,2021,210.6,211.66,191.88,191.23,198.25666666666666
13020,2022,249.26,210.6,211.66,191.88,204.71333333333334
13020,2023,244.0,249.26,210.6,211.66,223.84
13020,2025,265.36,,244.0,249.26,
13024,2003,408.0,,,,
13024,2004,408.0,408.0,,,
13024,2005,340.0,408.0,408.0,,
13024,2006,408.0,340.0,408.0,408.0,385.3333333333333
13024,2007,408.0,408.0,340.0,408.0,385.3333333333333
13024,2008,374.0,408.0,408.0,340.0,385.3333333333333
13024,2009,438.0,374.0,408.0,408.0,396.6666666666667
13024,2010,391.7,438.0,374.0,408.0,406.6666666666667
13024,2011,600.0,391.7,438.0,374.0,401.23333333333335
13024,2012,637.7,600.0,391.7,438.0,476.56666666666666
13024,2013,608.8,637.7,600.0,391.7,543.1333333333333
13024,2014,948.5,608.8,637.7,600.0,615.5
13024,2015,906.6,948.5,608.8,637.7,731.6666666666666
13024,2016,913.2,906.6,948.5,608.8,821.3000000000001
13024,2017,997.7,913.2,906.6,948.5,922.7666666666668
13024,2018,1067.6,997.7,913.2,906.6,939.1666666666666
13024,2019,1068.3,1067.6,997.7,913.2,992.8333333333334
13024,2020,992.2,1068.3,1067.6,997.7,1044.533333333333
13024,2021,983.9699999999999,992.2,1068.3,1067.6,1042.7
13024,2022,1022.72,983.9699999999999,992.2,1068.3,1014.8233333333333
13024,2023,979.69,1022.72,983.9699999999999,992.2,999.63
13024,2025,1111.03,,979.69,1022.72,
13030,2003,50.0,,,,
13030,2004,30.0,50.0,,,
13030,2005,30.0,30.0,50.0,,
13030,2006,21.0,30.0,30.0,50.0,36.666666666666664
13030,2007,21.0,21.0,30.0,30.0,27.0
13030,2008,30.0,21.0,21.0,30.0,24.0
13030,2009,30.0,30.0,21.0,21.0,24.0
13030,2010,25.0,30.0,30.0,21.0,27.0
13030,2011,24.9,25.0,30.0,30.0,28.333333333333332
13030,2012,26.4,24.9,25.0,30.0,26.633333333333336
13030,2013,30.6,26.4,24.9,25.0,25.433333333333334
13030,2014,27.0,30.6,26.4,24.9,27.3
13030,2015,27.3,27.0,30.6,26.4,28.0
13030,2016,27.6,27.3,27.0,30.6,28.3
13030,2017,18.8,27.6,27.3,27.0,27.3
13030,2018,19.4,18.8,27.6,27.3,24.566666666666666
13030,2019,19.0,19.4,18.8,27.6,21.933333333333337
13030,2020,19.6,19.0,19.4,18.8,19.066666666666666
13030,2021,19.4,19.6,19.0,19.4,19.333333333333332
13030,2022,19.8,19.4,19.6,19.0,19.333333333333332
13030,2023,29.55,19.8,19.4,19.6,19.599999999999998
13030,2025,26.0,,29.55,19.8,
13031,2003,225.0,,,,
13031,2004,212.5,225.0,,,
13031,2005,200.0,212.5,225.0,,
13031,2006,225.0,200.0,212.5,225.0,212.5
13031,2007,245.0,225.0,200.0,212.5,212.5
13031,2008,182.5,245.0,225.0,200.0,223.33333333333334
13031,2009,117.5,182.5,245.0,225.0,217.5
13031,2010,114.5,117.5,182.5,245.0,181.66666666666666
13031,2011,120.0,114.5,117.5,182.5,138.16666666666666
13031,2012,137.5,120.0,114.5,117.5,117.33333333333333
13031,2013,121.5,137.5,120.0,114.5,124.0
13031,2014,131.0,121.5,137.5,120.0,126.33333333333333
13031,2015,103.5,131.0,121.5,137.5,130.0
13031,2016,110.55,103.5,131.0,121.5,118.66666666666667
13031,2017,124.84,110.55,103.5,131.0,115.01666666666667
13031,2018,117.05,124.84,110.55,103.5,112.96333333333332
13031,2019,117.15,117.05,124.84,110.55,117.48
13031,2020,90.96000000000001,117.15,117.05,124.84,119.67999999999999
13031,2021,90.76,90.96000000000001,117.15,117.05,108.38666666666667
13031,2022,85.2,90.76,90.96000000000001,117.15,99.62333333333333
13031,2023,73.8,85.2,90.76,90.96000000000001,88.97333333333334
13031,2025,54.510000000000005,,73.8,85.2,
13034,2016,0.0,,,,
13034,2017,0.0,0.0,,,
13034,2018,0.0,0.0,0.0,,
13034,2019,0.0,0.0,0.0,0.0,0.0
13034,2020,13.9,0.0,0.0,0.0,0.0
13034,2021,11.2,13.9,0.0,0.0,4.633333333333334
13034,2022,12.4,11.2,13.9,0.0,8.366666666666667
13034,2023,13.6,12.4,11.2,13.9,12.5
13034,2025,47.1,,13.6,12.4,
13036,2003,660.0,,,,
13036,2004,660.0,660.0,,,
13036,2005,660.0,660.0,660.0,,
13036,2006,660.0,660.0,660.0,660.0,660.0
13036,2007,660.0,660.0,660.0,660.0,660.0
13036,2008,660.0,660.0,660.0,660.0,660.0
13036,2009,660.0,660.0,660.0,660.0,660.0
13036,2010,440.0,660.0,660.0,660.0,660.0
13036,2011,660.0,440.0,660.0,660.0,586.6666666666666
13036,2012,660.0,660.0,440.0,660.0,586.6666666666666
13036,2013,470.0,660.0,660.0,440.0,586.6666666666666
13036,2014,699.6,470.0,660.0,660.0,596.6666666666666
13036,2015,632.28,699.6,470.0,660.0,609.8666666666667
13036,2016,673.2,632.28,699.6,470.0,600.6266666666667
13036,2017,678.2,673.2,632.28,699.6,668.36
13036,2018,666.6,678.2,673.2,632.28,661.2266666666668
13036,2019,667.04,666.6,678.2,673.2,672.6666666666666
13036,2020,660.0,667.04,666.6,678.2,670.6133333333333
13036,2021,663.3,660.0,667.04,666.6,664.5466666666666
13036,2022,722.4,663.3,660.0,667.04,663.4466666666666
13036,2023,738.0,722.4,663.3,660.0,681.9
13036,2025,793.6,,738.0,722.4,
13037,2003,120.0,,,,
13037,2004,120.0,120.0,,,
13037,2005,120.0,120.0,120.0,,
13037,2006,120.0,120.0,120.0,120.0,120.0
13037,2007,120.0,120.0,120.0,120.0,120.0
13037,2008,120.0,120.0,120.0,120.0,120.0
13037,2009,120.0,120.0,120.0,120.0,120.0
13037,2010,140.0,120.0,120.0,120.0,120.0
13037,2011,120.0,140.0,120.0,120.0,126.66666666666667
13037,2012,120.0,120.0,140.0,120.0,126.66666666666667
13037,2013,40.0,120.0,120.0,140.0,126.66666666666667
13037,2014,172.5,40.0,120.0,120.0,93.33333333333333
13037,2015,163.6,172.5,40.0,120.0,110.83333333333333
13037,2016,167.5,163.6,172.5,40.0,125.36666666666667
13037,2017,168.8,167.5,163.6,172.5,167.86666666666667
13037,2018,166.9,168.8,167.5,163.6,166.63333333333333
13037,2019,176.0,166.9,168.8,167.5,167.73333333333332
13037,2020,176.8,176.0,166.9,168.8,170.5666666666667
13037,2021,171.6,176.8,176.0,166.9,173.23333333333335
13037,2022,246.1,171.6,176.8,176.0,174.79999999999998
13037,2023,296.45,246.1,171.6,176.8,198.16666666666666
13037,2025,423.3,,296.45,246.1,
13038,2003,0.0,,,,
13038,2004,0.0,0.0,,,
13038,2005,0.0,0.0,0.0,,
13038,2006,0.0,0.0,0.0,0.0,0.0
13038,2007,0.0,0.0,0.0,0.0,0.0
13038,2008,12.0,0.0,0.0,0.0,0.0
13038,2009,30.0,12.0,0.0,0.0,4.0
13038,2010,62.4,30.0,12.0,0.0,14.0
13038,2011,35.0,62.4,30.0,12.0,34.800000000000004
13038,2012,28.0,35.0,62.4,30.0,42.46666666666667
13038,2013,30.1,28.0,35.0,62.4,41.800000000000004
13038,2014,38.5,30.1,28.0,35.0,31.03333333333333
13038,2015,35.0,38.5,30.1,28.0,32.199999999999996
13038,2016,37.1,35.0,38.5,30.1,34.53333333333333
13038,2017,35.7,37.1,35.0,38.5,36.86666666666667
13038,2018,33.6,35.7,37.1,35.0,35.93333333333333
13038,2019,32.9,33.6,35.7,37.1,35.46666666666667
13038,2020,34.45,32.9,33.6,35.7,34.06666666666667
13038,2021,35.42,34.45,32.9,33.6,33.65
13038,2022,35.7,35.42,34.45,32.9,34.25666666666667
13038,2023,33.95,35.7,35.42,34.45,35.190000000000005
13038,2025,35.7,,33.95,35.7,
13043,2003,52.0,,,,
13043,2004,52.0,52.0,,,
13043,2005,52.0,52.0,52.0,,
13043,2006,52.0,52.0,52.0,52.0,52.0
13043,2007,58.5,52.0,52.0,52.0,52.0
13043,2008,62.4,58.5,52.0,52.0,54.166666666666664
13043,2009,58.5,62.4,58.5,52.0,57.63333333333333
13043,2010,58.5,58.5,62.4,58.5,59.800000000000004
13043,2011,52.0,58.5,58.5,62.4,59.800000000000004
13043,2012,56.03,52.0,58.5,58.5,56.333333333333336
13043,2013,56.0,56.03,52.0,58.5,55.51
13043,2014,67.2,56.0,56.03,52.0,54.67666666666667
13043,2015,64.68,67.2,56.0,56.03,59.74333333333333
13043,2016,56.0,64.68,67.2,56.0,62.626666666666665
13043,2017,63.14,56.0,64.68,67.2,62.626666666666665
13043,2018,64.82,63.14,56.0,64.68,61.27333333333333
13043,2019,58.8,64.82,63.14,56.0,61.31999999999999
13043,2020,154.71,58.8,64.82,63.14,62.25333333333333
13043,2021,170.2,154.71,58.8,64.82,92.77666666666666
13043,2022,170.2,170.2,154.71,58.8,127.90333333333335
13043,2023,166.18,170.2,170.2,154.71,165.03666666666666
13043,2025,350.0,,166.18,170.2,
13047,2013,0.0,,,,
13047,2014,0.0,0.0,,,
13047,2015,0.0,0.0,0.0,,
13047,2016,0.0,0.0,0.0,0.0,0.0
13047,2017,30.6,0.0,0.0,0.0,0.0
13047,2018,38.4,30.6,0.0,0.0,10.200000000000001
13047,2019,36.0,38.4,30.6,0.0,23.0
13047,2020,28.2,36.0,38.4,30.6,35.0
13047,2021,32.0,28.2,36.0,38.4,34.2
13047,2022,32.0,32.0,28.2,36.0,32.06666666666667
13047,2023,57.2,32.0,32.0,28.2,30.733333333333334
13047,2025,41.0,,57.2,32.0,
13053,2016,43.5,,,,
13053,2017,45.0,43.5,,,
13053,2018,64.5,45.0,43.5,,
13053,2019,66.0,64.5,45.0,43.5,51.0
13053,2020,61.5,66.0,64.5,45.0,58.5
13053,2021,238.5,61.5,66.0,64.5,64.0
13053,2022,206.7,238.5,61.5,66.0,122.0
13053,2023,210.94,206.7,238.5,61.5,168.9
13053,2025,428.61,,210.94,206.7,
13059,2003,110.0,,,,
13059,2004,88.0,110.0,,,
13059,2005,110.0,88.0,110.0,,
13059,2006,110.0,110.0,88.0,110.0,102.66666666666667
13059,2007,118.8,110.0,110.0,88.0,102.66666666666667
13059,2008,105.6,118.8,110.0,110.0,112.93333333333334
13059,2009,88.0,105.6,118.8,110.0,111.46666666666665
13059,2010,105.6,88.0,105.6,118.8,104.13333333333333
13059,2011,110.4,105.6,88.0,105.6,99.73333333333333
13059,2012,154.1,110.4,105.6,88.0,101.33333333333333
13059,2013,167.9,154.1,110.4,105.6,123.36666666666667
13059,2014,163.3,167.9,154.1,110.4,144.13333333333333
13059,2015,146.28,163.3,167.9,154.1,161.76666666666668
13059,2016,140.3,146.28,163.3,167.9,159.16
13059,2017,170.66,140.3,146.28,163.3,149.96
13059,2018,171.35,170.66,140.3,146.28,152.41333333333333
13059,2019,170.89,171.35,170.66,140.3,160.77
13059,2020,125.61,170.89,171.35,170.66,170.96666666666667
13059,2021,129.6,125.61,170.89,171.35,155.95000000000002
13059,2022,129.6,129.6,125.61,170.89,142.03333333333333
13059,2023,115.2,129.6,129.6,125.61,128.26999999999998
13059,2025,114.7,,115.2,129.6,
13060,2016,0.0,,,,
13060,2017,0.0,0.0,,,
13060,2018,0.0,0.0,0.0,,
13060,2019,0.0,0.0,0.0,0.0,0.0
13060,2020,0.0,0.0,0.0,0.0,0.0
13060,2021,48.0,0.0,0.0,0.0,0.0
13060,2022,40.9,48.0,0.0,0.0,16.0
13060,2023,41.7,40.9,48.0,0.0,29.633333333333336
13060,2025,117.75,,41.7,40.9,
13062,2015,0.0,,,,
13062,2016,0.0,0.0,,,
13062,2017,0.0,0.0,0.0,,
13062,2018,0.0,0.0,0.0,0.0,0.0
13062,2019,18.0,0.0,0.0,0.0,0.0
13062,2020,35.5,18.0,0.0,0.0,6.0
13062,2021,30.0,35.5,18.0,0.0,17.833333333333332
13062,2022,126.0,30.0,35.5,18.0,27.833333333333332
13062,2023,135.0,126.0,30.0,35.5,63.833333333333336
13062,2025,510.25,,135.0,126.0,
13068,2013,0.0,,,,
13068,2014,0.0,0.0,,,
13068,2015,0.0,0.0,0.0,,
13068,2016,0.0,0.0,0.0,0.0,0.0
13068,2017,0.0,0.0,0.0,0.0,0.0
13068,2018,0.0,0.0,0.0,0.0,0.0
13068,2019,0.0,0.0,0.0,0.0,0.0
13068,2020,0.0,0.0,0.0,0.0,0.0
13068,2021,0.0,0.0,0.0,0.0,0.0
13068,2022,36.6,0.0,0.0,0.0,0.0
13068,2023,45.75,36.6,0.0,0.0,12.200000000000001
13068,2025,133.45,,45.75,36.6,
13071,2003,12.0,,,,
13071,2004,12.0,12.0,,,
13071,2005,12.0,12.0,12.0,,
13071,2006,12.0,12.0,12.0,12.0,12.0
13071,2007,12.0,12.0,12.0,12.0,12.0
13071,2008,12.0,12.0,12.0,12.0,12.0
13071,2009,12.0,12.0,12.0,12.0,12.0
13071,2010,10.5,12.0,12.0,12.0,12.0
13071,2011,12.0,10.5,12.0,12.0,11.5
13071,2012,12.3,12.0,10.5,12.0,11.5
13071,2013,13.8,12.3,12.0,10.5,11.6
13071,2014,10.95,13.8,12.3,12.0,12.700000000000001
13071,2015,20.85,10.95,13.8,12.3,12.35
13071,2016,22.7,20.85,10.95,13.8,15.200000000000001
13071,2017,24.2,22.7,20.85,10.95,18.166666666666668
13071,2018,37.7,24.2,22.7,20.85,22.583333333333332
13071,2019,38.0,37.7,24.2,22.7,28.200000000000003
13071,2020,39.11,38.0,37.7,24.2,33.300000000000004
13071,2021,39.83,39.11,38.0,37.7,38.27
13071,2022,62.15,39.83,39.11,38.0,38.98
13071,2023,65.4,62.15,39.83,39.11,47.03
13071,2025,55.5,,65.4,62.15,
13073,2013,0.0,,,,
13073,2014,2.05,0.0,,,
13073,2015,3.8,2.05,0.0,,
13073,2016,0.0,3.8,2.05,0.0,1.95
13073,2017,4.1,0.0,3.8,2.05,1.95
13073,2018,0.0,4.1,0.0,3.8,2.6333333333333333
13073,2019,0.0,0.0,4.1,0.0,1.3666666666666665
13073,2020,0.0,0.0,0.0,4.1,1.3666666666666665
13073,2021,0.0,0.0,0.0,0.0,0.0
13073,2022,20.0,0.0,0.0,0.0,0.0
13073,2023,24.8,20.0,0.0,0.0,6.666666666666667
13073,2025,125.6,,24.8,20.0,
13081,2015,0.0,,,,
13081,2016,0.0,0.0,,,
13081,2017,0.0,0.0,0.0,,
13081,2018,0.0,0.0,0.0,0.0,0.0
13081,2019,0.0,0.0,0.0,0.0,0.0
13081,2020,0.0,0.0,0.0,0.0,0.0
13081,2021,0.0,0.0,0.0,0.0,0.0
13081,2022,17.08,0.0,0.0,0.0,0.0
13081,2023,22.05,17.08,0.0,0.0,5.6933333333333325
13081,2025,70.65,,22.05,17.08,
13084,2003,230.0,,,,
13084,2004,230.0,230.0,,,
13084,2005,205.0,230.0,230.0,,
13084,2006,180.0,205.0,230.0,230.0,221.66666666666666
13084,2007,188.0,180.0,205.0,230.0,205.0
13084,2008,87.0,188.0,180.0,205.0,191.0
13084,2009,70.0,87.0,188.0,180.0,151.66666666666666
13084,2010,67.5,70.0,87.0,188.0,115.0
13084,2011,70.0,67.5,70.0,87.0,74.83333333333333
13084,2012,81.15,70.0,67.5,70.0,69.16666666666667
13084,2013,71.25,81.15,70.0,67.5,72.88333333333334
13084,2014,68.0,71.25,81.15,70.0,74.13333333333334
13084,2015,49.6,68.0,71.25,81.15,73.46666666666667
13084,2016,52.5,49.6,68.0,71.25,62.949999999999996
13084,2017,57.8,52.5,49.6,68.0,56.699999999999996
13084,2018,58.5,57.8,52.5,49.6,53.300000000000004
13084,2019,58.4,58.5,57.8,52.5,56.26666666666667
13084,2020,43.0,58.4,58.5,57.8,58.23333333333333
13084,2021,33.6,43.0,58.4,58.5,53.29999999999999
13084,2022,37.0,33.6,43.0,58.4,45.0
13084,2023,41.089999999999996,37.0,33.6,43.0,37.86666666666667
13084,2025,60.699999999999996,,41.089999999999996,37.0,
14001,2012,0.0,,,,
14001,2013,493.0,0.0,,,
14001,2014,348.0,493.0,0.0,,
14001,2015,631.38,348.0,493.0,0.0,280.3333333333333
14001,2016,904.8,631.38,348.0,493.0,490.79333333333335
14001,2017,1222.64,904.8,631.38,348.0,628.06
14001,2018,1435.27,1222.64,904.8,631.38,919.6066666666667
14001,2019,1564.8,1435.27,1222.64,904.8,1187.57
14001,2020,1450.0,1564.8,1435.27,1222.64,1407.57
14001,2021,1613.36,1450.0,1564.8,1435.27,1483.3566666666666
14001,2022,1619.38,1613.36,1450.0,1564.8,1542.72
14001,2023,1580.85,1619.38,1613.36,1450.0,1560.9133333333332
14001,2025,1590.24,,1580.85,1619.38,
14002,2003,8.0,,,,
14002,2004,5.0,8.0,,,
14002,2005,4.44,5.0,8.0,,
14002,2006,9.62,4.44,5.0,8.0,5.8133333333333335
14002,2007,9.26,9.62,4.44,5.0,6.353333333333333
14002,2008,9.36,9.26,9.62,4.44,7.773333333333333
14002,2009,7.0,9.36,9.26,9.62,9.413333333333332
14002,2010,6.66,7.0,9.36,9.26,8.54
14002,2011,5.25,6.66,7.0,9.36,7.673333333333335
14002,2012,9.0,5.25,6.66,7.0,6.303333333333334
14002,2013,5.5,9.0,5.25,6.66,6.97
14002,2014,15.0,5.5,9.0,5.25,6.583333333333333
14002,2015,19.98,15.0,5.5,9.0,9.833333333333334
14002,2016,17.22,19.98,15.0,5.5,13.493333333333334
14002,2017,312.5,17.22,19.98,15.0,17.400000000000002
14002,2018,426.3,312.5,17.22,19.98,116.56666666666666
14002,2019,428.71,426.3,312.5,17.22,252.00666666666666
14002,2020,432.56,428.71,426.3,312.5,389.17
14002,2021,427.5,432.56,428.71,426.3,429.19
14002,2022,428.01,427.5,432.56,428.71,429.59
14002,2023,429.0,428.01,427.5,432.56,429.3566666666666
14002,2025,429.0,,429.0,428.01,
14003,2013,0.0,,,,
14003,2014,70.0,0.0,,,
14003,2015,476.1,70.0,0.0,,
14003,2016,533.5,476.1,70.0,0.0,182.03333333333333
14003,2017,660.3,533.5,476.1,70.0,359.8666666666666
14003,2018,702.25,660.3,533.5,476.1,556.6333333333333
14003,2019,730.6,702.25,660.3,533.5,632.0166666666668
14003,2020,747.5,730.6,702.25,660.3,697.7166666666667
14003,2021,758.55,747.5,730.6,702.25,726.7833333333333
14003,2022,764.4,758.55,747.5,730.6,745.5499999999998
14003,2023,728.28,764.4,758.55,747.5,756.8166666666666
14003,2025,765.68,,728.28,764.4,
14004,2003,110.0,,,,
14004,2004,110.0,110.0,,,
14004,2005,8.0,110.0,110.0,,
14004,2006,16.0,8.0,110.0,110.0,76.0
14004,2007,8.0,16.0,8.0,110.0,44.666666666666664
14004,2008,18.06,8.0,16.0,8.0,10.666666666666666
14004,2009,18.0,18.06,8.0,16.0,14.020000000000001
14004,2010,18.1,18.0,18.06,8.0,14.686666666666667
14004,2011,9.2,18.1,18.0,18.06,18.05333333333333
14004,2012,9.4,9.2,18.1,18.0,15.1
14004,2013,12.0,9.4,9.2,18.1,12.233333333333334
14004,2014,1062.55,12.0,9.4,9.2,10.200000000000001
14004,2015,1567.98,1062.55,12.0,9.4,361.31666666666666
14004,2016,2187.36,1567.98,1062.55,12.0,880.8433333333332
14004,2017,2240.37,2187.36,1567.98,1062.55,1605.9633333333334
14004,2018,2090.64,2240.37,2187.36,1567.98,1998.57
14004,2019,2811.5,2090.64,2240.37,2187.36,2172.7900000000004
14004,2020,2671.82,2811.5,2090.64,2240.37,2380.8366666666666
14004,2021,2681.21,2671.82,2811.5,2090.64,2524.653333333333
14004,2022,2511.32,2681.21,2671.82,2811.5,2721.5099999999998
14004,2023,2730.1,2511.32,2681.21,2671.82,2621.4500000000003
14004,2025,2852.7,,2730.1,2511.32,
14005,2003,23.0,,,,
14005,2004,40.0,23.0,,,
14005,2005,45.5,40.0,23.0,,
14006,2003,0.0,,,,
14006,2004,15.0,0.0,,,
14006,2005,18.15,15.0,0.0,,
14006,2006,22.5,18.15,15.0,0.0,11.049999999999999
14006,2007,0.0,22.5,18.15,15.0,18.55
14006,2008,30.0,0.0,22.5,18.15,13.549999999999999
14006,2009,63.75,30.0,0.0,22.5,17.5
14006,2010,28.8,63.75,30.0,0.0,31.25
14006,2011,64.8,28.8,63.75,30.0,40.85
14006,2012,180.0,64.8,28.8,63.75,52.449999999999996
14006,2013,360.0,180.0,64.8,28.8,91.2
14006,2014,596.7,360.0,180.0,64.8,201.6
14006,2015,1451.4,596.7,360.0,180.0,378.90000000000003
14006,2016,1455.3,1451.4,596.7,360.0,802.7000000000002
14006,2017,1493.8,1455.3,1451.4,596.7,1167.8
14006,2018,1518.0,1493.8,1455.3,1451.4,1466.8333333333333
14006,2019,1478.4,1518.0,1493.8,1455.3,1489.0333333333335
14006,2020,1517.6,1478.4,1518.0,1493.8,1496.7333333333333
14006,2021,1504.16,1517.6,1478.4,1518.0,1504.6666666666667
14006,2022,1502.62,1504.16,1517.6,1478.4,1500.0533333333333
14006,2023,1460.44,1502.62,1504.16,1517.6,1508.1266666666668
14006,2025,1540.48,,1460.44,1502.62,
14007,2013,0.0,,,,
14007,2014,0.0,0.0,,,
14007,2015,149.7,0.0,0.0,,
14007,2016,208.62,149.7,0.0,0.0,49.9
14007,2017,207.1,208.62,149.7,0.0,119.44
14007,2018,205.1,207.1,208.62,149.7,188.47333333333333
14007,2019,220.78,205.1,207.1,208.62,206.93999999999997
14007,2020,225.91,220.78,205.1,207.1,210.99333333333334
14007,2021,227.43,225.91,220.78,205.1,217.26333333333332
14007,2022,228.32,227.43,225.91,220.78,224.70666666666668
14007,2023,226.1,228.32,227.43,225.91,227.22000000000003
14007,2025,224.39,,226.1,228.32,
14008,2008,0.0,,,,
14008,2009,0.0,0.0,,,
14008,2010,0.0,0.0,0.0,,
14008,2011,0.0,0.0,0.0,0.0,0.0
14008,2012,0.0,0.0,0.0,0.0,0.0
14008,2013,2704.5,0.0,0.0,0.0,0.0
14008,2014,2809.6,2704.5,0.0,0.0,901.5
14008,2015,1445.28,2809.6,2704.5,0.0,1838.0333333333335
14008,2016,1560.0,1445.28,2809.6,2704.5,2319.7933333333335
14008,2017,1676.6,1560.0,1445.28,2809.6,1938.2933333333333
14008,2018,2054.4,1676.6,1560.0,1445.28,1560.6266666666668
14008,2019,2354.0,2054.4,1676.6,1560.0,1763.6666666666667
14008,2020,3154.0,2354.0,2054.4,1676.6,2028.3333333333333
14008,2021,3555.2,3154.0,2354.0,2054.4,2520.7999999999997
14008,2022,3652.4,3555.2,3154.0,2354.0,3021.066666666667
14008,2023,3645.24,3652.4,3555.2,3154.0,3453.866666666667
14008,2025,3700.19,,3645.24,3652.4,
14009,2003,136.0,,,,
14009,2004,86.02,136.0,,,
14009,2005,136.0,86.02,136.0,,
14009,2006,102.0,136.0,86.02,136.0,119.33999999999999
14009,2007,102.0,102.0,136.0,86.02,108.00666666666666
14009,2008,136.0,102.0,102.0,136.0,113.33333333333333
14009,2009,127.5,136.0,102.0,102.0,113.33333333333333
14009,2010,59.4,127.5,136.0,102.0,121.83333333333333
14009,2011,68.0,59.4,127.5,136.0,107.63333333333333
14009,2012,168.0,68.0,59.4,127.5,84.96666666666667
14009,2013,204.0,168.0,68.0,59.4,98.46666666666665
14009,2014,294.4,204.0,168.0,68.0,146.66666666666666
14009,2015,460.5,294.4,204.0,168.0,222.13333333333333
14009,2016,411.95,460.5,294.4,204.0,319.6333333333333
14009,2017,517.0,411.95,460.5,294.4,388.95
14009,2018,520.0,517.0,411.95,460.5,463.1499999999999
14009,2019,557.15,520.0,517.0,411.95,482.9833333333333
14009,2020,634.7,557.15,520.0,517.0,531.3833333333333
14009,2021,636.35,634.7,557.15,520.0,570.6166666666667
14009,2022,637.56,636.35,634.7,557.15,609.4
14009,2023,596.75,637.56,636.35,634.7,636.2033333333333
14009,2025,605.28,,596.75,637.56,
14011,2009,0.0,,,,
14011,2010,0.0,0.0,,,
14011,2011,0.0,0.0,0.0,,
14011,2012,0.0,0.0,0.0,0.0,0.0
14011,2013,266.8,0.0,0.0,0.0,0.0
14011,2014,325.0,266.8,0.0,0.0,88.93333333333334
14011,2015,642.03,325.0,266.8,0.0,197.26666666666665
14011,2016,897.6,642.03,325.0,266.8,411.27666666666664
14011,2017,1102.0,897.6,642.03,325.0,621.5433333333334
14011,2018,1310.04,1102.0,897.6,642.03,880.5433333333334
14011,2022,910.0,,,,
14011,2023,1270.75,910.0,,,
14011,2025,910.0,,1270.75,910.0,
14012,2008,99.0,,,,
14012,2009,249.0,99.0,,,
14012,2010,39.93,249.0,99.0,,
14012,2011,0.0,39.93,249.0,99.0,129.31
14012,2012,11.0,0.0,39.93,249.0,96.31
14012,2013,16.0,11.0,0.0,39.93,16.976666666666667
14012,2014,189.0,16.0,11.0,0.0,9.0
14012,2015,224.7,189.0,16.0,11.0,72.0
14012,2016,120.78,224.7,189.0,16.0,143.23333333333332
14012,2017,123.42,120.78,224.7,189.0,178.16
14012,2018,235.06,123.42,120.78,224.7,156.29999999999998
14012,2019,953.6,235.06,123.42,120.78,159.75333333333333
14012,2020,1256.85,953.6,235.06,123.42,437.35999999999996
14012,2021,1265.25,1256.85,953.6,235.06,815.17
14012,2022,1276.8,1265.25,1256.85,953.6,1158.5666666666666
14012,2023,1281.0,1276.8,1265.25,1256.85,1266.3
14012,2025,1278.9,,1281.0,1276.8,
14013,2003,335.0,,,,
14013,2004,346.0,335.0,,,
14013,2005,345.0,346.0,335.0,,
14013,2006,340.0,345.0,346.0,335.0,342.0
14013,2007,420.0,340.0,345.0,346.0,343.6666666666667
14013,2008,264.0,420.0,340.0,345.0,368.3333333333333
14013,2009,367.0,264.0,420.0,340.0,341.3333333333333
14013,2010,380.0,367.0,264.0,420.0,350.3333333333333
14013,2011,568.0,380.0,367.0,264.0,337.0
14013,2012,723.0,568.0,380.0,367.0,438.3333333333333
14013,2013,2067.0,723.0,568.0,380.0,557.0
14013,2014,2964.5,2067.0,723.0,568.0,1119.3333333333333
14013,2015,1694.0,2964.5,2067.0,723.0,1918.1666666666667
14013,2016,1875.5,1694.0,2964.5,2067.0,2241.8333333333335
14013,2017,3892.15,1875.5,1694.0,2964.5,2178.0
14013,2018,4559.4,3892.15,1875.5,1694.0,2487.2166666666667
14013,2019,4539.0,4559.4,3892.15,1875.5,3442.35
14013,2020,4643.55,4539.0,4559.4,3892.15,4330.183333333333
14013,2021,4921.5,4643.55,4539.0,4559.4,4580.650000000001
14013,2022,4962.3,4921.5,4643.55,4539.0,4701.349999999999
14013,2023,5457.0,4962.3,4921.5,4643.55,4842.45
14013,2025,5404.0,,5457.0,4962.3,
14014,2003,18.0,,,,
14014,2004,19.0,18.0,,,
14014,2005,19.0,19.0,18.0,,
14014,2006,16.0,19.0,19.0,18.0,18.666666666666668
14014,2007,16.0,16.0,19.0,19.0,18.0
14014,2008,26.0,16.0,16.0,19.0,17.0
14014,2009,30.0,26.0,16.0,16.0,19.333333333333332
14014,2010,30.4,30.0,26.0,16.0,24.0
14014,2011,9.2,30.4,30.0,26.0,28.8
14014,2012,9.0,9.2,30.4,30.0,23.2
14014,2013,23.0,9.0,9.2,30.4,16.2
14014,2014,1980.0,23.0,9.0,9.2,13.733333333333334
14014,2015,3075.84,1980.0,23.0,9.0,670.6666666666666
14014,2016,3478.49,3075.84,1980.0,23.0,1692.9466666666667
14014,2017,3905.47,3478.49,3075.84,1980.0,2844.7766666666666
14014,2018,3726.91,3905.47,3478.49,3075.84,3486.6
14014,2019,4865.7,3726.91,3905.47,3478.49,3703.623333333333
14014,2020,4344.08,4865.7,3726.91,3905.47,4166.026666666667
14014,2021,4328.74,4344.08,4865.7,3726.91,4312.2300000000005
14014,2022,5006.82,4328.74,4344.08,4865.7,4512.84
14014,2023,5366.5,5006.82,4328.74,4344.08,4559.88
14014,2025,5802.92,,5366.5,5006.82,
14015,2003,80.0,,,,
14015,2004,80.0,80.0,,,
14015,2005,64.0,80.0,80.0,,
14015,2006,64.0,64.0,80.0,80.0,74.66666666666667
14015,2007,279.5,64.0,64.0,80.0,69.33333333333333
14015,2008,700.0,279.5,64.0,64.0,135.83333333333334
14015,2009,909.45,700.0,279.5,64.0,347.8333333333333
14015,2010,824.31,909.45,700.0,279.5,629.65
14015,2011,1203.75,824.31,909.45,700.0,811.2533333333334
14015,2012,1436.55,1203.75,824.31,909.45,979.1700000000001
14015,2013,348.4,1436.55,1203.75,824.31,1154.87
14015,2014,525.3,348.4,1436.55,1203.75,996.2333333333332
14015,2015,210.0,525.3,348.4,1436.55,770.0833333333334
14015,2016,317.25,210.0,525.3,348.4,361.2333333333333
14015,2017,313.9,317.25,210.0,525.3,350.84999999999997
14015,2018,651.2,313.9,317.25,210.0,280.3833333333333
14015,2019,547.32,651.2,313.9,317.25,427.45
14015,2020,705.22,547.32,651.2,313.9,504.14000000000004
14015,2021,777.0,705.22,547.32,651.2,634.58
14015,2022,799.2,777.0,705.22,547.32,676.5133333333333
14015,2023,822.88,799.2,777.0,705.22,760.4733333333334
14015,2025,771.82,,822.88,799.2,
14016,2008,117.0,,,,
14016,2009,61.0,117.0,,,
14016,2010,86.0,61.0,117.0,,
14016,2011,75.0,86.0,61.0,117.0,88.0
14016,2012,486.0,75.0,86.0,61.0,74.0
14016,2013,670.0,486.0,75.0,86.0,215.66666666666666
14016,2014,1274.0,670.0,486.0,75.0,410.3333333333333
14016,2015,1372.0,1274.0,670.0,486.0,810.0
14016,2016,1244.82,1372.0,1274.0,670.0,1105.3333333333333
14016,2017,1476.62,1244.82,1372.0,1274.0,1296.9399999999998
14016,2018,1577.62,1476.62,1244.82,1372.0,1364.4799999999998
14016,2019,1864.4,1577.62,1476.62,1244.82,1433.0199999999998
14016,2020,2812.04,1864.4,1577.62,1476.62,1639.5466666666669
14016,2021,2853.34,2812.04,1864.4,1577.62,2084.686666666667
14016,2022,3131.02,2853.34,2812.04,1864.4,2509.9266666666667
14016,2023,3442.52,3131.02,2853.34,2812.04,2932.133333333333
14016,2025,3218.97,,3442.52,3131.02,
14017,2007,0.0,,,,
14017,2008,6.0,0.0,,,
14017,2009,64.5,6.0,0.0,,
14017,2010,26.0,64.5,6.0,0.0,23.5
14017,2011,79.0,26.0,64.5,6.0,32.166666666666664
14017,2012,136.2,79.0,26.0,64.5,56.5
14017,2013,132.0,136.2,79.0,26.0,80.39999999999999
14017,2014,139.0,132.0,136.2,79.0,115.73333333333333
14017,2015,135.9,139.0,132.0,136.2,135.73333333333332
14017,2016,296.0,135.9,139.0,132.0,135.63333333333333
14017,2017,254.5,296.0,135.9,139.0,190.29999999999998
14017,2018,270.0,254.5,296.0,135.9,228.79999999999998
14017,2019,257.87,270.0,254.5,296.0,273.5
14017,2020,264.66999999999996,257.87,270.0,254.5,260.79
14017,2021,263.97,264.66999999999996,257.87,270.0,264.18
14017,2022,261.18,263.97,264.66999999999996,257.87,262.17
14017,2023,273.33,261.18,263.97,264.66999999999996,263.2733333333333
14017,2025,278.61,,273.33,261.18,
14018,2008,0.0,,,,
14018,2009,0.0,0.0,,,
14018,2010,0.0,0.0,0.0,,
14018,2011,0.0,0.0,0.0,0.0,0.0
14018,2012,0.0,0.0,0.0,0.0,0.0
14018,2013,0.1,0.0,0.0,0.0,0.0
14018,2014,140.0,0.1,0.0,0.0,0.03333333333333333
14018,2015,330.75,140.0,0.1,0.0,46.699999999999996
14018,2016,330.0,330.75,140.0,0.1,156.95000000000002
14018,2017,462.7,330.0,330.75,140.0,266.9166666666667
14018,2018,432.25,462.7,330.0,330.75,374.48333333333335
14018,2019,481.0,432.25,462.7,330.0,408.31666666666666
14018,2020,491.99,481.0,432.25,462.7,458.65000000000003
14018,2021,648.24,491.99,481.0,432.25,468.41333333333336
14018,2022,663.1,648.24,491.99,481.0,540.41
14018,2023,670.0,663.1,648.24,491.99,601.11
14018,2025,975.6,,670.0,663.1,
14019,2003,48.0,,,,
14019,2004,42.0,48.0,,,
14019,2005,48.0,42.0,48.0,,
14019,2006,45.0,48.0,42.0,48.0,46.0
14019,2007,22.5,45.0,48.0,42.0,45.0
14019,2008,27.0,22.5,45.0,48.0,38.5
14019,2009,24.0,27.0,22.5,45.0,31.5
14019,2010,18.0,24.0,27.0,22.5,24.5
14019,2011,12.0,18.0,24.0,27.0,23.0
14019,2012,8.0,12.0,18.0,24.0,18.0
14019,2013,0.0,8.0,12.0,18.0,12.666666666666666
14020,2003,2.0,,,,
14020,2004,2.0,2.0,,,
14020,2005,10.0,2.0,2.0,,
14020,2006,10.0,10.0,2.0,2.0,4.666666666666667
14020,2007,15.0,10.0,10.0,2.0,7.333333333333333
14020,2008,15.0,15.0,10.0,10.0,11.666666666666666
14020,2009,18.0,15.0,15.0,10.0,13.333333333333334
14020,2010,17.87,18.0,15.0,15.0,16.0
14020,2011,30.0,17.87,18.0,15.0,16.956666666666667
14020,2012,33.0,30.0,17.87,18.0,21.956666666666667
14020,2013,34.2,33.0,30.0,17.87,26.956666666666667
14020,2014,30.0,34.2,33.0,30.0,32.4
14020,2015,104.0,30.0,34.2,33.0,32.4
14020,2016,98.54,104.0,30.0,34.2,56.06666666666666
14020,2017,101.92,98.54,104.0,30.0,77.51333333333334
14020,2018,103.54,101.92,98.54,104.0,101.48666666666668
14020,2019,97.25,103.54,101.92,98.54,101.33333333333333
14020,2020,97.63,97.25,103.54,101.92,100.90333333333335
14020,2021,96.59,97.63,97.25,103.54,99.47333333333331
14020,2022,98.02,96.59,97.63,97.25,97.15666666666668
14020,2023,99.97,98.02,96.59,97.63,97.41333333333334
14020,2025,98.67,,99.97,98.02,
14023,2003,355.5,,,,
14023,2004,216.0,355.5,,,
14023,2005,240.0,216.0,355.5,,
14023,2006,240.0,240.0,216.0,355.5,270.5
14023,2007,2480.0,240.0,240.0,216.0,232.0
14023,2008,1440.0,2480.0,240.0,240.0,986.6666666666666
14023,2009,2400.0,1440.0,2480.0,240.0,1386.6666666666667
14023,2010,9000.0,2400.0,1440.0,2480.0,2106.6666666666665
14023,2011,9000.0,9000.0,2400.0,1440.0,4280.0
14023,2012,15624.0,9000.0,9000.0,2400.0,6800.0
14023,2013,21236.94,15624.0,9000.0,9000.0,11208.0
14023,2014,20953.85,21236.94,15624.0,9000.0,15286.980000000001
14023,2015,24241.02,20953.85,21236.94,15624.0,19271.596666666665
14023,2016,27941.55,24241.02,20953.85,21236.94,22143.936666666665
14023,2017,33938.13,27941.55,24241.02,20953.85,24378.806666666667
14023,2018,38233.469999999994,33938.13,27941.55,24241.02,28706.899999999998
14023,2019,44966.36,38233.469999999994,33938.13,27941.55,33371.049999999996
14023,2020,53374.95,44966.36,38233.469999999994,33938.13,39045.986666666664
14023,2021,54804.41,53374.95,44966.36,38233.469999999994,45524.926666666666
14023,2022,69736.19,54804.41,53374.95,44966.36,51048.573333333334
14023,2023,64899.5,69736.19,54804.41,53374.95,59305.18333333334
14023,2025,73229.5,,64899.5,69736.19,
14024,2015,417.76,,,,
14024,2016,726.07,417.76,,,
14024,2017,763.1,726.07,417.76,,
14024,2018,770.2,763.1,726.07,417.76,635.6433333333333
14024,2019,768.3,770.2,763.1,726.07,753.1233333333333
14024,2020,809.25,768.3,770.2,763.1,767.1999999999999
14024,2021,774.8,809.25,768.3,770.2,782.5833333333334
14024,2022,776.28,774.8,809.25,768.3,784.1166666666667
14024,2023,780.0,776.28,774.8,809.25,786.7766666666666
14024,2025,774.8,,780.0,776.28,
14025,2003,8.0,,,,
14025,2004,6.0,8.0,,,
14025,2005,5.0,6.0,8.0,,
14025,2006,8.0,5.0,6.0,8.0,6.333333333333333
14025,2007,0.0,8.0,5.0,6.0,6.333333333333333
14026,2005,158.0,,,,
14026,2006,158.0,158.0,,,
14026,2007,321.0,158.0,158.0,,
14026,2008,779.85,321.0,158.0,158.0,212.33333333333334
14026,2009,1813.3,779.85,321.0,158.0,419.6166666666666
14026,2010,1834.3,1813.3,779.85,321.0,971.3833333333333
14026,2011,2048.4,1834.3,1813.3,779.85,1475.8166666666666
14026,2012,5284.5,2048.4,1834.3,1813.3,1898.6666666666667
14026,2013,4945.0,5284.5,2048.4,1834.3,3055.7333333333336
14026,2014,6591.92,4945.0,5284.5,2048.4,4092.633333333333
14026,2015,7106.679999999999,6591.92,4945.0,5284.5,5607.139999999999
14026,2016,10697.130000000001,7106.679999999999,6591.92,4945.0,6214.533333333333
14026,2017,11168.51,10697.130000000001,7106.679999999999,6591.92,8131.91
14026,2018,12563.669999999998,11168.51,10697.130000000001,7106.679999999999,9657.44
14026,2019,13524.310000000001,12563.669999999998,11168.51,10697.130000000001,11476.436666666666
14026,2020,14138.189999999999,13524.310000000001,12563.669999999998,11168.51,12418.83
14026,2021,15391.619999999999,14138.189999999999,13524.310000000001,12563.669999999998,13408.723333333333
14026,2022,18495.85,15391.619999999999,14138.189999999999,13524.310000000001,14351.373333333331
14026,2023,19395.739999999998,18495.85,15391.619999999999,14138.189999999999,16008.553333333331
14026,2025,20396.760000000002,,19395.739999999998,18495.85,
14027,2006,12.0,,,,
14027,2007,42.0,12.0,,,
14027,2008,27.5,42.0,12.0,,
14027,2009,41.8,27.5,42.0,12.0,27.166666666666668
14027,2010,90.0,41.8,27.5,42.0,37.1
14027,2011,62.5,90.0,41.8,27.5,53.1
14027,2012,112.0,62.5,90.0,41.8,64.76666666666667
14027,2013,182.0,112.0,62.5,90.0,88.16666666666667
14027,2014,423.5,182.0,112.0,62.5,118.83333333333333
14027,2015,564.88,423.5,182.0,112.0,239.16666666666666
14027,2016,676.24,564.88,423.5,182.0,390.1266666666667
14027,2017,812.13,676.24,564.88,423.5,554.8733333333333
14027,2018,868.84,812.13,676.24,564.88,684.4166666666666
14027,2019,1081.0,868.84,812.13,676.24,785.7366666666667
14027,2020,1145.7,1081.0,868.84,812.13,920.6566666666668
14027,2021,985.5,1145.7,1081.0,868.84,1031.8466666666666
14027,2022,1078.9,985.5,1145.7,1081.0,1070.7333333333333
14027,2023,1015.2,1078.9,985.5,1145.7,1070.0333333333335
14027,2025,1035.0,,1015.2,1078.9,
14030,2019,0.0,,,,
14030,2020,47.0,0.0,,,
14030,2021,47.55,47.0,0.0,,
14030,2022,47.82,47.55,47.0,0.0,31.516666666666666
14030,2023,52.59,47.82,47.55,47.0,47.45666666666667
14030,2025,161.46,,52.59,47.82,
14031,2003,8.0,,,,
14031,2004,8.0,8.0,,,
14031,2005,8.0,8.0,8.0,,
14031,2006,7.5,8.0,8.0,8.0,8.0
14031,2007,7.8,7.5,8.0,8.0,7.833333333333333
14031,2008,8.5,7.8,7.5,8.0,7.766666666666667
14031,2009,8.0,8.5,7.8,7.5,7.933333333333334
14031,2010,8.3,8.0,8.5,7.8,8.1
14031,2011,7.2,8.3,8.0,8.5,8.266666666666667
14031,2012,8.0,7.2,8.3,8.0,7.833333333333333
14031,2013,6.3,8.0,7.2,8.3,7.833333333333333
14031,2014,0.0,6.3,8.0,7.2,7.166666666666667
14032,2005,8.0,,,,
14032,2006,8.0,8.0,,,
14032,2007,30.0,8.0,8.0,,
14032,2008,31.5,30.0,8.0,8.0,15.333333333333334
14032,2009,45.0,31.5,30.0,8.0,23.166666666666668
14032,2010,49.5,45.0,31.5,30.0,35.5
14032,2011,339.3,49.5,45.0,31.5,42.0
14032,2012,299.0,339.3,49.5,45.0,144.6
14032,2013,1812.67,299.0,339.3,49.5,229.26666666666665
14032,2014,1579.85,1812.67,299.0,339.3,816.9900000000001
14032,2015,1829.3,1579.85,1812.67,299.0,1230.5066666666664
14032,2016,1827.64,1829.3,1579.85,1812.67,1740.6066666666666
14032,2017,1912.45,1827.64,1829.3,1579.85,1745.5966666666666
14032,2018,1829.3,1912.45,1827.64,1829.3,1856.4633333333334
14032,2019,776.92,1829.3,1912.45,1827.64,1856.4633333333334
14032,2020,689.44,776.92,1829.3,1912.45,1506.2233333333334
14032,2021,571.02,689.44,776.92,1829.3,1098.5533333333333
14032,2022,591.36,571.02,689.44,776.92,679.1266666666667
14032,2023,585.9,591.36,571.02,689.44,617.2733333333333
14032,2025,1958.55,,585.9,591.36,
14033,2010,74.0,,,,
14033,2011,67.0,74.0,,,
14033,2012,375.0,67.0,74.0,,
14033,2013,354.0,375.0,67.0,74.0,172.0
14033,2014,665.0,354.0,375.0,67.0,265.3333333333333
14033,2015,570.0,665.0,354.0,375.0,464.6666666666667
14033,2016,572.0,570.0,665.0,354.0,529.6666666666666
14033,2017,580.8,572.0,570.0,665.0,602.3333333333334
14033,2018,1404.0,580.8,572.0,570.0,574.2666666666667
14033,2019,1490.0,1404.0,580.8,572.0,852.2666666666668
14033,2020,4216.0,1490.0,1404.0,580.8,1158.2666666666667
14033,2021,4526.0,4216.0,1490.0,1404.0,2370.0
14033,2022,4570.64,4526.0,4216.0,1490.0,3410.6666666666665
14033,2023,5118.72,4570.64,4526.0,4216.0,4437.546666666666
14033,2025,4599.0,,5118.72,4570.64,
14036,2013,0.0,,,,
14036,2014,0.0,0.0,,,
14036,2015,83.04,0.0,0.0,,
14036,2016,340.16,83.04,0.0,0.0,27.680000000000003
14036,2017,339.2,340.16,83.04,0.0,141.0666666666667
14036,2018,247.8,339.2,340.16,83.04,254.13333333333335
14036,2019,271.86,247.8,339.2,340.16,309.05333333333334
14036,2020,275.77,271.86,247.8,339.2,286.2866666666667
14036,2021,274.39,275.77,271.86,247.8,265.1433333333334
14036,2022,275.31,274.39,275.77,271.86,274.00666666666666
14036,2023,275.08,275.31,274.39,275.77,275.1566666666667
14036,2025,274.39,,275.08,275.31,
14038,2010,3.3,,,,
14038,2017,0.0,,,,
14038,2018,29.4,0.0,,,
14038,2019,30.36,29.4,0.0,,
14038,2020,34.14,30.36,29.4,0.0,19.919999999999998
14038,2021,55.5,34.14,30.36,29.4,31.3
14038,2022,94.58,55.5,34.14,30.36,40.0
14038,2023,95.0,94.58,55.5,34.14,61.406666666666666
14038,2025,96.0,,95.0,94.58,
14044,2015,96.0,,,,
14044,2016,95.92,96.0,,,
14044,2017,243.36,95.92,96.0,,
14044,2018,257.4,243.36,95.92,96.0,145.09333333333333
14044,2019,266.4,257.4,243.36,95.92,198.89333333333335
14044,2020,330.0,266.4,257.4,243.36,255.72
14044,2021,339.24,330.0,266.4,257.4,284.59999999999997
14044,2022,342.32,339.24,330.0,266.4,311.88
14044,2023,376.42,342.32,339.24,330.0,337.18666666666667
14044,2025,421.44,,376.42,342.32,
14045,2003,156.0,,,,
14045,2004,0.0,156.0,,,
14045,2005,315.0,0.0,156.0,,
14045,2006,55.5,315.0,0.0,156.0,157.0
14045,2007,291.5,55.5,315.0,0.0,123.5
14045,2008,236.0,291.5,55.5,315.0,220.66666666666666
14045,2009,30.0,236.0,291.5,55.5,194.33333333333334
14045,2010,290.55,30.0,236.0,291.5,185.83333333333334
14045,2011,256.6,290.55,30.0,236.0,185.51666666666665
14045,2012,400.0,256.6,290.55,30.0,192.38333333333335
14045,2013,210.0,400.0,256.6,290.55,315.7166666666667
14045,2014,420.0,210.0,400.0,256.6,288.86666666666673
14045,2015,429.0,420.0,210.0,400.0,343.3333333333333
14045,2016,526.85,429.0,420.0,210.0,353.0
14045,2017,519.88,526.85,429.0,420.0,458.6166666666666
14045,2018,524.8,519.88,526.85,429.0,491.91
14045,2019,527.44,524.8,519.88,526.85,523.8433333333332
14045,2020,570.79,527.44,524.8,519.88,524.04
14045,2021,571.78,570.79,527.44,524.8,541.0099999999999
14045,2022,575.0,571.78,570.79,527.44,556.6700000000001
14045,2023,580.65,575.0,571.78,570.79,572.5233333333334
14045,2025,585.06,,580.65,575.0,
14048,2012,0.0,,,,
14048,2013,1061.4,0.0,,,
14048,2014,1134.0,1061.4,0.0,,
14048,2015,813.5,1134.0,1061.4,0.0,731.8000000000001
14048,2016,822.5,813.5,1134.0,1061.4,1002.9666666666667
14048,2017,1089.0,822.5,813.5,1134.0,923.3333333333334
14048,2018,1140.0,1089.0,822.5,813.5,908.3333333333334
14048,2019,992.0,1140.0,1089.0,822.5,1017.1666666666666
14048,2020,1115.45,992.0,1140.0,1089.0,1073.6666666666667
14048,2021,1362.71,1115.45,992.0,1140.0,1082.4833333333333
14048,2022,1358.85,1362.71,1115.45,992.0,1156.72
14048,2023,1373.89,1358.85,1362.71,1115.45,1279.0033333333333
14048,2025,1399.49,,1373.89,1358.85,
14049,2009,0.0,,,,
14049,2010,0.0,0.0,,,
14049,2011,0.0,0.0,0.0,,
14049,2012,0.0,0.0,0.0,0.0,0.0
14050,2010,0.0,,,,
14050,2011,0.0,0.0,,,
14050,2012,0.0,0.0,0.0,,
14050,2013,0.0,0.0,0.0,0.0,0.0
14050,2014,80.0,0.0,0.0,0.0,0.0
14050,2015,396.0,80.0,0.0,0.0,26.666666666666668
14050,2016,460.0,396.0,80.0,0.0,158.66666666666666
14050,2017,460.8,460.0,396.0,80.0,312.0
14050,2018,465.0,460.8,460.0,396.0,438.93333333333334
14050,2019,450.0,465.0,460.8,460.0,461.93333333333334
14050,2020,551.25,450.0,465.0,460.8,458.59999999999997
14050,2021,550.9,551.25,450.0,465.0,488.75
14050,2022,553.0,550.9,551.25,450.0,517.3833333333333
14050,2023,608.3,553.0,550.9,551.25,551.7166666666667
14050,2025,656.38,,608.3,553.0,
14054,2003,16.0,,,,
14054,2004,16.0,16.0,,,
14054,2005,24.2,16.0,16.0,,
14054,2006,36.0,24.2,16.0,16.0,18.733333333333334
14054,2007,55.25,36.0,24.2,16.0,25.400000000000002
14054,2008,33.15,55.25,36.0,24.2,38.483333333333334
14054,2009,30.4,33.15,55.25,36.0,41.46666666666667
14054,2010,24.0,30.4,33.15,55.25,39.6
14054,2011,44.0,24.0,30.4,33.15,29.183333333333334
14054,2012,24.0,44.0,24.0,30.4,32.800000000000004
14054,2013,20.0,24.0,44.0,24.0,30.666666666666668
14054,2014,7.5,20.0,24.0,44.0,29.333333333333332
14054,2015,3.0,7.5,20.0,24.0,17.166666666666668
14054,2016,4.5,3.0,7.5,20.0,10.166666666666666
14054,2017,6.0,4.5,3.0,7.5,5.0
14054,2018,4.8,6.0,4.5,3.0,4.5
14054,2019,5.25,4.8,6.0,4.5,5.1000000000000005
14054,2020,5.52,5.25,4.8,6.0,5.3500000000000005
14054,2021,20.25,5.52,5.25,4.8,5.19
14054,2022,6.05,20.25,5.52,5.25,10.34
14054,2023,7.25,6.05,20.25,5.52,10.606666666666667
14054,2025,16.11,,7.25,6.05,
14055,2010,6.0,,,,
14055,2011,34.2,6.0,,,
14055,2012,63.0,34.2,6.0,,
14055,2013,85.5,63.0,34.2,6.0,34.4
14055,2014,88.2,85.5,63.0,34.2,60.9
14055,2015,92.16,88.2,85.5,63.0,78.9
14055,2016,95.76,92.16,88.2,85.5,88.62
14055,2017,98.01,95.76,92.16,88.2,92.04
14055,2018,100.35,98.01,95.76,92.16,95.31
14055,2019,115.7,100.35,98.01,95.76,98.04
14055,2020,141.48,115.7,100.35,98.01,104.68666666666667
14055,2021,142.68,141.48,115.7,100.35,119.17666666666666
14055,2022,144.19,142.68,141.48,115.7,133.28666666666666
14055,2023,145.8,144.19,142.68,141.48,142.78333333333333
14055,2025,146.4,,145.8,144.19,
14056,2011,0.0,,,,
14056,2012,0.0,0.0,,,
14057,2005,0.0,,,,
14057,2006,0.0,0.0,,,
14057,2007,0.0,0.0,0.0,,
14057,2008,183.6,0.0,0.0,0.0,0.0
14057,2009,183.6,183.6,0.0,0.0,61.199999999999996
14057,2010,187.2,183.6,183.6,0.0,122.39999999999999
14057,2011,530.0,187.2,183.6,183.6,184.79999999999998
14057,2012,565.0,530.0,187.2,183.6,300.26666666666665
14057,2013,596.05,565.0,530.0,187.2,427.40000000000003
14057,2014,1033.91,596.05,565.0,530.0,563.6833333333333
14057,2015,1046.97,1033.91,596.05,565.0,731.6533333333333
14057,2016,1900.21,1046.97,1033.91,596.05,892.3100000000001
14057,2017,2761.13,1900.21,1046.97,1033.91,1327.03
14057,2018,2248.39,2761.13,1900.21,1046.97,1902.7700000000002
14057,2019,2746.56,2248.39,2761.13,1900.21,2303.2433333333333
14057,2020,2356.6800000000003,2746.56,2248.39,2761.13,2585.36
14057,2021,2671.44,2356.6800000000003,2746.56,2248.39,2450.5433333333335
14057,2022,3209.38,2671.44,2356.6800000000003,2746.56,2591.56
14057,2023,4355.35,3209.38,2671.44,2356.6800000000003,2745.8333333333335
14057,2025,4332.1,,4355.35,3209.38,
14058,2003,17.5,,,,
14058,2006,0.0,,,17.5,
14058,2007,65.0,0.0,,,
14058,2008,192.0,65.0,0.0,,
14058,2009,192.0,192.0,65.0,0.0,85.66666666666667
14058,2010,197.6,192.0,192.0,65.0,149.66666666666666
14058,2011,130.0,197.6,192.0,192.0,193.86666666666667
14058,2012,169.0,130.0,197.6,192.0,173.20000000000002
14058,2013,234.0,169.0,130.0,197.6,165.53333333333333
14058,2014,278.2,234.0,169.0,130.0,177.66666666666666
14058,2015,495.6,278.2,234.0,169.0,227.06666666666663
14058,2016,717.6,495.6,278.2,234.0,335.93333333333334
14058,2017,837.83,717.6,495.6,278.2,497.1333333333334
14058,2018,1365.95,837.83,717.6,495.6,683.6766666666667
14058,2019,1372.7,1365.95,837.83,717.6,973.7933333333334
14058,2020,1479.2,1372.7,1365.95,837.83,1192.16
14058,2021,1459.6,1479.2,1372.7,1365.95,1405.95
14058,2022,1316.34,1459.6,1479.2,1372.7,1437.1666666666667
14058,2023,1065.97,1316.34,1459.6,1479.2,1418.38
14058,2025,1507.28,,1065.97,1316.34,
14059,2003,200.0,,,,
14059,2004,225.6,200.0,,,
14059,2005,337.0,225.6,200.0,,
14059,2006,396.0,337.0,225.6,200.0,254.20000000000002
14059,2007,390.4,396.0,337.0,225.6,319.53333333333336
14059,2008,431.9,390.4,396.0,337.0,374.4666666666667
14059,2009,411.4,431.9,390.4,396.0,406.09999999999997
14059,2010,445.5,411.4,431.9,390.4,411.2333333333333
14059,2011,1315.2,445.5,411.4,431.9,429.59999999999997
14059,2012,1362.1999999999998,1315.2,445.5,411.4,724.0333333333333
14059,2013,1420.6,1362.1999999999998,1315.2,445.5,1040.9666666666665
14059,2014,1440.76,1420.6,1362.1999999999998,1315.2,1366.0
14059,2015,1871.26,1440.76,1420.6,1362.1999999999998,1407.8533333333332
14059,2016,3329.74,1871.26,1440.76,1420.6,1577.54
14059,2017,3929.8999999999996,3329.74,1871.26,1440.76,2213.92
14059,2018,2413.4399999999996,3929.8999999999996,3329.74,1871.26,3043.633333333333
14059,2019,7866.1,2413.4399999999996,3929.8999999999996,3329.74,3224.359999999999
14059,2020,6960.38,7866.1,2413.4399999999996,3929.8999999999996,4736.48
14059,2021,10125.64,6960.38,7866.1,2413.4399999999996,5746.639999999999
14059,2022,9954.51,10125.64,6960.38,7866.1,8317.373333333333
14059,2023,10776.36,9954.51,10125.64,6960.38,9013.51
14059,2025,10423.16,,10776.36,9954.51,
14061,2003,10.0,,,,
14061,2004,11.0,10.0,,,
14061,2005,16.0,11.0,10.0,,
14061,2006,8.0,16.0,11.0,10.0,12.333333333333334
14061,2007,0.0,8.0,16.0,11.0,11.666666666666666
14062,2009,50.0,,,,
14062,2010,7.75,50.0,,,
14062,2011,0.0,7.75,50.0,,
14062,2012,0.0,0.0,7.75,50.0,19.25
14062,2013,0.0,0.0,0.0,7.75,2.5833333333333335
14062,2014,67.2,0.0,0.0,0.0,0.0
14062,2015,93.6,67.2,0.0,0.0,22.400000000000002
14062,2016,45.4,93.6,67.2,0.0,53.6
14062,2017,46.0,45.4,93.6,67.2,68.73333333333333
14062,2018,169.4,46.0,45.4,93.6,61.666666666666664
14062,2019,423.64,169.4,46.0,45.4,86.93333333333334
14062,2020,453.6,423.64,169.4,46.0,213.01333333333332
14062,2021,490.23,453.6,423.64,169.4,348.87999999999994
14062,2022,491.24,490.23,453.6,423.64,455.8233333333333
14062,2023,473.46,491.24,490.23,453.6,478.35666666666674
14062,2025,489.0,,473.46,491.24,
14063,2012,0.0,,,,
14063,2013,0.1,0.0,,,
14063,2014,2.3,0.1,0.0,,
14063,2015,12.36,2.3,0.1,0.0,0.7999999999999999
14063,2016,14.25,12.36,2.3,0.1,4.92
14063,2017,14.72,14.25,12.36,2.3,9.636666666666667
14063,2018,14.65,14.72,14.25,12.36,13.776666666666666
14063,2019,14.45,14.65,14.72,14.25,14.540000000000001
14063,2020,14.8,14.45,14.65,14.72,14.606666666666667
14063,2021,15.21,14.8,14.45,14.65,14.633333333333335
14063,2022,15.28,15.21,14.8,14.45,14.82
14063,2023,33.6,15.28,15.21,14.8,15.096666666666666
14063,2025,206.57,,33.6,15.28,
14065,2009,0.0,,,,
14065,2010,0.0,0.0,,,
14065,2011,0.0,0.0,0.0,,
14065,2012,0.0,0.0,0.0,0.0,0.0
14065,2013,0.0,0.0,0.0,0.0,0.0
14065,2014,135.0,0.0,0.0,0.0,0.0
14065,2015,315.0,135.0,0.0,0.0,45.0
14065,2016,540.0,315.0,135.0,0.0,150.0
14065,2017,548.5,540.0,315.0,135.0,330.0
14065,2018,552.5,548.5,540.0,315.0,467.8333333333333
14065,2019,415.68,552.5,548.5,540.0,547.0
14065,2020,420.0,415.68,552.5,548.5,505.56
14065,2021,425.76,420.0,415.68,552.5,462.7266666666667
14065,2022,437.76,425.76,420.0,415.68,420.48
14065,2023,528.0,437.76,425.76,420.0,427.84
14065,2025,489.6,,528.0,437.76,
14067,2006,8.0,,,,
14067,2007,16.0,8.0,,,
14067,2008,12.0,16.0,8.0,,
14067,2009,14.0,12.0,16.0,8.0,12.0
14067,2010,16.0,14.0,12.0,16.0,14.0
14067,2011,80.0,16.0,14.0,12.0,14.0
14067,2012,64.0,80.0,16.0,14.0,36.666666666666664
14067,2013,64.0,64.0,80.0,16.0,53.333333333333336
14067,2014,40.8,64.0,64.0,80.0,69.33333333333333
14067,2015,120.0,40.8,64.0,64.0,56.26666666666667
14067,2016,114.9,120.0,40.8,64.0,74.93333333333334
14067,2017,120.3,114.9,120.0,40.8,91.89999999999999
14067,2018,121.49,120.3,114.9,120.0,118.39999999999999
14067,2019,108.0,121.49,120.3,114.9,118.89666666666666
14067,2020,107.4,108.0,121.49,120.3,116.59666666666668
14067,2021,113.25,107.4,108.0,121.49,112.29666666666667
14067,2022,112.35,113.25,107.4,108.0,109.55
14067,2023,115.5,112.35,113.25,107.4,111.0
14067,2025,113.0,,115.5,112.35,
14068,2006,0.0,,,,
14068,2007,0.0,0.0,,,
14068,2008,20.0,0.0,0.0,,
14068,2009,60.0,20.0,0.0,0.0,6.666666666666667
14068,2010,70.0,60.0,20.0,0.0,26.666666666666668
14068,2011,94.8,70.0,60.0,20.0,50.0
14068,2012,105.0,94.8,70.0,60.0,74.93333333333334
14068,2013,180.0,105.0,94.8,70.0,89.93333333333334
14068,2014,246.0,180.0,105.0,94.8,126.60000000000001
14068,2015,259.2,246.0,180.0,105.0,177.0
14068,2016,673.2,259.2,246.0,180.0,228.4
14068,2017,708.4,673.2,259.2,246.0,392.8
14068,2018,717.2,708.4,673.2,259.2,546.9333333333334
14068,2019,718.0,717.2,708.4,673.2,699.6
14068,2020,698.25,718.0,717.2,708.4,714.5333333333333
14068,2021,699.6,698.25,718.0,717.2,711.15
14068,2022,710.6,699.6,698.25,718.0,705.2833333333334
14068,2023,700.7,710.6,699.6,698.25,702.8166666666667
14068,2025,705.65,,700.7,710.6,
14069,2003,184.0,,,,
14069,2004,296.0,184.0,,,
14069,2005,359.0,296.0,184.0,,
14069,2006,390.0,359.0,296.0,184.0,279.6666666666667
14069,2007,436.2,390.0,359.0,296.0,348.3333333333333
14069,2008,456.25,436.2,390.0,359.0,395.06666666666666
14069,2009,505.5,456.25,436.2,390.0,427.48333333333335
14069,2010,528.0,505.5,456.25,436.2,465.98333333333335
14069,2011,1651.02,528.0,505.5,456.25,496.5833333333333
14069,2012,2483.63,1651.02,528.0,505.5,894.84
14069,2013,2558.77,2483.63,1651.02,528.0,1554.2166666666665
14069,2014,2410.13,2558.77,2483.63,1651.02,2231.14
14069,2015,2540.16,2410.13,2558.77,2483.63,2484.1766666666667
14069,2016,3944.25,2540.16,2410.13,2558.77,2503.02
14069,2017,4726.84,3944.25,2540.16,2410.13,2964.846666666667
14069,2018,4181.33,4726.84,3944.25,2540.16,3737.0833333333335
14069,2019,6885.0,4181.33,4726.84,3944.25,4284.14
14069,2020,5944.110000000001,6885.0,4181.33,4726.84,5264.39
14069,2021,5961.3,5944.110000000001,6885.0,4181.33,5670.146666666667
14069,2022,6807.25,5961.3,5944.110000000001,6885.0,6263.47
14069,2023,7143.03,6807.25,5961.3,5944.110000000001,6237.553333333333
14069,2025,6875.7,,7143.03,6807.25,
14071,2003,45.5,,,,
14071,2004,0.0,45.5,,,
14071,2005,49.0,0.0,45.5,,
14071,2006,49.0,49.0,0.0,45.5,31.5
14071,2007,48.5,49.0,49.0,0.0,32.666666666666664
14071,2008,42.0,48.5,49.0,49.0,48.833333333333336
14071,2009,52.5,42.0,48.5,49.0,46.5
14071,2010,71.4,52.5,42.0,48.5,47.666666666666664
14071,2011,42.0,71.4,52.5,42.0,55.300000000000004
14071,2012,40.0,42.0,71.4,52.5,55.300000000000004
14071,2013,48.0,40.0,42.0,71.4,51.13333333333333
14071,2014,52.0,48.0,40.0,42.0,43.333333333333336
14071,2015,49.6,52.0,48.0,40.0,46.666666666666664
14071,2016,48.0,49.6,52.0,48.0,49.86666666666667
14071,2017,48.6,48.0,49.6,52.0,49.86666666666667
14071,2018,48.8,48.6,48.0,49.6,48.73333333333333
14071,2019,49.04,48.8,48.6,48.0,48.46666666666667
14071,2020,50.24,49.04,48.8,48.6,48.81333333333333
14071,2021,49.92,50.24,49.04,48.8,49.35999999999999
14071,2022,50.45,49.92,50.24,49.04,49.73333333333333
14071,2023,50.08,50.45,49.92,50.24,50.20333333333334
14071,2025,49.92,,50.08,50.45,
14075,2016,0.0,,,,
14075,2017,113.3,0.0,,,
14075,2018,125.6,113.3,0.0,,
14075,2019,125.64,125.6,113.3,0.0,79.63333333333333
14075,2020,133.44,125.64,125.6,113.3,121.51333333333332
14075,2021,133.08,133.44,125.64,125.6,128.22666666666666
14075,2022,135.76,133.08,133.44,125.64,130.72
14075,2023,136.2,135.76,133.08,133.44,134.09333333333333
14075,2025,136.2,,136.2,135.76,
14076,2003,8.0,,,,
14076,2004,8.0,8.0,,,
14076,2005,8.0,8.0,8.0,,
14076,2006,7.5,8.0,8.0,8.0,8.0
14076,2007,8.2,7.5,8.0,8.0,7.833333333333333
14076,2008,11.0,8.2,7.5,8.0,7.8999999999999995
14076,2009,10.0,11.0,8.2,7.5,8.9
14076,2010,0.0,10.0,11.0,8.2,9.733333333333333
14077,2015,76.02,,,,
14077,2016,134.04,76.02,,,
14077,2017,153.54,134.04,76.02,,
14077,2018,420.0,153.54,134.04,76.02,121.19999999999999
14077,2019,419.4,420.0,153.54,134.04,235.85999999999999
14077,2020,433.8,419.4,420.0,153.54,330.98
14077,2021,430.92,433.8,419.4,420.0,424.3999999999999
14077,2022,428.74,430.92,433.8,419.4,428.03999999999996
14077,2023,432.0,428.74,430.92,433.8,431.15333333333336
14077,2025,442.8,,432.0,428.74,
14079,2003,765.0,,,,
14079,2004,850.0,765.0,,,
14079,2005,2010.0,850.0,765.0,,
14079,2006,2700.0,2010.0,850.0,765.0,1208.3333333333333
14079,2007,3240.0,2700.0,2010.0,850.0,1853.3333333333333
14079,2008,3204.0,3240.0,2700.0,2010.0,2650.0
14079,2009,3624.0,3204.0,3240.0,2700.0,3048.0
14079,2010,3766.0,3624.0,3204.0,3240.0,3356.0
14079,2011,2742.2,3766.0,3624.0,3204.0,3531.3333333333335
14079,2012,2847.0,2742.2,3766.0,3624.0,3377.4
14079,2013,4852.700000000001,2847.0,2742.2,3766.0,3118.4
14079,2014,4776.929999999999,4852.700000000001,2847.0,2742.2,3480.6333333333337
14079,2015,5689.48,4776.929999999999,4852.700000000001,2847.0,4158.876666666667
14079,2016,6357.07,5689.48,4776.929999999999,4852.700000000001,5106.37
14079,2017,8023.27,6357.07,5689.48,4776.929999999999,5607.826666666667
14079,2018,13569.95,8023.27,6357.07,5689.48,6689.94
14079,2019,15405.5,13569.95,8023.27,6357.07,9316.763333333334
14079,2020,17097.56,15405.5,13569.95,8023.27,12332.906666666668
14079,2021,17112.17,17097.56,15405.5,13569.95,15357.67
14079,2022,18486.010000000002,17112.17,17097.56,15405.5,16538.41
14079,2023,19821.45,18486.010000000002,17112.17,17097.56,17565.24666666667
14079,2025,19705.16,,19821.45,18486.010000000002,
14080,2003,0.0,,,,
14080,2004,32.5,0.0,,,
14080,2005,35.0,32.5,0.0,,
14080,2006,36.5,35.0,32.5,0.0,22.5
14080,2007,55.0,36.5,35.0,32.5,34.666666666666664
14080,2008,55.0,55.0,36.5,35.0,42.166666666666664
14080,2009,50.0,55.0,55.0,36.5,48.833333333333336
14080,2010,28.35,50.0,55.0,55.0,53.333333333333336
14080,2011,32.5,28.35,50.0,55.0,44.449999999999996
14080,2012,30.0,32.5,28.35,50.0,36.949999999999996
14080,2013,35.0,30.0,32.5,28.35,30.28333333333333
14080,2014,45.0,35.0,30.0,32.5,32.5
14080,2015,49.8,45.0,35.0,30.0,36.666666666666664
14080,2016,108.46,49.8,45.0,35.0,43.26666666666667
14080,2017,112.31,108.46,49.8,45.0,67.75333333333333
14080,2018,114.3,112.31,108.46,49.8,90.19
14080,2019,311.4,114.3,112.31,108.46,111.69
14080,2020,329.7,311.4,114.3,112.31,179.33666666666667
14080,2021,332.1,329.7,311.4,114.3,251.79999999999998
14080,2022,334.59,332.1,329.7,311.4,324.40000000000003
14080,2023,337.6,334.59,332.1,329.7,332.12999999999994
14080,2025,332.8,,337.6,334.59,
14081,2003,50.0,,,,
14081,2004,20.0,50.0,,,
14081,2005,40.0,20.0,50.0,,
14081,2006,70.0,40.0,20.0,50.0,36.666666666666664
14081,2007,80.0,70.0,40.0,20.0,43.333333333333336
14081,2008,65.0,80.0,70.0,40.0,63.333333333333336
14081,2009,73.5,65.0,80.0,70.0,71.66666666666667
14081,2010,50.0,73.5,65.0,80.0,72.83333333333333
14081,2011,50.0,50.0,73.5,65.0,62.833333333333336
14081,2012,60.0,50.0,50.0,73.5,57.833333333333336
14081,2013,68.0,60.0,50.0,50.0,53.333333333333336
14081,2014,61.0,68.0,60.0,50.0,59.333333333333336
14081,2015,41.3,61.0,68.0,60.0,63.0
14081,2016,60.9,41.3,61.0,68.0,56.76666666666667
14081,2017,81.45,60.9,41.3,61.0,54.4
14081,2018,66.5,81.45,60.9,41.3,61.21666666666667
14081,2019,85.7,66.5,81.45,60.9,69.61666666666667
14081,2020,87.0,85.7,66.5,81.45,77.88333333333334
14081,2021,86.58,87.0,85.7,66.5,79.73333333333333
14081,2022,87.3,86.58,87.0,85.7,86.42666666666666
14081,2023,84.06,87.3,86.58,87.0,86.96
14081,2025,85.23,,84.06,87.3,
14082,2003,70.0,,,,
14082,2004,70.0,70.0,,,
14082,2005,56.0,70.0,70.0,,
14082,2006,58.1,56.0,70.0,70.0,65.33333333333333
14082,2007,56.0,58.1,56.0,70.0,61.36666666666667
14082,2008,59.5,56.0,58.1,56.0,56.699999999999996
14082,2009,132.0,59.5,56.0,58.1,57.86666666666667
14082,2010,132.4,132.0,59.5,56.0,82.5
14082,2011,74.4,132.4,132.0,59.5,107.96666666666665
14082,2012,120.0,74.4,132.4,132.0,112.93333333333334
14082,2013,4897.26,120.0,74.4,132.4,108.93333333333334
14082,2014,2410.2,4897.26,120.0,74.4,1697.22
14082,2015,4411.0,2410.2,4897.26,120.0,2475.82
14082,2016,6779.87,4411.0,2410.2,4897.26,3906.153333333333
14082,2017,8411.16,6779.87,4411.0,2410.2,4533.69
14082,2018,8621.25,8411.16,6779.87,4411.0,6534.009999999999
14082,2019,10880.93,8621.25,8411.16,6779.87,7937.426666666666
14082,2020,11162.25,10880.93,8621.25,8411.16,9304.446666666667
14082,2021,10852.8,11162.25,10880.93,8621.25,10221.476666666667
14082,2022,12967.69,10852.8,11162.25,10880.93,10965.326666666666
14082,2023,11983.0,12967.69,10852.8,11162.25,11660.913333333332
14082,2025,12625.9,,11983.0,12967.69,
14083,2003,495.0,,,,
14083,2004,135.0,495.0,,,
14083,2005,250.26,135.0,495.0,,
14083,2006,232.28,250.26,135.0,495.0,293.42
14083,2007,157.2,232.28,250.26,135.0,205.84666666666666
14083,2008,288.6,157.2,232.28,250.26,213.24666666666667
14083,2009,291.0,288.6,157.2,232.28,226.02666666666667
14083,2010,162.07,291.0,288.6,157.2,245.60000000000002
14083,2011,4.5,162.07,291.0,288.6,247.22333333333336
14083,2012,76.5,4.5,162.07,291.0,152.52333333333334
14083,2013,93.0,76.5,4.5,162.07,81.02333333333333
14083,2014,292.3,93.0,76.5,4.5,58.0
14083,2015,834.4,292.3,93.0,76.5,153.93333333333334
14083,2016,286.0,834.4,292.3,93.0,406.56666666666666
14083,2017,364.0,286.0,834.4,292.3,470.8999999999999
14083,2018,460.0,364.0,286.0,834.4,494.8
14083,2019,503.49,460.0,364.0,286.0,370.0
14083,2020,545.4,503.49,460.0,364.0,442.4966666666666
14083,2021,520.15,545.4,503.49,460.0,502.9633333333333
14083,2022,521.46,520.15,545.4,503.49,523.0133333333333
14083,2023,519.14,521.46,520.15,545.4,529.0033333333332
14083,2025,500.0,,519.14,521.46,
14084,2003,42.4,,,,
14084,2004,52.0,42.4,,,
14084,2005,58.0,52.0,42.4,,
14084,2007,0.0,,58.0,52.0,
14084,2008,23.6,0.0,,58.0,
14084,2009,30.0,23.6,0.0,,
14084,2010,144.9,30.0,23.6,0.0,17.866666666666667
14084,2011,120.0,144.9,30.0,23.6,66.16666666666667
14084,2012,112.5,120.0,144.9,30.0,98.3
14084,2013,225.0,112.5,120.0,144.9,125.8
14084,2014,294.0,225.0,112.5,120.0,152.5
14084,2015,312.0,294.0,225.0,112.5,210.5
14084,2016,225.94,312.0,294.0,225.0,277.0
14084,2017,229.9,225.94,312.0,294.0,277.31333333333333
14084,2018,233.31,229.9,225.94,312.0,255.9466666666667
14084,2019,242.66,233.31,229.9,225.94,229.71666666666667
14084,2020,366.4,242.66,233.31,229.9,235.29
14084,2021,369.92,366.4,242.66,233.31,280.79
14084,2022,369.18,369.92,366.4,242.66,326.32666666666665
14084,2023,746.24,369.18,369.92,366.4,368.5
14084,2025,367.2,,746.24,369.18,
14085,2003,306.0,,,,
14085,2004,306.0,306.0,,,
14085,2005,289.0,306.0,306.0,,
14085,2006,289.0,289.0,306.0,306.0,300.3333333333333
14085,2007,296.0,289.0,289.0,306.0,294.6666666666667
14085,2008,314.5,296.0,289.0,289.0,291.3333333333333
14085,2009,766.1800000000001,314.5,296.0,289.0,299.8333333333333
14085,2010,736.84,766.1800000000001,314.5,296.0,458.8933333333334
14085,2011,3331.2,736.84,766.1800000000001,314.5,605.84
14085,2012,905.5,3331.2,736.84,766.1800000000001,1611.4066666666665
14085,2013,3630.0,905.5,3331.2,736.84,1657.8466666666664
14085,2014,7715.3,3630.0,905.5,3331.2,2622.233333333333
14085,2015,9035.5,7715.3,3630.0,905.5,4083.6000000000004
14085,2016,6694.4,9035.5,7715.3,3630.0,6793.600000000001
14085,2017,7600.57,6694.4,9035.5,7715.3,7815.066666666667
14085,2018,7960.98,7600.57,6694.4,9035.5,7776.823333333334
14085,2019,8211.9,7960.98,7600.57,6694.4,7418.649999999999
14085,2020,8143.8,8211.9,7960.98,7600.57,7924.483333333333
14085,2021,8165.96,8143.8,8211.9,7960.98,8105.56
14085,2022,11406.14,8165.96,8143.8,8211.9,8173.886666666666
14085,2023,12075.8,11406.14,8165.96,8143.8,9238.633333333333
14085,2025,12380.19,,12075.8,11406.14,
14086,2005,10.0,,,,
14086,2006,100.0,10.0,,,
14086,2007,90.0,100.0,10.0,,
14086,2008,91.0,90.0,100.0,10.0,66.66666666666667
14086,2009,52.5,91.0,90.0,100.0,93.66666666666667
14086,2010,55.0,52.5,91.0,90.0,77.83333333333333
14086,2011,1856.1,55.0,52.5,91.0,66.16666666666667
14086,2012,528.0,1856.1,55.0,52.5,654.5333333333333
14086,2013,7120.8,528.0,1856.1,55.0,813.0333333333333
14086,2014,6888.2,7120.8,528.0,1856.1,3168.2999999999997
14086,2015,6820.0,6888.2,7120.8,528.0,4845.666666666667
14086,2016,6813.18,6820.0,6888.2,7120.8,6943.0
14086,2017,7502.0,6813.18,6820.0,6888.2,6840.46
14086,2018,7556.56,7502.0,6813.18,6820.0,7045.06
14086,2019,8871.75,7556.56,7502.0,6813.18,7290.580000000001
14086,2020,7596.9,8871.75,7556.56,7502.0,7976.77
14086,2021,7665.9,7596.9,8871.75,7556.56,8008.403333333333
14086,2022,7814.94,7665.9,7596.9,8871.75,8044.850000000001
14086,2023,8121.3,7814.94,7665.9,7596.9,7692.580000000001
14086,2025,16807.92,,8121.3,7814.94,
14087,2007,0.0,,,,
14087,2008,0.0,0.0,,,
14087,2009,0.0,0.0,0.0,,
14087,2010,0.0,0.0,0.0,0.0,0.0
14087,2011,0.0,0.0,0.0,0.0,0.0
14087,2012,0.0,0.0,0.0,0.0,0.0
14087,2013,0.0,0.0,0.0,0.0,0.0
14087,2014,582.4,0.0,0.0,0.0,0.0
14087,2015,1509.4,582.4,0.0,0.0,194.13333333333333
14087,2016,2490.6000000000004,1509.4,582.4,0.0,697.2666666666668
14087,2017,2507.08,2490.6000000000004,1509.4,582.4,1527.466666666667
14087,2018,2455.0,2507.08,2490.6000000000004,1509.4,2169.0266666666666
14087,2019,1768.9,2455.0,2507.08,2490.6000000000004,2484.226666666667
14087,2020,1773.6,1768.9,2455.0,2507.08,2243.6600000000003
14087,2021,1794.81,1773.6,1768.9,2455.0,1999.1666666666667
14087,2022,2079.83,1794.81,1773.6,1768.9,1779.1033333333332
14087,2023,2095.58,2079.83,1794.81,1773.6,1882.7466666666667
14087,2025,2120.38,,2095.58,2079.83,
14088,2007,0.0,,,,
14088,2008,0.0,0.0,,,
14088,2009,0.0,0.0,0.0,,
14088,2010,0.0,0.0,0.0,0.0,0.0
14088,2011,30.0,0.0,0.0,0.0,0.0
14088,2012,48.0,30.0,0.0,0.0,10.0
14088,2013,36.0,48.0,30.0,0.0,26.0
14088,2014,147.0,36.0,48.0,30.0,38.0
14088,2015,232.49,147.0,36.0,48.0,77.0
14088,2016,493.8,232.49,147.0,36.0,138.49666666666667
14088,2017,685.0,493.8,232.49,147.0,291.09666666666664
14088,2018,745.31,685.0,493.8,232.49,470.43
14088,2019,756.78,745.31,685.0,493.8,641.37
14088,2020,772.2,756.78,745.31,685.0,729.0300000000001
14088,2021,811.2,772.2,756.78,745.31,758.0966666666667
14088,2022,819.6,811.2,772.2,756.78,780.0600000000001
14088,2023,901.8,819.6,811.2,772.2,801.0
14088,2025,1005.0,,901.8,819.6,
14089,2003,25.0,,,,
14089,2004,25.0,25.0,,,
14089,2005,18.0,25.0,25.0,,
14089,2006,24.0,18.0,25.0,25.0,22.666666666666668
14089,2007,18.0,24.0,18.0,25.0,22.333333333333332
14089,2008,21.0,18.0,24.0,18.0,20.0
14089,2009,21.0,21.0,18.0,24.0,21.0
14089,2010,22.02,21.0,21.0,18.0,20.0
14089,2011,18.6,22.02,21.0,21.0,21.34
14089,2012,18.3,18.6,22.02,21.0,20.540000000000003
14089,2013,17.1,18.3,18.6,22.02,19.64
14089,2014,549.73,17.1,18.3,18.6,18.000000000000004
14089,2015,597.04,549.73,17.1,18.3,195.04333333333332
14089,2016,787.8,597.04,549.73,17.1,387.95666666666665
14089,2017,802.07,787.8,597.04,549.73,644.8566666666666
14089,2018,699.67,802.07,787.8,597.04,728.9699999999999
14089,2019,1080.79,699.67,802.07,787.8,763.18
14089,2020,670.28,1080.79,699.67,802.07,860.8433333333334
14089,2021,678.54,670.28,1080.79,699.67,816.9133333333333
14089,2022,640.98,678.54,670.28,1080.79,809.8699999999999
14089,2023,144.0,640.98,678.54,670.28,663.2666666666667
14089,2025,145.2,,144.0,640.98,
14090,2013,0.0,,,,
14090,2014,0.0,0.0,,,
14090,2015,0.0,0.0,0.0,,
14090,2016,0.0,0.0,0.0,0.0,0.0
14090,2017,38.89,0.0,0.0,0.0,0.0
14090,2018,58.83,38.89,0.0,0.0,12.963333333333333
14090,2019,58.9,58.83,38.89,0.0,32.57333333333333
14090,2022,74.0,,,58.9,
14090,2023,37.14,74.0,,,
14090,2025,31.6,,37.14,74.0,
14092,2005,0.0,,,,
14092,2006,0.0,0.0,,,
14092,2007,0.0,0.0,0.0,,
14092,2008,0.0,0.0,0.0,0.0,0.0
14092,2009,0.0,0.0,0.0,0.0,0.0
14092,2010,0.0,0.0,0.0,0.0,0.0
14092,2011,0.0,0.0,0.0,0.0,0.0
14092,2012,0.0,0.0,0.0,0.0,0.0
14092,2013,0.0,0.0,0.0,0.0,0.0
14092,2014,348.66,0.0,0.0,0.0,0.0
14092,2015,378.35,348.66,0.0,0.0,116.22000000000001
14092,2016,625.3,378.35,348.66,0.0,242.33666666666667
14092,2017,601.24,625.3,378.35,348.66,450.77
14092,2018,541.54,601.24,625.3,378.35,534.9633333333333
14092,2019,711.65,541.54,601.24,625.3,589.36
14092,2020,656.14,711.65,541.54,601.24,618.1433333333333
14092,2021,637.94,656.14,711.65,541.54,636.4433333333333
14092,2022,632.4,637.94,656.14,711.65,668.5766666666667
14092,2023,693.88,632.4,637.94,656.14,642.16
14092,2025,660.06,,693.88,632.4,
14093,2012,0.0,,,,
14093,2013,1666.0,0.0,,,
14093,2014,1078.0,1666.0,0.0,,
14093,2015,1575.0,1078.0,1666.0,0.0,914.6666666666666
14093,2016,2268.0,1575.0,1078.0,1666.0,1439.6666666666667
14093,2017,2176.0,2268.0,1575.0,1078.0,1640.3333333333333
14093,2018,2240.2,2176.0,2268.0,1575.0,2006.3333333333333
14093,2019,4498.25,2240.2,2176.0,2268.0,2228.0666666666666
14093,2020,5864.42,4498.25,2240.2,2176.0,2971.4833333333336
14093,2021,5870.47,5864.42,4498.25,2240.2,4200.956666666666
14093,2022,6105.8,5870.47,5864.42,4498.25,5411.046666666666
14093,2023,6128.51,6105.8,5870.47,5864.42,5946.8966666666665
14093,2025,6153.13,,6128.51,6105.8,
14094,2003,36.8,,,,
14094,2004,56.0,36.8,,,
14094,2005,60.0,56.0,36.8,,
14094,2006,24.0,60.0,56.0,36.8,50.93333333333334
14094,2007,60.0,24.0,60.0,56.0,46.666666666666664
14094,2008,76.0,60.0,24.0,60.0,48.0
14094,2009,72.0,76.0,60.0,24.0,53.333333333333336
14094,2010,22.4,72.0,76.0,60.0,69.33333333333333
14094,2011,15.2,22.4,72.0,76.0,56.800000000000004
14094,2012,56.0,15.2,22.4,72.0,36.53333333333333
14094,2013,184.0,56.0,15.2,22.4,31.2
14094,2014,211.6,184.0,56.0,15.2,85.06666666666666
14094,2015,271.4,211.6,184.0,56.0,150.53333333333333
14094,2016,232.05,271.4,211.6,184.0,222.33333333333334
14094,2017,236.88,232.05,271.4,211.6,238.35
14094,2018,246.15,236.88,232.05,271.4,246.77666666666664
14094,2019,251.58,246.15,236.88,232.05,238.36
14094,2020,251.79,251.58,246.15,236.88,244.87
14094,2021,253.89,251.79,251.58,246.15,249.84
14094,2022,255.32,253.89,251.79,251.58,252.42
14094,2023,255.15,255.32,253.89,251.79,253.66666666666666
14094,2025,252.0,,255.15,255.32,
14095,2003,12.0,,,,
14095,2004,7.5,12.0,,,
14095,2005,0.0,7.5,12.0,,
14095,2006,0.0,0.0,7.5,12.0,6.5
14095,2007,0.0,0.0,0.0,7.5,2.5
14095,2008,16.5,0.0,0.0,0.0,0.0
14095,2009,7.5,16.5,0.0,0.0,5.5
14095,2010,17.3,7.5,16.5,0.0,8.0
14095,2011,8.030000000000001,17.3,7.5,16.5,13.766666666666666
14095,2012,16.7,8.030000000000001,17.3,7.5,10.943333333333333
14095,2013,22.0,16.7,8.030000000000001,17.3,14.01
14095,2014,47.25,22.0,16.7,8.030000000000001,15.576666666666668
14095,2015,50.7,47.25,22.0,16.7,28.650000000000002
14095,2016,5.6,50.7,47.25,22.0,39.983333333333334
14095,2017,17.4,5.6,50.7,47.25,34.516666666666666
14095,2018,17.8,17.4,5.6,50.7,24.566666666666666
14095,2019,19.76,17.8,17.4,5.6,13.6
14095,2020,20.68,19.76,17.8,17.4,18.32
14095,2021,21.54,20.68,19.76,17.8,19.413333333333334
14095,2022,20.54,21.54,20.68,19.76,20.66
14095,2023,20.4,20.54,21.54,20.68,20.919999999999998
14095,2025,20.86,,20.4,20.54,
14096,2012,0.0,,,,
14096,2013,0.0,0.0,,,
14096,2014,160.0,0.0,0.0,,
14096,2015,200.0,160.0,0.0,0.0,53.333333333333336
14096,2016,240.0,200.0,160.0,0.0,120.0
14096,2017,252.2,240.0,200.0,160.0,200.0
14096,2018,260.0,252.2,240.0,200.0,230.73333333333335
14096,2019,280.0,260.0,252.2,240.0,250.73333333333335
14096,2020,578.02,280.0,260.0,252.2,264.06666666666666
14096,2021,615.6,578.02,280.0,260.0,372.67333333333335
14096,2022,620.16,615.6,578.02,280.0,491.20666666666665
14096,2023,682.1,620.16,615.6,578.02,604.5933333333334
14096,2025,771.85,,682.1,620.16,
14097,2003,935.0,,,,
14097,2004,300.0,935.0,,,
14097,2005,2.5,300.0,935.0,,
14097,2006,2.5,2.5,300.0,935.0,412.5
14097,2007,2.67,2.5,2.5,300.0,101.66666666666667
14097,2008,0.0,2.67,2.5,2.5,2.5566666666666666
14097,2009,550.2,0.0,2.67,2.5,1.7233333333333334
14097,2010,530.0,550.2,0.0,2.67,184.29
14097,2011,480.0,530.0,550.2,0.0,360.06666666666666
14097,2012,326.5,480.0,530.0,550.2,520.0666666666667
14097,2013,164.5,326.5,480.0,530.0,445.5
14097,2014,642.9,164.5,326.5,480.0,323.6666666666667
14097,2015,357.63,642.9,164.5,326.5,377.9666666666667
14097,2016,303.8,357.63,642.9,164.5,388.3433333333333
14097,2017,316.93,303.8,357.63,642.9,434.77666666666664
14097,2018,358.5,316.93,303.8,357.63,326.12
14097,2019,360.25,358.5,316.93,303.8,326.41
14097,2020,369.42,360.25,358.5,316.93,345.2266666666667
14097,2021,370.44,369.42,360.25,358.5,362.72333333333336
14097,2022,370.2,370.44,369.42,360.25,366.7033333333334
14097,2023,372.6,370.2,370.44,369.42,370.02
14097,2025,378.0,,372.6,370.2,
14098,2003,93.5,,,,
14098,2004,330.0,93.5,,,
14098,2005,225.0,330.0,93.5,,
14098,2006,220.0,225.0,330.0,93.5,216.16666666666666
14098,2007,169.25,220.0,225.0,330.0,258.3333333333333
14098,2008,110.4,169.25,220.0,225.0,204.75
14098,2009,98.4,110.4,169.25,220.0,166.54999999999998
14098,2010,120.0,98.4,110.4,169.25,126.01666666666667
14098,2011,80.0,120.0,98.4,110.4,109.60000000000001
14098,2012,88.0,80.0,120.0,98.4,99.46666666666665
14098,2013,78.4,88.0,80.0,120.0,96.0
14098,2014,128.0,78.4,88.0,80.0,82.13333333333334
14098,2015,112.84,128.0,78.4,88.0,98.13333333333333
14098,2016,110.4,112.84,128.0,78.4,106.41333333333334
14098,2017,113.6,110.4,112.84,128.0,117.08
14098,2018,132.0,113.6,110.4,112.84,112.28000000000002
14098,2019,132.66,132.0,113.6,110.4,118.66666666666667
14098,2020,135.28,132.66,132.0,113.6,126.08666666666666
14098,2021,119.2,135.28,132.66,132.0,133.3133333333333
14098,2022,118.65,119.2,135.28,132.66,129.04666666666665
14098,2023,118.8,118.65,119.2,135.28,124.37666666666667
14098,2025,118.8,,118.8,118.65,
14099,2003,70.0,,,,
14099,2004,70.0,70.0,,,
14099,2009,28.75,,,,
14099,2010,27.5,28.75,,,
14099,2011,241.58,27.5,28.75,,
14099,2012,22.5,241.58,27.5,28.75,99.27666666666669
14099,2013,585.0,22.5,241.58,27.5,97.19333333333334
14099,2014,649.25,585.0,22.5,241.58,283.0266666666667
14099,2015,181.25,649.25,585.0,22.5,418.9166666666667
14099,2016,633.5,181.25,649.25,585.0,471.8333333333333
14099,2017,672.53,633.5,181.25,649.25,488.0
14099,2018,1040.56,672.53,633.5,181.25,495.76
14099,2019,1233.5700000000002,1040.56,672.53,633.5,782.1966666666667
14099,2020,1163.66,1233.5700000000002,1040.56,672.53,982.2199999999999
14099,2021,1169.52,1163.66,1233.5700000000002,1040.56,1145.93
14099,2022,1005.91,1169.52,1163.66,1233.5700000000002,1188.9166666666667
14099,2023,1058.47,1005.91,1169.52,1163.66,1113.03
14099,2025,947.15,,1058.47,1005.91,
14103,2003,195.0,,,,
14103,2004,220.0,195.0,,,
14103,2005,264.1,220.0,195.0,,
14103,2006,264.1,264.1,220.0,195.0,226.36666666666667
14103,2007,385.7,264.1,264.1,220.0,249.4
14103,2008,427.0,385.7,264.1,264.1,304.6333333333334
14103,2009,680.0,427.0,385.7,264.1,358.93333333333334
14103,2010,2777.4,680.0,427.0,385.7,497.5666666666666
14103,2011,2378.4,2777.4,680.0,427.0,1294.8
14103,2012,608.0,2378.4,2777.4,680.0,1945.2666666666667
14103,2013,2925.0,608.0,2378.4,2777.4,1921.2666666666667
14103,2014,3109.8,2925.0,608.0,2378.4,1970.4666666666665
14103,2015,6165.0,3109.8,2925.0,608.0,2214.266666666667
14103,2016,6327.2,6165.0,3109.8,2925.0,4066.6
14103,2017,8124.27,6327.2,6165.0,3109.8,5200.666666666667
14103,2018,9396.0,8124.27,6327.2,6165.0,6872.156666666667
14103,2019,10634.48,9396.0,8124.27,6327.2,7949.156666666667
14103,2020,10862.4,10634.48,9396.0,8124.27,9384.916666666666
14103,2021,11044.68,10862.4,10634.48,9396.0,10297.626666666665
14103,2022,12788.76,11044.68,10862.4,10634.48,10847.186666666666
14103,2023,14163.8,12788.76,11044.68,10862.4,11565.279999999999
14103,2025,13855.2,,14163.8,12788.76,
14104,2003,20.0,,,,
14104,2004,16.0,20.0,,,
14104,2005,12.0,16.0,20.0,,
14104,2006,12.0,12.0,16.0,20.0,16.0
14104,2007,12.6,12.0,12.0,16.0,13.333333333333334
14104,2008,8.2,12.6,12.0,12.0,12.200000000000001
14104,2009,12.0,8.2,12.6,12.0,10.933333333333332
14104,2010,15.0,12.0,8.2,12.6,10.933333333333332
14104,2011,15.2,15.0,12.0,8.2,11.733333333333333
14104,2012,15.5,15.2,15.0,12.0,14.066666666666668
14104,2013,14.4,15.5,15.2,15.0,15.233333333333334
14104,2014,0.0,14.4,15.5,15.2,15.033333333333333
14105,2011,149.0,,,,
14105,2012,247.0,149.0,,,
14105,2013,515.0,247.0,149.0,,
14105,2014,625.0,515.0,247.0,149.0,303.6666666666667
14105,2015,300.0,625.0,515.0,247.0,462.3333333333333
14105,2016,355.0,300.0,625.0,515.0,480.0
14105,2017,367.5,355.0,300.0,625.0,426.6666666666667
14105,2018,383.0,367.5,355.0,300.0,340.8333333333333
14105,2019,535.5,383.0,367.5,355.0,368.5
14105,2020,540.0,535.5,383.0,367.5,428.6666666666667
14105,2021,549.0,540.0,535.5,383.0,486.1666666666667
14105,2022,557.1,549.0,540.0,535.5,541.5
14105,2023,612.6,557.1,549.0,540.0,548.6999999999999
14105,2025,549.0,,612.6,557.1,
14107,2003,24.0,,,,
14107,2004,119.0,24.0,,,
14107,2005,60.0,119.0,24.0,,
14107,2006,80.0,60.0,119.0,24.0,67.66666666666667
14107,2007,65.0,80.0,60.0,119.0,86.33333333333333
14107,2008,58.0,65.0,80.0,60.0,68.33333333333333
14107,2009,48.0,58.0,65.0,80.0,67.66666666666667
14107,2010,72.0,48.0,58.0,65.0,57.0
14107,2011,95.0,72.0,48.0,58.0,59.333333333333336
14107,2012,49.0,95.0,72.0,48.0,71.66666666666667
14107,2013,45.0,49.0,95.0,72.0,72.0
14107,2014,54.0,45.0,49.0,95.0,63.0
14107,2015,67.5,54.0,45.0,49.0,49.333333333333336
14107,2016,60.0,67.5,54.0,45.0,55.5
14107,2017,681.12,60.0,67.5,54.0,60.5
14107,2018,682.0,681.12,60.0,67.5,269.54
14107,2019,682.0,682.0,681.12,60.0,474.3733333333333
14107,2020,814.0,682.0,682.0,681.12,681.7066666666666
14107,2021,791.5,814.0,682.0,682.0,726.0
14107,2022,796.0,791.5,814.0,682.0,762.5
14107,2023,875.5,796.0,791.5,814.0,800.5
14107,2025,928.03,,875.5,796.0,
14108,2006,0.0,,,,
14108,2007,83.3,0.0,,,
14108,2008,100.0,83.3,0.0,,
14108,2009,80.0,100.0,83.3,0.0,61.1
14108,2010,1810.6299999999999,80.0,100.0,83.3,87.76666666666667
14108,2011,3242.65,1810.6299999999999,80.0,100.0,663.5433333333333
14108,2012,1493.5,3242.65,1810.6299999999999,80.0,1711.0933333333332
14108,2013,6689.5,1493.5,3242.65,1810.6299999999999,2182.26
14108,2014,5756.96,6689.5,1493.5,3242.65,3808.5500000000006
14108,2015,6668.0,5756.96,6689.5,1493.5,4646.653333333334
14108,2016,8544.53,6668.0,5756.96,6689.5,6371.486666666667
14108,2017,9819.8,8544.53,6668.0,5756.96,6989.830000000001
14108,2018,13597.48,9819.8,8544.53,6668.0,8344.11
14108,2019,13802.0,13597.48,9819.8,8544.53,10653.936666666666
14108,2020,16272.0,13802.0,13597.48,9819.8,12406.426666666666
14108,2021,16284.0,16272.0,13802.0,13597.48,14557.159999999998
14108,2022,21506.25,16284.0,16272.0,13802.0,15452.666666666666
14108,2023,24975.0,21506.25,16284.0,16272.0,18020.75
14108,2025,24512.5,,24975.0,21506.25,
14112,2003,28.0,,,,
14112,2004,28.0,28.0,,,
14112,2005,2.0,28.0,28.0,,
14112,2006,2.5,2.0,28.0,28.0,19.333333333333332
14112,2007,62.0,2.5,2.0,28.0,10.833333333333334
14112,2008,46.6,62.0,2.5,2.0,22.166666666666668
14112,2009,48.2,46.6,62.0,2.5,37.03333333333333
14112,2010,50.5,48.2,46.6,62.0,52.26666666666667
14112,2011,212.56,50.5,48.2,46.6,48.43333333333334
14112,2012,158.78,212.56,50.5,48.2,103.75333333333333
14112,2013,95.19999999999999,158.78,212.56,50.5,140.61333333333334
14112,2014,88.2,95.19999999999999,158.78,212.56,155.51333333333335
14112,2015,212.38,88.2,95.19999999999999,158.78,114.06
14112,2016,424.78,212.38,88.2,95.19999999999999,131.92666666666665
14112,2017,464.84000000000003,424.78,212.38,88.2,241.78666666666663
14112,2018,588.1,464.84000000000003,424.78,212.38,367.3333333333333
14112,2019,731.28,588.1,464.84000000000003,424.78,492.5733333333333
14112,2020,783.54,731.28,588.1,464.84000000000003,594.74
14112,2021,710.89,783.54,731.28,588.1,700.9733333333334
14112,2022,823.96,710.89,783.54,731.28,741.9033333333333
14112,2023,1120.04,823.96,710.89,783.54,772.7966666666666
14112,2025,1183.48,,1120.04,823.96,
14113,2003,32.0,,,,
14113,2004,36.0,32.0,,,
14113,2005,36.0,36.0,32.0,,
14113,2006,36.0,36.0,36.0,32.0,34.666666666666664
14113,2007,133.0,36.0,36.0,36.0,36.0
14113,2008,660.0,133.0,36.0,36.0,68.33333333333333
14113,2009,709.5,660.0,133.0,36.0,276.3333333333333
14113,2010,3901.0,709.5,660.0,133.0,500.8333333333333
14113,2011,393.4,3901.0,709.5,660.0,1756.8333333333333
14113,2012,154.0,393.4,3901.0,709.5,1667.9666666666665
14113,2013,3230.09,154.0,393.4,3901.0,1482.8
14113,2014,4356.44,3230.09,154.0,393.4,1259.1633333333334
14113,2015,6941.42,4356.44,3230.09,154.0,2580.1766666666667
14113,2016,7589.7300000000005,6941.42,4356.44,3230.09,4842.650000000001
14113,2017,8901.86,7589.7300000000005,6941.42,4356.44,6295.863333333334
14113,2018,18528.82,8901.86,7589.7300000000005,6941.42,7811.003333333334
14113,2019,20589.89,18528.82,8901.86,7589.7300000000005,11673.470000000001
14113,2020,20185.7,20589.89,18528.82,8901.86,16006.856666666667
14113,2021,20206.51,20185.7,20589.89,18528.82,19768.13666666667
14113,2022,23465.95,20206.51,20185.7,20589.89,20327.366666666665
14113,2023,28409.14,23465.95,20206.51,20185.7,21286.053333333333
14113,2025,28409.14,,28409.14,23465.95,
14114,2015,0.0,,,,
14114,2016,0.0,0.0,,,
14114,2017,393.84,0.0,0.0,,
14114,2018,452.92,393.84,0.0,0.0,131.28
14114,2019,455.17,452.92,393.84,0.0,282.25333333333333
14114,2020,466.85,455.17,452.92,393.84,433.9766666666667
14114,2021,465.3,466.85,455.17,452.92,458.31333333333333
14114,2022,464.2,465.3,466.85,455.17,462.44000000000005
14114,2023,468.6,464.2,465.3,466.85,465.45
14114,2025,468.6,,468.6,464.2,
14115,2003,35.0,,,,
14115,2004,29.0,35.0,,,
14115,2005,21.0,29.0,35.0,,
14115,2006,28.0,21.0,29.0,35.0,28.333333333333332
14115,2007,25.9,28.0,21.0,29.0,26.0
14115,2008,20.0,25.9,28.0,21.0,24.96666666666667
14115,2009,20.0,20.0,25.9,28.0,24.633333333333336
14115,2010,23.4,20.0,20.0,25.9,21.96666666666667
14115,2011,21.9,23.4,20.0,20.0,21.133333333333333
14115,2012,16.2,21.9,23.4,20.0,21.766666666666666
14115,2013,15.0,16.2,21.9,23.4,20.5
14115,2014,0.0,15.0,16.2,21.9,17.7
14118,2015,0.0,,,,
14118,2016,0.0,0.0,,,
14118,2017,464.69,0.0,0.0,,
14118,2018,375.49,464.69,0.0,0.0,154.89666666666668
14118,2019,385.15,375.49,464.69,0.0,280.06
14118,2020,392.46,385.15,375.49,464.69,408.4433333333333
14118,2021,394.24,392.46,385.15,375.49,384.3666666666666
14118,2022,395.42,394.24,392.46,385.15,390.6166666666666
14118,2023,397.6,395.42,394.24,392.46,394.04
14118,2025,394.8,,397.6,395.42,
14119,2009,0.0,,,,
14119,2010,0.0,0.0,,,
14119,2011,0.0,0.0,0.0,,
14119,2012,0.0,0.0,0.0,0.0,0.0
14119,2013,132.0,0.0,0.0,0.0,0.0
14119,2014,170.72,132.0,0.0,0.0,44.0
14119,2015,176.88,170.72,132.0,0.0,100.90666666666668
14119,2016,393.42,176.88,170.72,132.0,159.86666666666667
14119,2017,408.07,393.42,176.88,170.72,247.00666666666666
14119,2018,348.12,408.07,393.42,176.88,326.1233333333333
14119,2019,516.4,348.12,408.07,393.42,383.2033333333333
14119,2020,448.99,516.4,348.12,408.07,424.1966666666667
14119,2021,452.76,448.99,516.4,348.12,437.83666666666676
14119,2022,529.69,452.76,448.99,516.4,472.7166666666667
14119,2023,530.08,529.69,452.76,448.99,477.1466666666667
14119,2025,533.61,,530.08,529.69,
14120,2003,150.0,,,,
14120,2004,0.0,150.0,,,
14120,2005,187.0,0.0,150.0,,
14120,2006,150.0,187.0,0.0,150.0,112.33333333333333
14120,2007,152.0,150.0,187.0,0.0,112.33333333333333
14120,2008,162.5,152.0,150.0,187.0,163.0
14120,2009,175.0,162.5,152.0,150.0,154.83333333333334
14120,2010,165.0,175.0,162.5,152.0,163.16666666666666
14120,2011,162.5,165.0,175.0,162.5,167.5
14120,2012,250.0,162.5,165.0,175.0,167.5
14120,2013,412.5,250.0,162.5,165.0,192.5
14120,2014,422.0,412.5,250.0,162.5,275.0
14120,2015,395.0,422.0,412.5,250.0,361.5
14120,2016,331.25,395.0,422.0,412.5,409.8333333333333
14120,2017,350.0,331.25,395.0,422.0,382.75
14120,2018,390.25,350.0,331.25,395.0,358.75
14120,2019,438.43,390.25,350.0,331.25,357.1666666666667
14120,2020,448.59,438.43,390.25,350.0,392.8933333333334
14120,2021,375.0,448.59,438.43,390.25,425.75666666666666
14120,2022,367.42,375.0,448.59,438.43,420.67333333333335
14120,2023,368.75,367.42,375.0,448.59,397.00333333333333
14120,2025,368.75,,368.75,367.42,
14121,2007,0.0,,,,
14121,2008,0.0,0.0,,,
14121,2009,0.0,0.0,0.0,,
14121,2010,894.45,0.0,0.0,0.0,0.0
14121,2011,2660.2,894.45,0.0,0.0,298.15000000000003
14121,2012,536.0,2660.2,894.45,0.0,1184.8833333333332
14121,2013,4327.5,536.0,2660.2,894.45,1363.55
14121,2014,6180.32,4327.5,536.0,2660.2,2507.9
14121,2015,7220.0,6180.32,4327.5,536.0,3681.273333333333
14121,2016,8938.8,7220.0,6180.32,4327.5,5909.2733333333335
14121,2017,10164.73,8938.8,7220.0,6180.32,7446.373333333333
14121,2018,13732.24,10164.73,8938.8,7220.0,8774.51
14121,2019,13634.21,13732.24,10164.73,8938.8,10945.256666666666
14121,2020,12623.82,13634.21,13732.24,10164.73,12510.393333333333
14121,2021,12813.43,12623.82,13634.21,13732.24,13330.089999999998
14121,2022,26009.85,12813.43,12623.82,13634.21,13023.82
14121,2023,27920.04,26009.85,12813.43,12623.82,17149.033333333333
14121,2025,30320.4,,27920.04,26009.85,
14122,2005,50.0,,,,
14122,2006,0.0,50.0,,,
14122,2007,0.0,0.0,50.0,,
14122,2008,17.5,0.0,0.0,50.0,16.666666666666668
14122,2009,25.0,17.5,0.0,0.0,5.833333333333333
14122,2010,23.75,25.0,17.5,0.0,14.166666666666666
14122,2011,1500.0,23.75,25.0,17.5,22.083333333333332
14122,2012,1875.0,1500.0,23.75,25.0,516.25
14122,2013,2940.0,1875.0,1500.0,23.75,1132.9166666666667
14122,2014,2046.0,2940.0,1875.0,1500.0,2105.0
14122,2015,1328.0,2046.0,2940.0,1875.0,2287.0
14122,2016,2750.0,1328.0,2046.0,2940.0,2104.6666666666665
14122,2017,2663.93,2750.0,1328.0,2046.0,2041.3333333333333
14122,2018,3016.78,2663.93,2750.0,1328.0,2247.31
14122,2019,3115.75,3016.78,2663.93,2750.0,2810.236666666666
14122,2020,4488.75,3115.75,3016.78,2663.93,2932.153333333333
14122,2021,4522.0,4488.75,3115.75,3016.78,3540.4266666666663
14122,2022,5199.94,4522.0,4488.75,3115.75,4042.1666666666665
14122,2023,5548.0,5199.94,4522.0,4488.75,4736.8966666666665
14122,2025,11504.8,,5548.0,5199.94,
14123,2023,32.0,,,,
14123,2025,30.54,,32.0,,
14124,2013,0.0,,,,
14124,2014,0.0,0.0,,,
14124,2015,0.0,0.0,0.0,,
14124,2016,87.6,0.0,0.0,0.0,0.0
14124,2017,235.6,87.6,0.0,0.0,29.2
14124,2018,299.0,235.6,87.6,0.0,107.73333333333333
14124,2019,263.81,299.0,235.6,87.6,207.4
14124,2020,334.18,263.81,299.0,235.6,266.13666666666666
14124,2021,410.19,334.18,263.81,299.0,298.99666666666667
14124,2022,409.52,410.19,334.18,263.81,336.06
14124,2023,409.2,409.52,410.19,334.18,384.62999999999994
14124,2025,412.17,,409.2,409.52,
15004,2003,3294.0,,,,
15004,2004,5110.0,3294.0,,,
15004,2005,5110.0,5110.0,3294.0,,
15004,2006,3155.0,5110.0,5110.0,3294.0,4504.666666666667
15004,2007,3500.0,3155.0,5110.0,5110.0,4458.333333333333
15004,2008,5222.5,3500.0,3155.0,5110.0,3921.6666666666665
15004,2009,4976.75,5222.5,3500.0,3155.0,3959.1666666666665
15004,2010,4820.0,4976.75,5222.5,3500.0,4566.416666666667
15004,2011,4720.0,4820.0,4976.75,5222.5,5006.416666666667
15004,2012,915.0,4720.0,4820.0,4976.75,4838.916666666667
15004,2013,3086.0,915.0,4720.0,4820.0,3485.0
15004,2014,3936.0,3086.0,915.0,4720.0,2907.0
15004,2015,5450.360000000001,3936.0,3086.0,915.0,2645.6666666666665
15004,2016,7358.0,5450.360000000001,3936.0,3086.0,4157.453333333334
15004,2017,7816.96,7358.0,5450.360000000001,3936.0,5581.453333333334
15004,2018,5194.2,7816.96,7358.0,5450.360000000001,6875.106666666667
15004,2019,6876.6,5194.2,7816.96,7358.0,6789.72
15004,2020,5832.48,6876.6,5194.2,7816.96,6629.253333333334
15004,2021,5986.66,5832.48,6876.6,5194.2,5967.759999999999
15004,2022,5860.96,5986.66,5832.48,6876.6,6231.913333333333
15004,2023,6077.6,5860.96,5986.66,5832.48,5893.366666666666
15004,2025,6779.52,,6077.6,5860.96,
15007,2003,28.0,,,,
15007,2004,36.0,28.0,,,
15007,2005,49.0,36.0,28.0,,
15007,2006,42.0,49.0,36.0,28.0,37.666666666666664
15007,2007,35.0,42.0,49.0,36.0,42.333333333333336
15007,2008,40.0,35.0,42.0,49.0,42.0
15007,2009,50.0,40.0,35.0,42.0,39.0
15007,2010,78.0,50.0,40.0,35.0,41.666666666666664
15007,2011,50.0,78.0,50.0,40.0,56.0
15007,2012,141.3,50.0,78.0,50.0,59.333333333333336
15007,2013,175.0,141.3,50.0,78.0,89.76666666666667
15007,2014,178.68,175.0,141.3,50.0,122.10000000000001
15007,2015,192.5,178.68,175.0,141.3,164.99333333333334
15007,2016,268.55,192.5,178.68,175.0,182.06000000000003
15007,2017,325.0,268.55,192.5,178.68,213.24333333333334
15007,2018,336.0,325.0,268.55,192.5,262.01666666666665
15007,2019,416.95,336.0,325.0,268.55,309.84999999999997
15007,2020,580.06,416.95,336.0,325.0,359.31666666666666
15007,2021,410.75,580.06,416.95,336.0,444.33666666666664
15007,2022,586.83,410.75,580.06,416.95,469.25333333333333
15007,2023,587.3,586.83,410.75,580.06,525.88
15007,2025,595.86,,587.3,586.83,
15008,2003,36.5,,,,
15008,2004,34.0,36.5,,,
15008,2005,34.0,34.0,36.5,,
15008,2006,37.0,34.0,34.0,36.5,34.833333333333336
15008,2007,32.0,37.0,34.0,34.0,35.0
15008,2008,36.5,32.0,37.0,34.0,34.333333333333336
15008,2009,35.7,36.5,32.0,37.0,35.166666666666664
15008,2010,35.0,35.7,36.5,32.0,34.733333333333334
15008,2011,48.6,35.0,35.7,36.5,35.733333333333334
15008,2012,241.61,48.6,35.0,35.7,39.76666666666667
15008,2013,252.1,241.61,48.6,35.0,108.40333333333335
15008,2014,253.57,252.1,241.61,48.6,180.77
15008,2015,181.5,253.57,252.1,241.61,249.09333333333333
15008,2016,646.8,181.5,253.57,252.1,229.05666666666664
15008,2017,709.3,646.8,181.5,253.57,360.6233333333333
15008,2018,638.5,709.3,646.8,181.5,512.5333333333333
15008,2019,897.5,638.5,709.3,646.8,664.8666666666667
15008,2020,724.19,897.5,638.5,709.3,748.4333333333334
15008,2021,924.41,724.19,897.5,638.5,753.3966666666666
15008,2022,912.22,924.41,724.19,897.5,848.6999999999999
15008,2023,939.0,912.22,924.41,724.19,853.6066666666667
15008,2025,1699.0,,939.0,912.22,
15009,2003,14.0,,,,
15015,2003,41.4,,,,
15015,2004,929.6,41.4,,,
15015,2005,822.3,929.6,41.4,,
15015,2006,1054.0,822.3,929.6,41.4,597.7666666666667
15015,2007,704.0,1054.0,822.3,929.6,935.2999999999998
15015,2008,439.5,704.0,1054.0,822.3,860.1
15015,2009,399.6,439.5,704.0,1054.0,732.5
15015,2010,395.94,399.6,439.5,704.0,514.3666666666667
15015,2011,391.7,395.94,399.6,439.5,411.68
15015,2012,880.75,391.7,395.94,399.6,395.74666666666667
15015,2013,965.3,880.75,391.7,395.94,556.13
15015,2014,1120.45,965.3,880.75,391.7,745.9166666666666
15015,2015,1146.31,1120.45,965.3,880.75,988.8333333333334
15015,2016,1483.82,1146.31,1120.45,965.3,1077.3533333333332
15015,2017,1499.95,1483.82,1146.31,1120.45,1250.1933333333334
15015,2018,1510.28,1499.95,1483.82,1146.31,1376.6933333333334
15015,2019,1736.31,1510.28,1499.95,1483.82,1498.0166666666667
15015,2020,1751.66,1736.31,1510.28,1499.95,1582.18
15015,2021,1585.97,1751.66,1736.31,1510.28,1666.0833333333333
15015,2022,1497.2,1585.97,1751.66,1736.31,1691.3133333333335
15015,2023,1209.7,1497.2,1585.97,1751.66,1611.61
15015,2025,1476.56,,1209.7,1497.2,
15021,2003,2460.0,,,,
15021,2004,6834.0,2460.0,,,
15021,2005,5745.0,6834.0,2460.0,,
15021,2006,6225.0,5745.0,6834.0,2460.0,5013.0
15021,2007,6390.0,6225.0,5745.0,6834.0,6268.0
15021,2008,7119.0,6390.0,6225.0,5745.0,6120.0
15021,2009,6249.1,7119.0,6390.0,6225.0,6578.0
15021,2010,6339.65,6249.1,7119.0,6390.0,6586.033333333333
15021,2011,9487.5,6339.65,6249.1,7119.0,6569.25
15021,2012,10072.5,9487.5,6339.65,6249.1,7358.75
15021,2013,26691.0,10072.5,9487.5,6339.65,8633.216666666667
15021,2014,26213.34,26691.0,10072.5,9487.5,15417.0
15021,2015,30638.0,26213.34,26691.0,10072.5,20992.28
15021,2016,35967.4,30638.0,26213.34,26691.0,27847.446666666667
15021,2017,26917.4,35967.4,30638.0,26213.34,30939.58
15021,2018,22000.8,26917.4,35967.4,30638.0,31174.266666666674
15021,2019,33684.12,22000.8,26917.4,35967.4,28295.2
15021,2020,29761.2,33684.12,22000.8,26917.4,27534.10666666667
15021,2021,32328.42,29761.2,33684.12,22000.8,28482.040000000005
15021,2022,34965.799999999996,32328.42,29761.2,33684.12,31924.58
15021,2023,33772.9,34965.799999999996,32328.42,29761.2,32351.806666666667
15021,2025,25648.35,,33772.9,34965.799999999996,
15032,2003,426.0,,,,
15032,2004,426.0,426.0,,,
15032,2005,671.0,426.0,426.0,,
15032,2006,950.0,671.0,426.0,426.0,507.6666666666667
15032,2007,950.0,950.0,671.0,426.0,682.3333333333334
15032,2008,1080.0,950.0,950.0,671.0,857.0
15032,2009,1160.0,1080.0,950.0,950.0,993.3333333333334
15032,2010,1690.0,1160.0,1080.0,950.0,1063.3333333333333
15032,2011,1275.0,1690.0,1160.0,1080.0,1310.0
15032,2012,1960.0,1275.0,1690.0,1160.0,1375.0
15032,2013,2480.0,1960.0,1275.0,1690.0,1641.6666666666667
15032,2014,5075.0,2480.0,1960.0,1275.0,1905.0
15032,2015,12095.06,5075.0,2480.0,1960.0,3171.6666666666665
15032,2016,13921.69,12095.06,5075.0,2480.0,6550.0199999999995
15032,2017,14085.2,13921.69,12095.06,5075.0,10363.916666666666
15032,2018,14572.96,14085.2,13921.69,12095.06,13367.316666666666
15032,2019,16058.95,14572.96,14085.2,13921.69,14193.283333333335
15032,2020,15465.62,16058.95,14572.96,14085.2,14905.703333333333
15032,2021,15548.5,15465.62,16058.95,14572.96,15365.843333333332
15032,2022,15503.630000000001,15548.5,15465.62,16058.95,15691.023333333333
15032,2023,15515.41,15503.630000000001,15548.5,15465.62,15505.916666666666
15032,2025,16240.109999999999,,15515.41,15503.630000000001,
15034,2003,7.1,,,,
15034,2004,90.0,7.1,,,
15034,2005,86.0,90.0,7.1,,
15034,2006,90.0,86.0,90.0,7.1,61.03333333333333
15034,2007,85.5,90.0,86.0,90.0,88.66666666666667
15034,2008,86.05,85.5,90.0,86.0,87.16666666666667
15034,2009,85.6,86.05,85.5,90.0,87.18333333333334
15034,2010,79.0,85.6,86.05,85.5,85.71666666666665
15034,2011,79.0,79.0,85.6,86.05,83.55
15034,2012,169.75,79.0,79.0,85.6,81.19999999999999
15034,2013,279.2,169.75,79.0,79.0,109.25
15034,2014,305.84,279.2,169.75,79.0,175.98333333333335
15034,2015,312.1,305.84,279.2,169.75,251.59666666666666
15034,2016,316.33,312.1,305.84,279.2,299.0466666666667
15034,2017,323.58,316.33,312.1,305.84,311.42333333333335
15034,2018,322.96,323.58,316.33,312.1,317.33666666666664
15034,2019,420.4,322.96,323.58,316.33,320.95666666666665
15034,2020,427.4,420.4,322.96,323.58,355.6466666666667
15034,2021,420.8,427.4,420.4,322.96,390.25333333333333
15034,2022,523.0,420.8,427.4,420.4,422.8666666666666
15034,2023,1337.23,523.0,420.8,427.4,457.06666666666666
15034,2025,1301.96,,1337.23,523.0,
15040,2003,100.0,,,,
15040,2004,200.0,100.0,,,
15040,2005,200.0,200.0,100.0,,
15040,2006,160.0,200.0,200.0,100.0,166.66666666666666
15040,2007,120.0,160.0,200.0,200.0,186.66666666666666
15040,2008,160.0,120.0,160.0,200.0,160.0
15040,2009,200.0,160.0,120.0,160.0,146.66666666666666
15040,2010,85.0,200.0,160.0,120.0,160.0
15040,2011,200.0,85.0,200.0,160.0,148.33333333333334
15040,2012,198.0,200.0,85.0,200.0,161.66666666666666
15040,2013,252.0,198.0,200.0,85.0,161.0
15040,2014,246.96,252.0,198.0,200.0,216.66666666666666
15040,2015,227.5,246.96,252.0,198.0,232.32000000000002
15040,2016,577.8,227.5,246.96,252.0,242.15333333333334
15040,2017,645.66,577.8,227.5,246.96,350.75333333333333
15040,2018,355.6,645.66,577.8,227.5,483.65333333333336
15040,2019,204.32,355.6,645.66,577.8,526.3533333333334
15040,2020,197.20000000000002,204.32,355.6,645.66,401.85999999999996
15040,2021,203.1,197.20000000000002,204.32,355.6,252.37333333333333
15040,2022,198.94,203.1,197.20000000000002,204.32,201.54
15040,2023,239.82,198.94,203.1,197.20000000000002,199.74666666666667
15040,2025,245.88,,239.82,198.94,
15041,2003,48.0,,,,
15041,2004,80.0,48.0,,,
15041,2005,350.0,80.0,48.0,,
15041,2006,200.0,350.0,80.0,48.0,159.33333333333334
15041,2007,205.0,200.0,350.0,80.0,210.0
15041,2008,380.0,205.0,200.0,350.0,251.66666666666666
15041,2009,438.0,380.0,205.0,200.0,261.6666666666667
15041,2010,584.0,438.0,380.0,205.0,341.0
15041,2011,408.0,584.0,438.0,380.0,467.3333333333333
15041,2012,707.0,408.0,584.0,438.0,476.6666666666667
15041,2013,1020.0,707.0,408.0,584.0,566.3333333333334
15041,2014,1391.6,1020.0,707.0,408.0,711.6666666666666
15041,2015,1454.8,1391.6,1020.0,707.0,1039.5333333333333
15041,2016,1419.2,1454.8,1391.6,1020.0,1288.8
15041,2017,1387.0,1419.2,1454.8,1391.6,1421.8666666666668
15041,2018,1490.0,1387.0,1419.2,1454.8,1420.3333333333333
15041,2019,2058.25,1490.0,1387.0,1419.2,1432.0666666666666
15041,2020,1899.38,2058.25,1490.0,1387.0,1645.0833333333333
15041,2021,1666.36,1899.38,2058.25,1490.0,1815.8766666666668
15041,2022,1925.08,1666.36,1899.38,2058.25,1874.6633333333332
15041,2023,1814.03,1925.08,1666.36,1899.38,1830.2733333333333
15041,2025,3057.42,,1814.03,1925.08,
15049,2012,1540.0,,,,
15049,2013,2750.0,1540.0,,,
15049,2014,1417.5,2750.0,1540.0,,
15049,2015,3307.5,1417.5,2750.0,1540.0,1902.5
15049,2016,1801.58,3307.5,1417.5,2750.0,2491.6666666666665
15049,2017,1904.91,1801.58,3307.5,1417.5,2175.5266666666666
15049,2018,1981.0,1904.91,1801.58,3307.5,2337.9966666666664
15049,2019,3094.0,1981.0,1904.91,1801.58,1895.83
15049,2020,2597.0,3094.0,1981.0,1904.91,2326.6366666666668
15049,2021,2647.4,2597.0,3094.0,1981.0,2557.3333333333335
15049,2022,2556.4,2647.4,2597.0,3094.0,2779.4666666666667
15049,2023,2546.6,2556.4,2647.4,2597.0,2600.266666666667
15049,2025,1381.8,,2546.6,2556.4,
15050,2019,43.6,,,,
15050,2020,44.52,43.6,,,
15050,2021,43.64,44.52,43.6,,
15050,2022,0.0,43.64,44.52,43.6,43.919999999999995
15050,2023,517.85,0.0,43.64,44.52,29.38666666666667
15050,2025,470.21,,517.85,0.0,
15052,2003,392.0,,,,
15052,2004,634.0,392.0,,,
15052,2005,392.0,634.0,392.0,,
15052,2006,525.0,392.0,634.0,392.0,472.6666666666667
15052,2007,482.0,525.0,392.0,634.0,517.0
15052,2008,574.5,482.0,525.0,392.0,466.3333333333333
15052,2009,817.94,574.5,482.0,525.0,527.1666666666666
15052,2010,434.38,817.94,574.5,482.0,624.8133333333334
15052,2011,610.0,434.38,817.94,574.5,608.94
15052,2012,707.0,610.0,434.38,817.94,620.7733333333334
15052,2013,915.0,707.0,610.0,434.38,583.7933333333334
15052,2014,1762.0,915.0,707.0,610.0,744.0
15052,2015,2067.0,1762.0,915.0,707.0,1128.0
15052,2016,2671.4,2067.0,1762.0,915.0,1581.3333333333333
15052,2017,3524.82,2671.4,2067.0,1762.0,2166.7999999999997
15052,2018,1879.0,3524.82,2671.4,2067.0,2754.406666666667
15052,2019,4200.3,1879.0,3524.82,2671.4,2691.7400000000002
15052,2020,4285.8,4200.3,1879.0,3524.82,3201.373333333333
15052,2021,4255.8,4285.8,4200.3,1879.0,3455.0333333333333
15052,2022,4235.7,4255.8,4285.8,4200.3,4247.3
15052,2023,5191.4,4235.7,4255.8,4285.8,4259.1
15052,2025,7157.25,,5191.4,4235.7,
15060,2023,64.0,,,,
15060,2025,78.96,,64.0,,
15063,2003,158.0,,,,
15063,2004,158.0,158.0,,,
15063,2005,158.0,158.0,158.0,,
15063,2006,158.0,158.0,158.0,158.0,158.0
15063,2007,136.0,158.0,158.0,158.0,158.0
15063,2008,138.0,136.0,158.0,158.0,150.66666666666666
15063,2009,183.6,138.0,136.0,158.0,144.0
15063,2010,69.5,183.6,138.0,136.0,152.53333333333333
15063,2011,174.0,69.5,183.6,138.0,130.36666666666667
15063,2012,944.0,174.0,69.5,183.6,142.36666666666667
15063,2013,1822.0,944.0,174.0,69.5,395.8333333333333
15063,2014,1602.0,1822.0,944.0,174.0,980.0
15063,2015,1262.0,1602.0,1822.0,944.0,1456.0
15063,2016,2126.88,1262.0,1602.0,1822.0,1562.0
15063,2017,2372.8,2126.88,1262.0,1602.0,1663.6266666666668
15063,2018,1835.0,2372.8,2126.88,1262.0,1920.5600000000002
15063,2019,2131.0,1835.0,2372.8,2126.88,2111.56
15063,2020,2145.6,2131.0,1835.0,2372.8,2112.9333333333334
15063,2021,2259.69,2145.6,2131.0,1835.0,2037.2
15063,2022,2267.04,2259.69,2145.6,2131.0,2178.7633333333333
15063,2023,2754.25,2267.04,2259.69,2145.6,2224.11
15063,2025,3238.41,,2754.25,2267.04,
15066,2003,40.0,,,,
15066,2004,24.0,40.0,,,
15066,2005,28.0,24.0,40.0,,
15066,2006,28.0,28.0,24.0,40.0,30.666666666666668
15066,2007,4.0,28.0,28.0,24.0,26.666666666666668
15066,2008,4.25,4.0,28.0,28.0,20.0
15066,2009,5.0,4.25,4.0,28.0,12.083333333333334
15066,2010,4.0,5.0,4.25,4.0,4.416666666666667
15066,2011,24.0,4.0,5.0,4.25,4.416666666666667
15066,2012,23.0,24.0,4.0,5.0,11.0
15066,2013,30.0,23.0,24.0,4.0,17.0
15066,2014,19.5,30.0,23.0,24.0,25.666666666666668
15066,2015,22.5,19.5,30.0,23.0,24.166666666666668
15066,2016,63.6,22.5,19.5,30.0,24.0
15066,2017,64.0,63.6,22.5,19.5,35.199999999999996
15066,2018,68.0,64.0,63.6,22.5,50.03333333333333
15066,2019,80.5,68.0,64.0,63.6,65.2
15066,2020,122.98,80.5,68.0,64.0,70.83333333333333
15066,2021,74.41,122.98,80.5,68.0,90.49333333333334
15066,2022,123.97,74.41,122.98,80.5,92.63
15066,2023,104.5,123.97,74.41,122.98,107.12
15066,2025,128.31,,104.5,123.97,
15068,2003,6.9,,,,
15068,2004,230.0,6.9,,,
15068,2005,185.0,230.0,6.9,,
15068,2006,200.0,185.0,230.0,6.9,140.63333333333333
15068,2007,209.0,200.0,185.0,230.0,205.0
15068,2008,212.5,209.0,200.0,185.0,198.0
15068,2009,212.25,212.5,209.0,200.0,207.16666666666666
15068,2010,200.0,212.25,212.5,209.0,211.25
15068,2011,201.5,200.0,212.25,212.5,208.25
15068,2012,248.0,201.5,200.0,212.25,204.58333333333334
15068,2013,251.5,248.0,201.5,200.0,216.5
15068,2014,369.5,251.5,248.0,201.5,233.66666666666666
15068,2015,386.0,369.5,251.5,248.0,289.6666666666667
15068,2016,523.39,386.0,369.5,251.5,335.6666666666667
15068,2017,524.0,523.39,386.0,369.5,426.2966666666666
15068,2018,483.64,524.0,523.39,386.0,477.7966666666666
15068,2019,592.01,483.64,524.0,523.39,510.3433333333333
15068,2020,628.11,592.01,483.64,524.0,533.2166666666667
15068,2021,547.28,628.11,592.01,483.64,567.92
15068,2022,631.47,547.28,628.11,592.01,589.1333333333333
15068,2023,1232.8,631.47,547.28,628.11,602.2866666666666
15068,2025,1288.22,,1232.8,631.47,
15077,2003,50.0,,,,
15077,2004,48.25,50.0,,,
15077,2005,46.0,48.25,50.0,,
15077,2006,64.0,46.0,48.25,50.0,48.083333333333336
15077,2007,64.0,64.0,46.0,48.25,52.75
15077,2008,58.0,64.0,64.0,46.0,58.0
15077,2009,143.0,58.0,64.0,64.0,62.0
15077,2010,133.4,143.0,58.0,64.0,88.33333333333333
15077,2011,101.7,133.4,143.0,58.0,111.46666666666665
15077,2012,90.1,101.7,133.4,143.0,126.03333333333335
15077,2013,107.44,90.1,101.7,133.4,108.39999999999999
15077,2014,141.86,107.44,90.1,101.7,99.74666666666667
15077,2015,142.05,141.86,107.44,90.1,113.13333333333334
15077,2016,873.4,142.05,141.86,107.44,130.45000000000002
15077,2017,2201.2,873.4,142.05,141.86,385.77
15077,2018,2543.55,2201.2,873.4,142.05,1072.2166666666665
15077,2019,2765.2000000000003,2543.55,2201.2,873.4,1872.7166666666665
15077,2020,2596.91,2765.2000000000003,2543.55,2201.2,2503.316666666667
15077,2021,2988.26,2596.91,2765.2000000000003,2543.55,2635.22
15077,2022,3084.5699999999997,2988.26,2596.91,2765.2000000000003,2783.456666666667
15077,2023,3072.9700000000003,3084.5699999999997,2988.26,2596.91,2889.9133333333334
15077,2025,3875.27,,3072.9700000000003,3084.5699999999997,
15078,2006,7.5,,,,
15078,2007,16.0,7.5,,,
15078,2008,16.0,16.0,7.5,,
15078,2009,18.0,16.0,16.0,7.5,13.166666666666666
15078,2010,24.5,18.0,16.0,16.0,16.666666666666668
15078,2011,35.0,24.5,18.0,16.0,19.5
15078,2012,31.5,35.0,24.5,18.0,25.833333333333332
15078,2013,455.0,31.5,35.0,24.5,30.333333333333332
15078,2014,475.0,455.0,31.5,35.0,173.83333333333334
15078,2015,500.0,475.0,455.0,31.5,320.5
15078,2016,73.5,500.0,475.0,455.0,476.6666666666667
15078,2017,81.0,73.5,500.0,475.0,349.5
15078,2018,85.0,81.0,73.5,500.0,218.16666666666666
15078,2019,99.0,85.0,81.0,73.5,79.83333333333333
15078,2020,172.06,99.0,85.0,81.0,88.33333333333333
15078,2021,102.15,172.06,99.0,85.0,118.68666666666667
15078,2022,175.0,102.15,172.06,99.0,124.40333333333335
15078,2023,156.8,175.0,102.15,172.06,149.73666666666668
15078,2025,161.98,,156.8,175.0,
15080,2003,35.0,,,,
15080,2004,70.0,35.0,,,
15080,2005,70.0,70.0,35.0,,
15080,2006,300.0,70.0,70.0,35.0,58.333333333333336
15080,2007,140.0,300.0,70.0,70.0,146.66666666666666
15080,2008,110.0,140.0,300.0,70.0,170.0
15080,2009,120.0,110.0,140.0,300.0,183.33333333333334
15080,2010,80.0,120.0,110.0,140.0,123.33333333333333
15080,2011,92.0,80.0,120.0,110.0,103.33333333333333
15080,2012,200.0,92.0,80.0,120.0,97.33333333333333
15080,2013,180.0,200.0,92.0,80.0,124.0
15080,2014,604.0,180.0,200.0,92.0,157.33333333333334
15080,2015,1107.59,604.0,180.0,200.0,328.0
15080,2016,3240.0,1107.59,604.0,180.0,630.53
15080,2017,3859.9,3240.0,1107.59,604.0,1650.53
15080,2018,1674.0,3859.9,3240.0,1107.59,2735.83
15080,2019,1746.0,1674.0,3859.9,3240.0,2924.633333333333
15080,2020,1755.0,1746.0,1674.0,3859.9,2426.633333333333
15080,2021,1822.25,1755.0,1746.0,1674.0,1725.0
15080,2022,1813.0,1822.25,1755.0,1746.0,1774.4166666666667
15080,2023,3346.5,1813.0,1822.25,1755.0,1796.75
15080,2025,3343.05,,3346.5,1813.0,
15082,2003,61.0,,,,
15082,2004,60.85,61.0,,,
15082,2005,59.75,60.85,61.0,,
15082,2006,58.0,59.75,60.85,61.0,60.53333333333333
15082,2007,62.0,58.0,59.75,60.85,59.53333333333333
15082,2008,63.0,62.0,58.0,59.75,59.916666666666664
15082,2009,103.05,63.0,62.0,58.0,61.0
15082,2010,114.6,103.05,63.0,62.0,76.01666666666667
15082,2011,226.0,114.6,103.05,63.0,93.55
15082,2012,210.0,226.0,114.6,103.05,147.88333333333333
15082,2013,217.5,210.0,226.0,114.6,183.53333333333333
15082,2014,336.0,217.5,210.0,226.0,217.83333333333334
15082,2015,340.8,336.0,217.5,210.0,254.5
15082,2016,438.0,340.8,336.0,217.5,298.09999999999997
15082,2017,446.21,438.0,340.8,336.0,371.59999999999997
15082,2018,448.95,446.21,438.0,340.8,408.33666666666664
15082,2019,454.43,448.95,446.21,438.0,444.3866666666667
15082,2020,457.16,454.43,448.95,446.21,449.8633333333334
15082,2021,710.14,457.16,454.43,448.95,453.5133333333333
15082,2022,706.77,710.14,457.16,454.43,540.5766666666667
15082,2023,701.72,706.77,710.14,457.16,624.69
15082,2025,1206.06,,701.72,706.77,
15086,2003,291.0,,,,
15086,2004,280.5,291.0,,,
15086,2005,268.5,280.5,291.0,,
15086,2006,294.0,268.5,280.5,291.0,280.0
15086,2007,290.0,294.0,268.5,280.5,281.0
15086,2008,208.65,290.0,294.0,268.5,284.1666666666667
15086,2009,586.0,208.65,290.0,294.0,264.21666666666664
15086,2010,419.5,586.0,208.65,290.0,361.55
15086,2011,546.0,419.5,586.0,208.65,404.7166666666667
15086,2012,2210.84,546.0,419.5,586.0,517.1666666666666
15086,2013,2743.7,2210.84,546.0,419.5,1058.78
15086,2014,2962.3999999999996,2743.7,2210.84,546.0,1833.5133333333333
15086,2015,9965.2,2962.3999999999996,2743.7,2210.84,2638.98
15086,2016,12311.7,9965.2,2962.3999999999996,2743.7,5223.766666666666
15086,2017,12457.83,12311.7,9965.2,2962.3999999999996,8413.1
15086,2018,12955.76,12457.83,12311.7,9965.2,11578.243333333334
15086,2019,14269.8,12955.76,12457.83,12311.7,12575.096666666666
15086,2020,14823.42,14269.8,12955.76,12457.83,13227.796666666667
15086,2021,16940.62,14823.42,14269.8,12955.76,14016.326666666666
15086,2022,14809.36,16940.62,14823.42,14269.8,15344.613333333333
15086,2023,14981.2,14809.36,16940.62,14823.42,15524.466666666667
15086,2025,17390.63,,14981.2,14809.36,
15088,2003,2160.0,,,,
15088,2004,2400.0,2160.0,,,
15088,2005,1360.0,2400.0,2160.0,,
15088,2006,2200.0,1360.0,2400.0,2160.0,1973.3333333333333
15088,2007,1964.0,2200.0,1360.0,2400.0,1986.6666666666667
15088,2008,2004.5,1964.0,2200.0,1360.0,1841.3333333333333
15088,2009,2025.0,2004.5,1964.0,2200.0,2056.1666666666665
15088,2010,1727.6,2025.0,2004.5,1964.0,1997.8333333333333
15088,2011,2000.0,1727.6,2025.0,2004.5,1919.0333333333335
15088,2012,2717.2,2000.0,1727.6,2025.0,1917.5333333333335
15088,2013,4560.0,2717.2,2000.0,1727.6,2148.2666666666664
15088,2014,7335.0,4560.0,2717.2,2000.0,3092.3999999999996
15088,2015,6983.5,7335.0,4560.0,2717.2,4870.733333333333
15088,2016,10151.6,6983.5,7335.0,4560.0,6292.833333333333
15088,2017,14757.88,10151.6,6983.5,7335.0,8156.7
15088,2018,9746.36,14757.88,10151.6,6983.5,10630.993333333334
15088,2019,11866.88,9746.36,14757.88,10151.6,11551.946666666665
15088,2020,9966.279999999999,11866.88,9746.36,14757.88,12123.706666666667
15088,2021,9996.14,9966.279999999999,11866.88,9746.36,10526.506666666666
15088,2022,10044.84,9996.14,9966.279999999999,11866.88,10609.766666666665
15088,2023,9977.56,10044.84,9996.14,9966.279999999999,10002.42
15088,2025,8867.88,,9977.56,10044.84,
15090,2014,150.0,,,,
15090,2015,336.0,150.0,,,
15090,2016,190.01,336.0,150.0,,
15090,2017,195.0,190.01,336.0,150.0,225.33666666666667
15090,2018,205.6,195.0,190.01,336.0,240.33666666666667
15090,2019,353.12,205.6,195.0,190.01,196.87
15090,2020,315.04,353.12,205.6,195.0,251.24
15090,2021,299.36,315.04,353.12,205.6,291.25333333333333
15090,2022,291.04,299.36,315.04,353.12,322.50666666666666
15090,2023,291.2,291.04,299.36,315.04,301.81333333333333
15090,2025,157.92,,291.2,291.04,
15094,2004,364.0,,,,
15094,2005,303.0,364.0,,,
15094,2006,354.0,303.0,364.0,,
15094,2007,350.0,354.0,303.0,364.0,340.3333333333333
15094,2008,373.0,350.0,354.0,303.0,335.6666666666667
15094,2009,470.5,373.0,350.0,354.0,359.0
15094,2010,464.0,470.5,373.0,350.0,397.8333333333333
15094,2011,447.0,464.0,470.5,373.0,435.8333333333333
15094,2012,399.0,447.0,464.0,470.5,460.5
15094,2013,380.8,399.0,447.0,464.0,436.6666666666667
15094,2014,388.0,380.8,399.0,447.0,408.93333333333334
15094,2015,390.88,388.0,380.8,399.0,389.26666666666665
15094,2016,423.92,390.88,388.0,380.8,386.56
15094,2017,426.96,423.92,390.88,388.0,400.9333333333334
15094,2018,400.8,426.96,423.92,390.88,413.92
15094,2019,414.31,400.8,426.96,423.92,417.22666666666663
15094,2020,366.98,414.31,400.8,426.96,414.0233333333333
15094,2021,309.5,366.98,414.31,400.8,394.03
15094,2022,395.4,309.5,366.98,414.31,363.59666666666664
15094,2023,1404.54,395.4,309.5,366.98,357.29333333333335
15094,2025,1373.76,,1404.54,395.4,
15097,2003,24.0,,,,
15097,2004,40.0,24.0,,,
15097,2005,40.0,40.0,24.0,,
15097,2006,40.0,40.0,40.0,24.0,34.666666666666664
15097,2007,38.0,40.0,40.0,40.0,40.0
15097,2008,42.6,38.0,40.0,40.0,39.333333333333336
15097,2009,28.0,42.6,38.0,40.0,40.199999999999996
15097,2010,28.0,28.0,42.6,38.0,36.199999999999996
15097,2011,70.0,28.0,28.0,42.6,32.86666666666667
15097,2012,0.0,70.0,28.0,28.0,42.0
15097,2013,60.0,0.0,70.0,28.0,32.666666666666664
15097,2014,94.5,60.0,0.0,70.0,43.333333333333336
15097,2015,63.3,94.5,60.0,0.0,51.5
15097,2016,176.0,63.3,94.5,60.0,72.60000000000001
15097,2017,188.1,176.0,63.3,94.5,111.26666666666667
15097,2018,222.2,188.1,176.0,63.3,142.46666666666667
15097,2019,240.2,222.2,188.1,176.0,195.4333333333333
15097,2020,224.0,240.2,222.2,188.1,216.83333333333334
15097,2021,273.73,224.0,240.2,222.2,228.79999999999998
15097,2022,257.28999999999996,273.73,224.0,240.2,245.9766666666667
15097,2023,343.65,257.28999999999996,273.73,224.0,251.67333333333332
15097,2025,333.69,,343.65,257.28999999999996,
15110,2003,345.0,,,,
15110,2004,306.0,345.0,,,
15110,2005,477.0,306.0,345.0,,
15110,2006,840.0,477.0,306.0,345.0,376.0
15110,2007,468.0,840.0,477.0,306.0,541.0
15110,2008,340.0,468.0,840.0,477.0,595.0
15110,2009,552.0,340.0,468.0,840.0,549.3333333333334
15110,2010,435.0,552.0,340.0,468.0,453.3333333333333
15110,2011,675.0,435.0,552.0,340.0,442.3333333333333
15110,2012,768.0,675.0,435.0,552.0,554.0
15110,2013,2085.0,768.0,675.0,435.0,626.0
15110,2014,1620.0,2085.0,768.0,675.0,1176.0
15110,2015,1860.0,1620.0,2085.0,768.0,1491.0
15110,2016,2966.5,1860.0,1620.0,2085.0,1855.0
15110,2017,3030.0,2966.5,1860.0,1620.0,2148.8333333333335
15110,2018,7299.1,3030.0,2966.5,1860.0,2618.8333333333335
15110,2019,965.3,7299.1,3030.0,2966.5,4431.866666666667
15110,2020,10152.36,965.3,7299.1,3030.0,3764.7999999999997
15110,2021,10004.23,10152.36,965.3,7299.1,6138.920000000001
15110,2022,10161.93,10004.23,10152.36,965.3,7040.63
15110,2023,10158.6,10161.93,10004.23,10152.36,10106.173333333334
15110,2025,10071.619999999999,,10158.6,10161.93,
15111,2003,24.0,,,,
15111,2004,26.0,24.0,,,
15111,2005,53.0,26.0,24.0,,
15111,2006,370.0,53.0,26.0,24.0,34.333333333333336
15111,2007,330.0,370.0,53.0,26.0,149.66666666666666
15111,2008,435.0,330.0,370.0,53.0,251.0
15111,2009,444.0,435.0,330.0,370.0,378.3333333333333
15111,2010,508.0,444.0,435.0,330.0,403.0
15111,2011,941.0,508.0,444.0,435.0,462.3333333333333
15111,2012,700.0,941.0,508.0,444.0,631.0
15111,2013,1925.0,700.0,941.0,508.0,716.3333333333334
15111,2014,3970.0,1925.0,700.0,941.0,1188.6666666666667
15111,2015,5701.4,3970.0,1925.0,700.0,2198.3333333333335
15111,2016,5455.58,5701.4,3970.0,1925.0,3865.4666666666667
15111,2017,5250.0,5455.58,5701.4,3970.0,5042.326666666667
15111,2018,6125.25,5250.0,5455.58,5701.4,5468.993333333333
15111,2019,7046.200000000001,6125.25,5250.0,5455.58,5610.276666666668
15111,2020,6606.959999999999,7046.200000000001,6125.25,5250.0,6140.483333333334
15111,2021,6356.46,6606.959999999999,7046.200000000001,6125.25,6592.803333333333
15111,2022,6609.710000000001,6356.46,6606.959999999999,7046.200000000001,6669.873333333333
15111,2023,6569.889999999999,6609.710000000001,6356.46,6606.959999999999,6524.376666666667
15111,2025,5622.51,,6569.889999999999,6609.710000000001,
15113,2003,1592.0,,,,
15113,2004,2388.0,1592.0,,,
15113,2005,2388.0,2388.0,1592.0,,
15113,2006,2292.0,2388.0,2388.0,1592.0,2122.6666666666665
15113,2007,1490.0,2292.0,2388.0,2388.0,2356.0
15113,2008,2187.8,1490.0,2292.0,2388.0,2056.6666666666665
15113,2009,2136.0,2187.8,1490.0,2292.0,1989.9333333333334
15113,2010,2136.0,2136.0,2187.8,1490.0,1937.9333333333334
15113,2011,2740.0,2136.0,2136.0,2187.8,2153.266666666667
15113,2012,2388.0,2740.0,2136.0,2136.0,2337.3333333333335
15113,2013,2637.5,2388.0,2740.0,2136.0,2421.3333333333335
15113,2014,2725.58,2637.5,2388.0,2740.0,2588.5
15113,2015,2497.0,2725.58,2637.5,2388.0,2583.693333333333
15113,2016,2752.8,2497.0,2725.58,2637.5,2620.0266666666666
15113,2017,2777.24,2752.8,2497.0,2725.58,2658.46
15113,2018,2100.0,2777.24,2752.8,2497.0,2675.68
15113,2019,3077.68,2100.0,2777.24,2752.8,2543.346666666667
15113,2020,2888.21,3077.68,2100.0,2777.24,2651.64
15113,2021,3045.8,2888.21,3077.68,2100.0,2688.6299999999997
15113,2022,5894.76,3045.8,2888.21,3077.68,3003.896666666667
15113,2023,5211.54,5894.76,3045.8,2888.21,3942.9233333333336
15113,2025,6260.11,,5211.54,5894.76,
15116,2009,0.0,,,,
15116,2011,0.0,,0.0,,
15116,2012,0.0,0.0,,0.0,
15116,2013,16.5,0.0,0.0,,
15116,2014,15.0,16.5,0.0,0.0,5.5
15116,2015,17.25,15.0,16.5,0.0,10.5
15116,2016,22.6,17.25,15.0,16.5,16.25
15116,2017,23.2,22.6,17.25,15.0,18.283333333333335
15116,2018,28.1,23.2,22.6,17.25,21.016666666666666
15116,2019,34.8,28.1,23.2,22.6,24.633333333333336
15116,2020,44.0,34.8,28.1,23.2,28.7
15116,2021,48.0,44.0,34.8,28.1,35.63333333333333
15116,2022,44.8,48.0,44.0,34.8,42.26666666666667
15116,2023,44.84,44.8,48.0,44.0,45.6
15116,2025,46.28,,44.84,44.8,
15117,2003,16.0,,,,
15117,2004,20.0,16.0,,,
15117,2005,24.0,20.0,16.0,,
15117,2006,32.0,24.0,20.0,16.0,20.0
15117,2007,20.0,32.0,24.0,20.0,25.333333333333332
15117,2008,20.4,20.0,32.0,24.0,25.333333333333332
15117,2009,22.36,20.4,20.0,32.0,24.133333333333336
15117,2010,24.0,22.36,20.4,20.0,20.919999999999998
15117,2011,20.0,24.0,22.36,20.4,22.25333333333333
15117,2012,30.0,20.0,24.0,22.36,22.12
15117,2013,32.0,30.0,20.0,24.0,24.666666666666668
15117,2014,89.25,32.0,30.0,20.0,27.333333333333332
15117,2015,182.0,89.25,32.0,30.0,50.416666666666664
15117,2016,37.04,182.0,89.25,32.0,101.08333333333333
15117,2017,250.46,37.04,182.0,89.25,102.76333333333334
15117,2018,92.2,250.46,37.04,182.0,156.5
15117,2019,93.0,92.2,250.46,37.04,126.56666666666666
15117,2020,94.0,93.0,92.2,250.46,145.22
15117,2021,123.37,94.0,93.0,92.2,93.06666666666666
15117,2022,122.85,123.37,94.0,93.0,103.45666666666666
15117,2023,345.95,122.85,123.37,94.0,113.40666666666668
15117,2025,358.53,,345.95,122.85,
15119,2018,264.0,,,,
15119,2019,438.9,264.0,,,
15119,2020,372.0,438.9,264.0,,
15119,2021,400.64,372.0,438.9,264.0,358.3
15119,2022,398.72,400.64,372.0,438.9,403.84666666666664
15119,2023,789.76,398.72,400.64,372.0,390.4533333333334
15119,2025,762.24,,789.76,398.72,
15123,2003,27.0,,,,
15123,2004,27.55,27.0,,,
15123,2005,26.0,27.55,27.0,,
15123,2009,392.0,,,,
15123,2010,419.0,392.0,,,
15123,2011,392.0,419.0,392.0,,
15123,2012,273.0,392.0,419.0,392.0,401.0
15123,2013,303.4,273.0,392.0,419.0,361.3333333333333
15123,2014,129.6,303.4,273.0,392.0,322.8
15123,2015,210.0,129.6,303.4,273.0,235.33333333333334
15123,2016,950.0,210.0,129.6,303.4,214.33333333333334
15123,2017,722.0,950.0,210.0,129.6,429.8666666666666
15123,2018,947.0,722.0,950.0,210.0,627.3333333333334
15123,2019,959.08,947.0,722.0,950.0,873.0
15123,2020,970.43,959.08,947.0,722.0,876.0266666666666
15123,2021,1140.48,970.43,959.08,947.0,958.8366666666667
15123,2022,1133.88,1140.48,970.43,959.08,1023.33
15123,2023,1177.14,1133.88,1140.48,970.43,1081.5966666666666
15123,2025,1608.23,,1177.14,1133.88,
16001,2003,1062.0,,,,
16001,2004,4338.8,1062.0,,,
16001,2005,3600.0,4338.8,1062.0,,
16001,2006,3600.0,3600.0,4338.8,1062.0,3000.2666666666664
16001,2007,3000.0,3600.0,3600.0,4338.8,3846.2666666666664
16001,2008,4245.34,3000.0,3600.0,3600.0,3400.0
16001,2009,4290.0,4245.34,3000.0,3600.0,3615.1133333333332
16001,2010,2074.25,4290.0,4245.34,3000.0,3845.1133333333332
16001,2011,3219.0,2074.25,4290.0,4245.34,3536.53
16001,2012,3803.25,3219.0,2074.25,4290.0,3194.4166666666665
16001,2013,7954.0,3803.25,3219.0,2074.25,3032.1666666666665
16001,2014,9242.25,7954.0,3803.25,3219.0,4992.083333333333
16001,2015,9279.72,9242.25,7954.0,3803.25,6999.833333333333
16001,2016,11012.0,9279.72,9242.25,7954.0,8825.323333333334
16001,2017,13328.2,11012.0,9279.72,9242.25,9844.656666666668
16001,2018,17052.8,13328.2,11012.0,9279.72,11206.64
16001,2019,17280.97,17052.8,13328.2,11012.0,13797.666666666666
16001,2020,16793.0,17280.97,17052.8,13328.2,15887.323333333334
16001,2021,17996.0,16793.0,17280.97,17052.8,17042.256666666668
16001,2022,18096.0,17996.0,16793.0,17280.97,17356.656666666666
16001,2023,20122.08,18096.0,17996.0,16793.0,17628.333333333332
16001,2025,20950.26,,20122.08,18096.0,
16002,2004,0.0,,,,
16002,2005,0.0,0.0,,,
16002,2006,39.0,0.0,0.0,,
16002,2007,70.0,39.0,0.0,0.0,13.0
16002,2008,69.0,70.0,39.0,0.0,36.333333333333336
16002,2009,72.5,69.0,70.0,39.0,59.333333333333336
16002,2010,67.0,72.5,69.0,70.0,70.5
16002,2011,70.5,67.0,72.5,69.0,69.5
16002,2012,173.0,70.5,67.0,72.5,70.0
16002,2013,170.0,173.0,70.5,67.0,103.5
16002,2014,178.4,170.0,173.0,70.5,137.83333333333334
16002,2015,756.7,178.4,170.0,173.0,173.79999999999998
16002,2016,1080.0,756.7,178.4,170.0,368.3666666666666
16002,2017,750.0,1080.0,756.7,178.4,671.6999999999999
16002,2018,552.5,750.0,1080.0,756.7,862.2333333333332
16002,2019,438.0,552.5,750.0,1080.0,794.1666666666666
16002,2020,475.2,438.0,552.5,750.0,580.1666666666666
16002,2021,607.5,475.2,438.0,552.5,488.56666666666666
16002,2022,609.75,607.5,475.2,438.0,506.90000000000003
16002,2023,612.0,609.75,607.5,475.2,564.15
16002,2025,621.0,,612.0,609.75,
16003,2014,8.0,,,,
16003,2015,7.6,8.0,,,
16003,2016,32.0,7.6,8.0,,
16003,2017,39.6,32.0,7.6,8.0,15.866666666666667
16003,2018,45.6,39.6,32.0,7.6,26.400000000000002
16006,2003,1134.79,,,,
16006,2004,1711.66,1134.79,,,
16006,2005,1938.85,1711.66,1134.79,,
16006,2006,2194.92,1938.85,1711.66,1134.79,1595.1000000000001
16006,2007,2303.51,2194.92,1938.85,1711.66,1948.4766666666667
16006,2008,2303.51,2303.51,2194.92,1938.85,2145.76
16006,2009,2341.2,2303.51,2303.51,2194.92,2267.3133333333335
16006,2010,2135.98,2341.2,2303.51,2303.51,2316.0733333333333
16006,2011,2144.36,2135.98,2341.2,2303.51,2260.23
16006,2012,2031.28,2144.36,2135.98,2341.2,2207.18
16006,2013,2081.54,2031.28,2144.36,2135.98,2103.8733333333334
16006,2014,2897.51,2081.54,2031.28,2144.36,2085.7266666666665
16006,2015,3884.36,2897.51,2081.54,2031.28,2336.7766666666666
16006,2016,4076.34,3884.36,2897.51,2081.54,2954.47
16006,2017,4322.42,4076.34,3884.36,2897.51,3619.4033333333336
16006,2018,6109.44,4322.42,4076.34,3884.36,4094.3733333333334
16006,2019,6109.44,6109.44,4322.42,4076.34,4836.066666666667
16006,2020,6652.52,6109.44,6109.44,4322.42,5513.766666666666
16006,2021,6652.52,6652.52,6109.44,6109.44,6290.466666666667
16006,2022,7788.82,6652.52,6652.52,6109.44,6471.493333333335
16006,2023,9273.6,7788.82,6652.52,6652.52,7031.286666666667
16006,2025,10647.96,,9273.6,7788.82,
16008,2016,0.0,,,,
16008,2017,8.2,0.0,,,
16008,2018,10.5,8.2,0.0,,
16008,2019,40.0,10.5,8.2,0.0,6.233333333333333
16008,2020,25.25,40.0,10.5,8.2,19.566666666666666
16008,2021,11.5,25.25,40.0,10.5,25.25
16008,2022,13.0,11.5,25.25,40.0,25.583333333333332
16008,2023,38.0,13.0,11.5,25.25,16.583333333333332
16008,2025,42.72,,38.0,13.0,
16009,2003,51028.0,,,,
16009,2004,101500.0,51028.0,,,
16009,2005,81500.0,101500.0,51028.0,,
16009,2006,78100.0,81500.0,101500.0,51028.0,78009.33333333333
16009,2007,92000.0,78100.0,81500.0,101500.0,87033.33333333333
16009,2008,97718.8,92000.0,78100.0,81500.0,83866.66666666667
16009,2009,110225.05,97718.8,92000.0,78100.0,89272.93333333333
16009,2010,119600.0,110225.05,97718.8,92000.0,99981.28333333333
16009,2011,121260.0,119600.0,110225.05,97718.8,109181.28333333333
16009,2012,124984.39,121260.0,119600.0,110225.05,117028.35000000002
16009,2013,124700.0,124984.39,121260.0,119600.0,121948.13
16009,2014,128058.5,124700.0,124984.39,121260.0,123648.13
16009,2015,134452.17,128058.5,124700.0,124984.39,125914.29666666668
16009,2016,143841.53999999998,134452.17,128058.5,124700.0,129070.22333333333
16009,2017,167098.5,143841.53999999998,134452.17,128058.5,135450.73666666666
16009,2018,173511.39,167098.5,143841.53999999998,134452.17,148464.06999999998
16009,2019,186903.5,173511.39,167098.5,143841.53999999998,161483.81
16009,2020,191350.3,186903.5,173511.39,167098.5,175837.79666666666
16009,2021,193259.63,191350.3,186903.5,173511.39,183921.72999999998
16009,2022,197183.64,193259.63,191350.3,186903.5,190504.47666666665
16009,2023,239965.53999999998,197183.64,193259.63,191350.3,193931.19000000003
16009,2025,211762.7,,239965.53999999998,197183.64,
16015,2013,2340.0,,,,
16015,2014,2362.0,2340.0,,,
16015,2015,2336.0,2362.0,2340.0,,
16015,2016,10824.0,2336.0,2362.0,2340.0,2346.0
16015,2017,10888.5,10824.0,2336.0,2362.0,5174.0
16015,2018,6668.25,10888.5,10824.0,2336.0,8016.166666666667
16015,2019,5500.0,6668.25,10888.5,10824.0,9460.25
16015,2020,4732.2,5500.0,6668.25,10888.5,7685.583333333333
16015,2021,7060.5,4732.2,5500.0,6668.25,5633.483333333334
16015,2022,7065.73,7060.5,4732.2,5500.0,5764.233333333334
16015,2023,7086.65,7065.73,7060.5,4732.2,6286.143333333333
16015,2025,7086.65,,7086.65,7065.73,
16016,2019,250.0,,,,
16016,2020,355.25,250.0,,,
16016,2021,417.6,355.25,250.0,,
16016,2022,522.0,417.6,355.25,250.0,340.95
16016,2023,647.9,522.0,417.6,355.25,431.6166666666666
16016,2025,631.2,,647.9,522.0,
16018,2008,0.0,,,,
16018,2009,0.0,0.0,,,
16018,2010,8.0,0.0,0.0,,
16018,2011,6.0,8.0,0.0,0.0,2.6666666666666665
16018,2012,11.0,6.0,8.0,0.0,4.666666666666667
16018,2013,11.4,11.0,6.0,8.0,8.333333333333334
16018,2014,6.0,11.4,11.0,6.0,9.466666666666667
16018,2015,12.0,6.0,11.4,11.0,9.466666666666667
16018,2016,13.8,12.0,6.0,11.4,9.799999999999999
16018,2017,15.0,13.8,12.0,6.0,10.600000000000001
16018,2018,18.0,15.0,13.8,12.0,13.600000000000001
16018,2019,17.2,18.0,15.0,13.8,15.600000000000001
16018,2020,35.0,17.2,18.0,15.0,16.733333333333334
16018,2021,36.2,35.0,17.2,18.0,23.400000000000002
16018,2022,36.2,36.2,35.0,17.2,29.46666666666667
16018,2023,37.2,36.2,36.2,35.0,35.800000000000004
16018,2025,43.6,,37.2,36.2,
16019,2003,3690.0,,,,
16019,2004,3690.0,3690.0,,,
16019,2005,3485.0,3690.0,3690.0,,
16019,2006,3731.0,3485.0,3690.0,3690.0,3621.6666666666665
16019,2007,3780.0,3731.0,3485.0,3690.0,3635.3333333333335
16019,2008,6593.0,3780.0,3731.0,3485.0,3665.3333333333335
16019,2009,5390.0,6593.0,3780.0,3731.0,4701.333333333333
16019,2010,5760.0,5390.0,6593.0,3780.0,5254.333333333333
16019,2011,5020.0,5760.0,5390.0,6593.0,5914.333333333333
16019,2012,5332.0,5020.0,5760.0,5390.0,5390.0
16019,2013,6210.0,5332.0,5020.0,5760.0,5370.666666666667
16019,2014,7728.0,6210.0,5332.0,5020.0,5520.666666666667
16019,2015,13355.65,7728.0,6210.0,5332.0,6423.333333333333
16019,2016,20462.98,13355.65,7728.0,6210.0,9097.883333333333
16019,2017,24241.4,20462.98,13355.65,7728.0,13848.876666666665
16019,2018,26495.0,24241.4,20462.98,13355.65,19353.343333333334
16019,2019,27727.9,26495.0,24241.4,20462.98,23733.126666666667
16019,2020,27052.5,27727.9,26495.0,24241.4,26154.766666666666
16019,2021,27137.65,27052.5,27727.9,26495.0,27091.8
16019,2022,27206.4,27137.65,27052.5,27727.9,27306.016666666666
16019,2023,28765.199999999997,27206.4,27137.65,27052.5,27132.183333333334
16019,2025,32696.84,,28765.199999999997,27206.4,
16021,2010,0.0,,,,
16021,2011,0.0,0.0,,,
16021,2012,0.0,0.0,0.0,,
16021,2013,0.0,0.0,0.0,0.0,0.0
16021,2014,0.0,0.0,0.0,0.0,0.0
16021,2015,3260.0,0.0,0.0,0.0,0.0
16021,2016,6524.0,3260.0,0.0,0.0,1086.6666666666667
16021,2017,10200.0,6524.0,3260.0,0.0,3261.3333333333335
16021,2018,12698.0,10200.0,6524.0,3260.0,6661.333333333333
16021,2019,15200.0,12698.0,10200.0,6524.0,9807.333333333334
16021,2020,16198.0,15200.0,12698.0,10200.0,12699.333333333334
16021,2021,16376.0,16198.0,15200.0,12698.0,14698.666666666666
16021,2022,16376.0,16376.0,16198.0,15200.0,15924.666666666666
16021,2023,16465.0,16376.0,16376.0,16198.0,16316.666666666666
16021,2025,16172.8,,16465.0,16376.0,
16022,2007,0.0,,,,
16022,2008,0.0,0.0,,,
16022,2009,0.0,0.0,0.0,,
16022,2010,14.0,0.0,0.0,0.0,0.0
16022,2011,22.5,14.0,0.0,0.0,4.666666666666667
16022,2012,25.0,22.5,14.0,0.0,12.166666666666666
16022,2013,17.0,25.0,22.5,14.0,20.5
16022,2014,135.79,17.0,25.0,22.5,21.5
16022,2015,146.8,135.79,17.0,25.0,59.26333333333333
16022,2016,362.5,146.8,135.79,17.0,99.86333333333334
16022,2017,548.0,362.5,146.8,135.79,215.03
16022,2018,773.0999999999999,548.0,362.5,146.8,352.4333333333334
16022,2019,917.14,773.0999999999999,548.0,362.5,561.1999999999999
16022,2020,225.0,917.14,773.0999999999999,548.0,746.0799999999999
16022,2021,936.4,225.0,917.14,773.0999999999999,638.4133333333333
16022,2022,1047.0,936.4,225.0,917.14,692.8466666666667
16022,2023,1375.6799999999998,1047.0,936.4,225.0,736.1333333333333
16022,2025,1463.3300000000002,,1375.6799999999998,1047.0,
16025,2003,1990.0,,,,
16025,2004,1830.8,1990.0,,,
16025,2005,2029.8,1830.8,1990.0,,
16025,2006,2049.7,2029.8,1830.8,1990.0,1950.2
16025,2007,1980.05,2049.7,2029.8,1830.8,1970.0999999999997
16025,2008,2880.0,1980.05,2049.7,2029.8,2019.8499999999997
16025,2009,2580.0,2880.0,1980.05,2049.7,2303.25
16025,2010,1560.5,2580.0,2880.0,1980.05,2480.0166666666664
16025,2011,856.56,1560.5,2580.0,2880.0,2340.1666666666665
16025,2012,910.09,856.56,1560.5,2580.0,1665.6866666666665
16025,2013,2716.0,910.09,856.56,1560.5,1109.05
16025,2014,4581.42,2716.0,910.09,856.56,1494.2166666666665
16025,2015,5687.25,4581.42,2716.0,910.09,2735.8366666666666
16025,2016,5756.4,5687.25,4581.42,2716.0,4328.223333333333
16025,2017,5400.0,5756.4,5687.25,4581.42,5341.69
16025,2018,5456.87,5400.0,5756.4,5687.25,5614.55
16025,2019,5612.0,5456.87,5400.0,5756.4,5537.756666666667
16025,2020,13156.4,5612.0,5456.87,5400.0,5489.623333333333
16025,2021,13686.03,13156.4,5612.0,5456.87,8075.09
16025,2022,13639.220000000001,13686.03,13156.4,5612.0,10818.143333333333
16025,2023,13638.95,13639.220000000001,13686.03,13156.4,13493.883333333333
16025,2025,13727.2,,13638.95,13639.220000000001,
16026,2017,252.0,,,,
16026,2018,276.0,252.0,,,
16026,2019,244.8,276.0,252.0,,
16026,2020,253.8,244.8,276.0,252.0,257.59999999999997
16026,2021,205.86,253.8,244.8,276.0,258.2
16026,2022,263.2,205.86,253.8,244.8,234.82000000000002
16026,2023,648.6,263.2,205.86,253.8,240.95333333333335
16026,2025,871.24,,648.6,263.2,
16032,2003,88.0,,,,
16032,2005,420.0,,88.0,,
16032,2006,320.0,420.0,,88.0,
16032,2007,632.0,320.0,420.0,,
16032,2008,711.0,632.0,320.0,420.0,457.3333333333333
16032,2009,2250.0,711.0,632.0,320.0,554.3333333333334
16032,2010,3065.1,2250.0,711.0,632.0,1197.6666666666667
16032,2011,4560.0,3065.1,2250.0,711.0,2008.7
16032,2012,4735.36,4560.0,3065.1,2250.0,3291.7000000000003
16032,2013,4860.0,4735.36,4560.0,3065.1,4120.153333333333
16032,2014,5104.5,4860.0,4735.36,4560.0,4718.453333333334
16032,2015,5412.96,5104.5,4860.0,4735.36,4899.953333333334
16032,2016,5685.84,5412.96,5104.5,4860.0,5125.82
16032,2017,6769.38,5685.84,5412.96,5104.5,5401.099999999999
16032,2018,7962.9,6769.38,5685.84,5412.96,5956.06
16032,2019,8139.6,7962.9,6769.38,5685.84,6806.04
16032,2020,8570.7,8139.6,7962.9,6769.38,7623.96
16032,2021,9180.0,8570.7,8139.6,7962.9,8224.4
16032,2022,9261.0,9180.0,8570.7,8139.6,8630.1
16032,2023,9274.5,9261.0,9180.0,8570.7,9003.9
16032,2025,10002.85,,9274.5,9261.0,
16034,2003,154.0,,,,
16034,2004,132.0,154.0,,,
16034,2005,132.0,132.0,154.0,,
16034,2006,132.0,132.0,132.0,154.0,139.33333333333334
16034,2007,132.0,132.0,132.0,132.0,132.0
16034,2008,176.0,132.0,132.0,132.0,132.0
16034,2009,143.0,176.0,132.0,132.0,146.66666666666666
16034,2010,154.0,143.0,176.0,132.0,150.33333333333334
16034,2011,156.2,154.0,143.0,176.0,157.66666666666666
16034,2012,160.6,156.2,154.0,143.0,151.06666666666666
16034,2013,162.8,160.6,156.2,154.0,156.9333333333333
16034,2014,167.2,162.8,160.6,156.2,159.86666666666667
16034,2015,173.8,167.2,162.8,160.6,163.53333333333333
16034,2016,360.0,173.8,167.2,162.8,167.9333333333333
16034,2017,373.5,360.0,173.8,167.2,233.66666666666666
16034,2018,377.44,373.5,360.0,173.8,302.43333333333334
16034,2019,413.19,377.44,373.5,360.0,370.31333333333333
16034,2020,370.0,413.19,377.44,373.5,388.04333333333335
16034,2021,380.12,370.0,413.19,377.44,386.8766666666667
16034,2022,450.84,380.12,370.0,413.19,387.77
16034,2023,452.4,450.84,380.12,370.0,400.32
16034,2025,465.92,,452.4,450.84,
16039,2003,74.0,,,,
16039,2004,72.0,74.0,,,
16039,2005,84.0,72.0,74.0,,
16039,2006,96.0,84.0,72.0,74.0,76.66666666666667
16039,2007,84.0,96.0,84.0,72.0,84.0
16039,2008,84.0,84.0,96.0,84.0,88.0
16039,2009,492.27,84.0,84.0,96.0,88.0
16039,2010,294.0,492.27,84.0,84.0,220.09
16039,2011,363.6,294.0,492.27,84.0,290.09
16039,2012,440.63,363.6,294.0,492.27,383.28999999999996
16039,2013,603.0,440.63,363.6,294.0,366.07666666666665
16039,2014,634.8,603.0,440.63,363.6,469.07666666666665
16039,2015,816.48,634.8,603.0,440.63,559.4766666666667
16039,2016,889.14,816.48,634.8,603.0,684.7599999999999
16039,2017,1355.09,889.14,816.48,634.8,780.14
16039,2018,1607.0,1355.09,889.14,816.48,1020.2366666666667
16039,2019,1990.17,1607.0,1355.09,889.14,1283.743333333333
16039,2020,2159.12,1990.17,1607.0,1355.09,1650.7533333333333
16039,2021,2354.0,2159.12,1990.17,1607.0,1918.7633333333333
16039,2022,2398.0,2354.0,2159.12,1990.17,2167.7633333333333
16039,2023,2530.8,2398.0,2354.0,2159.12,2303.7066666666665
16039,2025,2546.6,,2530.8,2398.0,
16040,2017,27.6,,,,
16040,2018,30.6,27.6,,,
16040,2019,29.4,30.6,27.6,,
16040,2020,29.43,29.4,30.6,27.6,29.2
16040,2021,36.5,29.43,29.4,30.6,29.810000000000002
16040,2022,36.5,36.5,29.43,29.4,31.776666666666667
16040,2023,58.3,36.5,36.5,29.43,34.14333333333334
16040,2025,37.88,,58.3,36.5,
16041,2006,0.0,,,,
16041,2007,0.0,0.0,,,
16041,2008,0.0,0.0,0.0,,
16041,2009,0.0,0.0,0.0,0.0,0.0
16041,2010,644.0,0.0,0.0,0.0,0.0
16041,2011,662.4,644.0,0.0,0.0,214.66666666666666
16041,2012,690.0,662.4,644.0,0.0,435.4666666666667
16041,2013,671.6,690.0,662.4,644.0,665.4666666666667
16041,2014,680.8,671.6,690.0,662.4,674.6666666666666
16041,2015,690.0,680.8,671.6,690.0,680.8
16041,2016,752.4,690.0,680.8,671.6,680.8000000000001
16041,2017,1090.3,752.4,690.0,680.8,707.7333333333332
16041,2018,1289.1,1090.3,752.4,690.0,844.2333333333332
16041,2019,1297.44,1289.1,1090.3,752.4,1043.9333333333334
16041,2020,1420.0,1297.44,1289.1,1090.3,1225.6133333333335
16041,2021,848.9,1420.0,1297.44,1289.1,1335.5133333333333
16041,2022,1612.33,848.9,1420.0,1297.44,1188.78
16041,2023,1680.7,1612.33,848.9,1420.0,1293.7433333333333
16041,2025,1680.48,,1680.7,1612.33,
16044,2016,0.0,,,,
16044,2017,232.5,0.0,,,
16044,2018,1050.0,232.5,0.0,,
16044,2019,4500.0,1050.0,232.5,0.0,427.5
16044,2020,5250.0,4500.0,1050.0,232.5,1927.5
16044,2021,5237.7,5250.0,4500.0,1050.0,3600.0
16044,2022,5240.25,5237.7,5250.0,4500.0,4995.900000000001
16044,2023,5510.5,5240.25,5237.7,5250.0,5242.650000000001
16044,2025,5830.8,,5510.5,5240.25,
16045,2008,0.0,,,,
16045,2009,0.0,0.0,,,
16045,2010,517.0,0.0,0.0,,
16045,2011,469.06,517.0,0.0,0.0,172.33333333333334
16045,2012,470.0,469.06,517.0,0.0,328.68666666666667
16045,2013,270.0,470.0,469.06,517.0,485.3533333333333
16045,2014,432.0,270.0,470.0,469.06,403.02
16045,2015,420.0,432.0,270.0,470.0,390.6666666666667
16045,2016,588.25,420.0,432.0,270.0,374.0
16045,2017,910.0,588.25,420.0,432.0,480.0833333333333
16045,2018,720.0,910.0,588.25,420.0,639.4166666666666
16045,2019,710.0,720.0,910.0,588.25,739.4166666666666
16045,2020,924.0,710.0,720.0,910.0,780.0
16045,2021,1009.85,924.0,710.0,720.0,784.6666666666666
16045,2022,1290.45,1009.85,924.0,710.0,881.2833333333333
16045,2023,1620.0,1290.45,1009.85,924.0,1074.7666666666667
16045,2025,1602.3,,1620.0,1290.45,
16046,2003,189.0,,,,
16046,2004,168.0,189.0,,,
16046,2005,157.5,168.0,189.0,,
16046,2006,153.3,157.5,168.0,189.0,171.5
16046,2007,153.3,153.3,157.5,168.0,159.6
16046,2008,210.0,153.3,153.3,157.5,154.70000000000002
16046,2009,189.0,210.0,153.3,153.3,172.20000000000002
16046,2010,195.3,189.0,210.0,153.3,184.1
16046,2011,210.0,195.3,189.0,210.0,198.1
16046,2012,231.0,210.0,195.3,189.0,198.1
16046,2013,267.8,231.0,210.0,195.3,212.1
16046,2014,270.4,267.8,231.0,210.0,236.26666666666665
16046,2015,303.0,270.4,267.8,231.0,256.40000000000003
16046,2016,388.0,303.0,270.4,267.8,280.40000000000003
16046,2017,424.12,388.0,303.0,270.4,320.4666666666667
16046,2018,427.16,424.12,388.0,303.0,371.70666666666665
16046,2019,432.32,427.16,424.12,388.0,413.0933333333333
16046,2020,390.0,432.32,427.16,424.12,427.8666666666666
16046,2021,280.14,390.0,432.32,427.16,416.49333333333334
16046,2022,511.98,280.14,390.0,432.32,367.4866666666667
16046,2023,377.58,511.98,280.14,390.0,394.04
16046,2025,445.1,,377.58,511.98,
16047,2003,42.0,,,,
16047,2004,48.0,42.0,,,
16047,2005,48.0,48.0,42.0,,
16047,2006,120.0,48.0,48.0,42.0,46.0
16047,2007,120.0,120.0,48.0,48.0,72.0
16047,2008,204.0,120.0,120.0,48.0,96.0
16047,2009,120.0,204.0,120.0,120.0,148.0
16047,2010,169.34,120.0,204.0,120.0,148.0
16047,2011,172.2,169.34,120.0,204.0,164.4466666666667
16047,2012,194.75,172.2,169.34,120.0,153.84666666666666
16047,2013,197.1,194.75,172.2,169.34,178.76333333333332
16047,2014,199.7,197.1,194.75,172.2,188.01666666666665
16047,2015,202.65,199.7,197.1,194.75,197.1833333333333
16047,2016,206.75,202.65,199.7,197.1,199.8166666666667
16047,2017,213.1,206.75,202.65,199.7,203.03333333333333
16047,2018,204.45,213.1,206.75,202.65,207.5
16047,2019,204.97,204.45,213.1,206.75,208.1
16047,2020,197.0,204.97,204.45,213.1,207.50666666666666
16047,2021,220.01,197.0,204.97,204.45,202.14
16047,2022,270.01,220.01,197.0,204.97,207.32666666666668
16047,2023,279.99,270.01,220.01,197.0,229.00666666666666
16047,2025,344.38,,279.99,270.01,
16048,2003,13.0,,,,
16048,2016,0.0,,,,
16048,2017,62.04,0.0,,,
16048,2018,119.0,62.04,0.0,,
16048,2019,195.3,119.0,62.04,0.0,60.346666666666664
16048,2020,282.36,195.3,119.0,62.04,125.44666666666667
16048,2021,374.0,282.36,195.3,119.0,198.88666666666668
16048,2022,407.0,374.0,282.36,195.3,283.8866666666667
16048,2023,462.0,407.0,374.0,282.36,354.4533333333334
16048,2025,460.1,,462.0,407.0,
16049,2003,1170.0,,,,
16049,2004,2313.46,1170.0,,,
16049,2005,1272.0,2313.46,1170.0,,
16049,2006,1572.0,1272.0,2313.46,1170.0,1585.1533333333334
16049,2007,1992.0,1572.0,1272.0,2313.46,1719.1533333333334
16049,2008,1880.4,1992.0,1572.0,1272.0,1612.0
16049,2009,1980.0,1880.4,1992.0,1572.0,1814.8
16049,2010,1855.54,1980.0,1880.4,1992.0,1950.8
16049,2011,1614.0,1855.54,1980.0,1880.4,1905.3133333333335
16049,2012,1826.0,1614.0,1855.54,1980.0,1816.5133333333333
16049,2013,2087.4,1826.0,1614.0,1855.54,1765.18
16049,2014,4448.0,2087.4,1826.0,1614.0,1842.4666666666665
16049,2015,8387.1,4448.0,2087.4,1826.0,2787.133333333333
16049,2016,10335.0,8387.1,4448.0,2087.4,4974.166666666667
16049,2017,10107.5,10335.0,8387.1,4448.0,7723.366666666666
16049,2018,12474.0,10107.5,10335.0,8387.1,9609.866666666667
16049,2019,14048.56,12474.0,10107.5,10335.0,10972.166666666666
16049,2020,14236.2,14048.56,12474.0,10107.5,12210.019999999999
16049,2021,14500.8,14236.2,14048.56,12474.0,13586.253333333334
16049,2022,14600.8,14500.8,14236.2,14048.56,14261.853333333333
16049,2023,16274.44,14600.8,14500.8,14236.2,14445.933333333334
16049,2025,16756.92,,16274.44,14600.8,
16050,2004,90.0,,,,
16050,2005,90.0,90.0,,,
16050,2006,35.0,90.0,90.0,,
16050,2007,30.0,35.0,90.0,90.0,71.66666666666667
16050,2008,36.0,30.0,35.0,90.0,51.666666666666664
16050,2009,36.0,36.0,30.0,35.0,33.666666666666664
16050,2010,30.0,36.0,36.0,30.0,34.0
16050,2011,36.0,30.0,36.0,36.0,34.0
16050,2012,34.2,36.0,30.0,36.0,34.0
16050,2013,38.4,34.2,36.0,30.0,33.4
16050,2014,40.8,38.4,34.2,36.0,36.199999999999996
16050,2015,55.5,40.8,38.4,34.2,37.800000000000004
16050,2016,61.2,55.5,40.8,38.4,44.9
16050,2017,65.82000000000001,61.2,55.5,40.8,52.5
16050,2018,63.510000000000005,65.82000000000001,61.2,55.5,60.84
16050,2019,70.0,63.510000000000005,65.82000000000001,61.2,63.51000000000001
16050,2020,63.0,70.0,63.510000000000005,65.82000000000001,66.44333333333333
16050,2021,67.02000000000001,63.0,70.0,63.510000000000005,65.50333333333333
16050,2022,87.03,67.02000000000001,63.0,70.0,66.67333333333335
16050,2023,87.30000000000001,87.03,67.02000000000001,63.0,72.35000000000001
16050,2025,96.0,,87.30000000000001,87.03,
16053,2005,0.0,,,,
16053,2006,36.0,0.0,,,
16053,2007,30.0,36.0,0.0,,
16053,2008,36.0,30.0,36.0,0.0,22.0
16053,2009,33.0,36.0,30.0,36.0,34.0
16053,2011,270.0,,33.0,36.0,
16053,2012,336.0,270.0,,33.0,
16053,2013,420.0,336.0,270.0,,
16053,2014,2874.0,420.0,336.0,270.0,342.0
16053,2015,5887.6,2874.0,420.0,336.0,1210.0
16053,2016,7592.0,5887.6,2874.0,420.0,3060.5333333333333
16053,2017,11793.8,7592.0,5887.6,2874.0,5451.2
16053,2018,12973.6,11793.8,7592.0,5887.6,8424.466666666667
16053,2019,11946.0,12973.6,11793.8,7592.0,10786.466666666667
16053,2020,12211.0,11946.0,12973.6,11793.8,12237.800000000001
16053,2021,13690.0,12211.0,11946.0,12973.6,12376.866666666667
16053,2022,14355.2,13690.0,12211.0,11946.0,12615.666666666666
16053,2023,15529.94,14355.2,13690.0,12211.0,13418.733333333332
16053,2025,16397.82,,15529.94,14355.2,
16054,2019,820.0,,,,
16054,2020,1012.0,820.0,,,
16054,2021,1105.0,1012.0,820.0,,
16054,2022,1105.0,1105.0,1012.0,820.0,979.0
16054,2023,1509.74,1105.0,1105.0,1012.0,1074.0
16054,2025,1519.98,,1509.74,1105.0,
16057,2016,21.25,,,,
16057,2017,31.5,21.25,,,
16057,2018,36.4,31.5,21.25,,
16057,2019,41.0,36.4,31.5,21.25,29.71666666666667
16057,2020,46.0,41.0,36.4,31.5,36.300000000000004
16057,2021,42.0,46.0,41.0,36.4,41.13333333333333
16057,2022,58.02,42.0,46.0,41.0,43.0
16057,2023,58.2,58.02,42.0,46.0,48.673333333333325
16057,2025,56.82,,58.2,58.02,
16058,2003,56759.0,,,,
16058,2004,60286.0,56759.0,,,
16058,2005,60286.0,60286.0,56759.0,,
16058,2006,63322.0,60286.0,60286.0,56759.0,59110.333333333336
16058,2007,64688.9,63322.0,60286.0,60286.0,61298.0
16058,2008,65650.2,64688.9,63322.0,60286.0,62765.63333333333
16058,2009,60843.9,65650.2,64688.9,63322.0,64553.700000000004
16058,2010,39071.0,60843.9,65650.2,64688.9,63727.666666666664
16058,2011,55000.0,39071.0,60843.9,65650.2,55188.36666666667
16058,2012,55599.95,55000.0,39071.0,60843.9,51638.299999999996
16058,2013,61670.0,55599.95,55000.0,39071.0,49890.31666666667
16058,2014,63339.0,61670.0,55599.95,55000.0,57423.31666666667
16058,2015,64900.0,63339.0,61670.0,55599.95,60202.98333333334
16058,2016,67821.5,64900.0,63339.0,61670.0,63303.0
16058,2017,69995.17,67821.5,64900.0,63339.0,65353.5
16058,2018,78695.0,69995.17,67821.5,64900.0,67572.22333333333
16058,2019,82074.0,78695.0,69995.17,67821.5,72170.55666666666
16058,2020,92803.6,82074.0,78695.0,69995.17,76921.39
16058,2021,93873.0,92803.6,82074.0,78695.0,84524.20000000001
16058,2022,93441.0,93873.0,92803.6,82074.0,89583.53333333334
16058,2023,94582.0,93441.0,93873.0,92803.6,93372.53333333334
16058,2025,95888.6,,94582.0,93441.0,
16059,2017,1977.9,,,,
16059,2018,1998.8,1977.9,,,
16059,2019,2009.71,1998.8,1977.9,,
16059,2020,2168.4,2009.71,1998.8,1977.9,1995.47
16059,2021,2168.4,2168.4,2009.71,1998.8,2058.97
16059,2022,2585.2,2168.4,2168.4,2009.71,2115.5033333333336
16059,2023,2934.88,2585.2,2168.4,2168.4,2307.3333333333335
16059,2025,3134.96,,2934.88,2585.2,
16061,2003,164.5,,,,
16061,2004,164.5,164.5,,,
16061,2005,164.5,164.5,164.5,,
16061,2006,164.5,164.5,164.5,164.5,164.5
16061,2007,164.5,164.5,164.5,164.5,164.5
16061,2008,235.0,164.5,164.5,164.5,164.5
16061,2009,211.5,235.0,164.5,164.5,188.0
16061,2010,250.8,211.5,235.0,164.5,203.66666666666666
16061,2011,255.65,250.8,211.5,235.0,232.4333333333333
16061,2012,320.95,255.65,250.8,211.5,239.3166666666667
16061,2013,362.85,320.95,255.65,250.8,275.8
16061,2014,379.1,362.85,320.95,255.65,313.15
16061,2015,467.15,379.1,362.85,320.95,354.3
16061,2016,566.55,467.15,379.1,362.85,403.0333333333333
16061,2017,677.24,566.55,467.15,379.1,470.93333333333334
16061,2018,652.78,677.24,566.55,467.15,570.3133333333333
16061,2019,655.75,652.78,677.24,566.55,632.1899999999999
16061,2020,629.0,655.75,652.78,677.24,661.9233333333333
16061,2021,635.14,629.0,655.75,652.78,645.8433333333334
16061,2022,786.1800000000001,635.14,629.0,655.75,639.9633333333333
16061,2023,897.8399999999999,786.1800000000001,635.14,629.0,683.44
16061,2025,1003.0999999999999,,897.8399999999999,786.1800000000001,
16062,2016,47.16,,,,
16062,2017,49.59,47.16,,,
16062,2018,61.21,49.59,47.16,,
16062,2019,55.0,61.21,49.59,47.16,52.653333333333336
16062,2020,66.0,55.0,61.21,49.59,55.26666666666667
16062,2021,49.98,66.0,55.0,61.21,60.73666666666667
16062,2022,70.02,49.98,66.0,55.0,56.99333333333333
16062,2023,72.0,70.02,49.98,66.0,62.0
16062,2025,70.02,,72.0,70.02,
16063,2021,0.0,,,,
16063,2022,52.0,0.0,,,
16063,2023,52.0,52.0,0.0,,
16063,2025,47.35,,52.0,52.0,
16064,2004,40.8,,,,
16064,2005,93.6,40.8,,,
16064,2006,108.0,93.6,40.8,,
16064,2007,99.0,108.0,93.6,40.8,80.8
16064,2008,99.0,99.0,108.0,93.6,100.19999999999999
16064,2009,99.54,99.0,99.0,108.0,102.0
16064,2010,99.9,99.54,99.0,99.0,99.18
16064,2011,99.0,99.9,99.54,99.0,99.48000000000002
16064,2012,99.54,99.0,99.9,99.54,99.48000000000002
16064,2013,107.82,99.54,99.0,99.9,99.48
16064,2017,1882.65,,,,
16066,2003,50.0,,,,
16066,2004,380.0,50.0,,,
16066,2005,270.0,380.0,50.0,,
16066,2006,320.0,270.0,380.0,50.0,233.33333333333334
16066,2007,480.0,320.0,270.0,380.0,323.3333333333333
16066,2008,576.0,480.0,320.0,270.0,356.6666666666667
16066,2009,1767.6,576.0,480.0,320.0,458.6666666666667
16066,2010,901.12,1767.6,576.0,480.0,941.1999999999999
16066,2011,1530.0,901.12,1767.6,576.0,1081.5733333333333
16066,2012,1608.05,1530.0,901.12,1767.6,1399.573333333333
16066,2013,1647.0,1608.05,1530.0,901.12,1346.39
16066,2014,1805.0,1647.0,1608.05,1530.0,1595.0166666666667
16066,2015,1901.59,1805.0,1647.0,1608.05,1686.6833333333334
16066,2016,2124.3,1901.59,1805.0,1647.0,1784.53
16066,2017,2420.46,2124.3,1901.59,1805.0,1943.6299999999999
16066,2018,3444.0,2420.46,2124.3,1901.59,2148.7833333333333
16066,2019,6444.8,3444.0,2420.46,2124.3,2662.92
16066,2020,9234.1,6444.8,3444.0,2420.46,4103.086666666667
16066,2021,11210.4,9234.1,6444.8,3444.0,6374.3
16066,2022,11772.0,11210.4,9234.1,6444.8,8963.1
16066,2023,11990.0,11772.0,11210.4,9234.1,10738.833333333334
16066,2025,12807.9,,11990.0,11772.0,
16067,2025,112.2,,,,
16068,2003,121047.0,,,,
16068,2004,116075.35,121047.0,,,
16068,2005,116557.85,116075.35,121047.0,,
16068,2006,127508.7,116557.85,116075.35,121047.0,117893.40000000001
16068,2007,129808.8,127508.7,116557.85,116075.35,120047.3
16068,2008,139200.0,129808.8,127508.7,116557.85,124625.11666666665
16068,2009,136063.0,139200.0,129808.8,127508.7,132172.5
16068,2010,133600.0,136063.0,139200.0,129808.8,135023.93333333332
16068,2011,126975.0,133600.0,136063.0,139200.0,136287.66666666666
16068,2012,129666.0,126975.0,133600.0,136063.0,132212.66666666666
16068,2013,136158.0,129666.0,126975.0,133600.0,130080.33333333333
16068,2014,137268.22,136158.0,129666.0,126975.0,130933.0
16068,2015,112699.5,137268.22,136158.0,129666.0,134364.07333333333
16068,2016,149412.6,112699.5,137268.22,136158.0,128708.57333333332
16068,2017,143053.8,149412.6,112699.5,137268.22,133126.77333333335
16068,2018,142975.47999999998,143053.8,149412.6,112699.5,135055.30000000002
16068,2019,137424.9,142975.47999999998,143053.8,149412.6,145147.29333333333
16068,2020,139039.7,137424.9,142975.47999999998,143053.8,141151.39333333334
16068,2021,139425.89,139039.7,137424.9,142975.47999999998,139813.36000000002
16068,2022,139488.03,139425.89,139039.7,137424.9,138630.16333333333
16068,2023,158513.0,139488.03,139425.89,139039.7,139317.87333333332
16068,2025,153789.16999999998,,158513.0,139488.03,
16070,2003,424.0,,,,
16070,2004,397.5,424.0,,,
16070,2005,424.0,397.5,424.0,,
16070,2006,392.2,424.0,397.5,424.0,415.1666666666667
16070,2007,426.6,392.2,424.0,397.5,404.56666666666666
16070,2008,436.0,426.6,392.2,424.0,414.26666666666665
16070,2009,435.78,436.0,426.6,392.2,418.26666666666665
16070,2010,432.0,435.78,436.0,426.6,432.7933333333333
16070,2011,432.0,432.0,435.78,436.0,434.5933333333333
16070,2012,448.2,432.0,432.0,435.78,433.26
16070,2013,432.0,448.2,432.0,432.0,437.40000000000003
16070,2014,2470.27,432.0,448.2,432.0,437.40000000000003
16070,2015,3531.03,2470.27,432.0,448.2,1116.8233333333335
16070,2016,3724.54,3531.03,2470.27,432.0,2144.4333333333334
16070,2017,4349.79,3724.54,3531.03,2470.27,3241.9466666666667
16070,2018,4354.91,4349.79,3724.54,3531.03,3868.4533333333334
16070,2019,4561.16,4354.91,4349.79,3724.54,4143.079999999999
16070,2020,7659.0,4561.16,4354.91,4349.79,4421.953333333334
16070,2021,8084.5,7659.0,4561.16,4354.91,5525.0233333333335
16070,2022,8160.5,8084.5,7659.0,4561.16,6768.22
16070,2023,8065.5,8160.5,8084.5,7659.0,7968.0
16070,2025,8823.0,,8065.5,8160.5,
16071,2025,0.0,,,,
16072,2006,0.0,,,,
16072,2007,0.0,0.0,,,
16072,2008,9.0,0.0,0.0,,
16072,2009,10.5,9.0,0.0,0.0,3.0
16072,2010,15.0,10.5,9.0,0.0,6.5
16072,2011,15.0,15.0,10.5,9.0,11.5
16072,2012,19.5,15.0,15.0,10.5,13.5
16072,2013,27.0,19.5,15.0,15.0,16.5
16072,2014,80.0,27.0,19.5,15.0,20.5
16072,2015,150.0,80.0,27.0,19.5,42.166666666666664
16072,2016,188.0,150.0,80.0,27.0,85.66666666666667
16072,2017,105.0,188.0,150.0,80.0,139.33333333333334
16072,2018,180.0,105.0,188.0,150.0,147.66666666666666
16072,2019,168.75,180.0,105.0,188.0,157.66666666666666
16072,2020,153.0,168.75,180.0,105.0,151.25
16072,2021,374.8,153.0,168.75,180.0,167.25
16072,2022,480.8,374.8,153.0,168.75,232.1833333333333
16072,2023,684.74,480.8,374.8,153.0,336.2
16072,2025,808.5899999999999,,684.74,480.8,
16073,2003,25.0,,,,
16073,2004,40.0,25.0,,,
16073,2008,0.0,,,,
16073,2010,247.2,,0.0,,
16073,2011,495.0,247.2,,0.0,
16073,2012,514.77,495.0,247.2,,
16073,2013,531.0,514.77,495.0,247.2,418.99
16073,2014,523.0,531.0,514.77,495.0,513.59
16073,2015,608.38,523.0,531.0,514.77,522.9233333333333
16073,2016,678.27,608.38,523.0,531.0,554.1266666666667
16073,2017,1357.2,678.27,608.38,523.0,603.2166666666667
16073,2018,1470.0,1357.2,678.27,608.38,881.2833333333333
16073,2019,2045.8,1470.0,1357.2,678.27,1168.49
16073,2020,215.0,2045.8,1470.0,1357.2,1624.3333333333333
16073,2021,2084.4,215.0,2045.8,1470.0,1243.6000000000001
16073,2022,2084.59,2084.4,215.0,2045.8,1448.3999999999999
16073,2023,2103.7,2084.59,2084.4,215.0,1461.33
16073,2025,2118.6,,2103.7,2084.59,
16075,2003,26796.0,,,,
16075,2004,25942.7,26796.0,,,
16075,2005,25671.7,25942.7,26796.0,,
16075,2006,28310.5,25671.7,25942.7,26796.0,26136.8
16075,2007,24540.0,28310.5,25671.7,25942.7,26641.63333333333
16075,2008,32615.0,24540.0,28310.5,25671.7,26174.06666666667
16075,2009,31925.0,32615.0,24540.0,28310.5,28488.5
16075,2010,32450.0,31925.0,32615.0,24540.0,29693.333333333332
16075,2011,28760.0,32450.0,31925.0,32615.0,32330.0
16075,2012,30054.0,28760.0,32450.0,31925.0,31045.0
16075,2013,31108.0,30054.0,28760.0,32450.0,30421.333333333332
16075,2014,33166.0,31108.0,30054.0,28760.0,29974.0
16075,2015,39290.88,33166.0,31108.0,30054.0,31442.666666666668
16075,2016,61929.4,39290.88,33166.0,31108.0,34521.62666666667
16075,2017,63622.8,61929.4,39290.88,33166.0,44795.426666666666
16075,2018,66696.4,63622.8,61929.4,39290.88,54947.693333333336
16075,2019,73121.2,66696.4,63622.8,61929.4,64082.86666666666
16075,2020,74031.3,73121.2,66696.4,63622.8,67813.46666666666
16075,2021,74334.5,74031.3,73121.2,66696.4,71282.96666666666
16075,2022,74513.26,74334.5,74031.3,73121.2,73829.0
16075,2023,79173.13,74513.26,74334.5,74031.3,74293.02
16075,2025,92452.12,,79173.13,74513.26,
16076,2016,90.0,,,,
16076,2017,110.0,90.0,,,
16076,2018,98.0,110.0,90.0,,
16076,2019,96.0,98.0,110.0,90.0,99.33333333333333
16076,2020,113.0,96.0,98.0,110.0,101.33333333333333
16076,2021,110.0,113.0,96.0,98.0,102.33333333333333
16076,2022,132.0,110.0,113.0,96.0,106.33333333333333
16076,2023,132.0,132.0,110.0,113.0,118.33333333333333
16076,2025,168.0,,132.0,132.0,
16079,2003,55150.0,,,,
16079,2004,52910.0,55150.0,,,
16079,2005,98527.5,52910.0,55150.0,,
16079,2006,101040.0,98527.5,52910.0,55150.0,68862.5
16079,2007,89598.0,101040.0,98527.5,52910.0,84159.16666666667
16079,2008,84207.3,89598.0,101040.0,98527.5,96388.5
16079,2009,108099.39,84207.3,89598.0,101040.0,91615.09999999999
16079,2010,142678.25,108099.39,84207.3,89598.0,93968.23
16079,2011,134075.5,142678.25,108099.39,84207.3,111661.64666666667
16079,2012,138168.93,134075.5,142678.25,108099.39,128284.38
16079,2013,139843.64,138168.93,134075.5,142678.25,138307.56
16079,2014,141822.0,139843.64,138168.93,134075.5,137362.69
16079,2015,146836.22999999998,141822.0,139843.64,138168.93,139944.85666666666
16079,2016,156461.43,146836.22999999998,141822.0,139843.64,142833.95666666667
16079,2017,173912.05,156461.43,146836.22999999998,141822.0,148373.22
16079,2018,182929.36,173912.05,156461.43,146836.22999999998,159069.90333333332
16079,2019,188193.06,182929.36,173912.05,156461.43,171100.94666666666
16079,2020,188760.3,188193.06,182929.36,173912.05,181678.15666666665
16079,2021,193254.31,188760.3,188193.06,182929.36,186627.57333333333
16079,2022,194618.95,193254.31,188760.3,188193.06,190069.2233333333
16079,2023,249975.0,194618.95,193254.31,188760.3,192211.18666666668
16079,2025,190839.7,,249975.0,194618.95,
16081,2003,1130.5,,,,
16081,2004,1130.5,1130.5,,,
16081,2005,1130.5,1130.5,1130.5,,
16081,2006,1128.0,1130.5,1130.5,1130.5,1130.5
16081,2007,1130.5,1128.0,1130.5,1130.5,1129.6666666666667
16081,2008,1665.0,1130.5,1128.0,1130.5,1129.6666666666667
16081,2009,1631.7,1665.0,1130.5,1128.0,1307.8333333333333
16081,2010,1421.2,1631.7,1665.0,1130.5,1475.7333333333333
16081,2011,1665.0,1421.2,1631.7,1665.0,1572.6333333333332
16081,2012,1581.75,1665.0,1421.2,1631.7,1572.6333333333332
16081,2013,1696.8,1581.75,1665.0,1421.2,1555.9833333333336
16081,2014,1802.5,1696.8,1581.75,1665.0,1647.8500000000001
16081,2015,1950.0,1802.5,1696.8,1581.75,1693.6833333333334
16081,2016,1880.0,1950.0,1802.5,1696.8,1816.4333333333334
16081,2017,2060.16,1880.0,1950.0,1802.5,1877.5
16081,2018,2040.0,2060.16,1880.0,1950.0,1963.3866666666665
16081,2019,2044.18,2040.0,2060.16,1880.0,1993.3866666666665
16081,2020,1910.0,2044.18,2040.0,2060.16,2048.1133333333332
16081,2021,1483.2,1910.0,2044.18,2040.0,1998.0600000000002
16081,2022,2080.6,1483.2,1910.0,2044.18,1812.46
16081,2023,4185.92,2080.6,1483.2,1910.0,1824.5999999999997
16081,2025,3966.1400000000003,,4185.92,2080.6,
16082,2003,97078.0,,,,
16082,2004,88818.0,97078.0,,,
16082,2005,86526.0,88818.0,97078.0,,
16082,2006,103275.0,86526.0,88818.0,97078.0,90807.33333333333
16082,2007,98875.0,103275.0,86526.0,88818.0,92873.0
16082,2008,108765.2,98875.0,103275.0,86526.0,96225.33333333333
16082,2009,143243.16999999998,108765.2,98875.0,103275.0,103638.40000000001
16082,2010,154523.6,143243.16999999998,108765.2,98875.0,116961.12333333334
16082,2011,156000.0,154523.6,143243.16999999998,108765.2,135510.65666666665
16082,2012,158696.13,156000.0,154523.6,143243.16999999998,151255.59
16082,2013,159624.0,158696.13,156000.0,154523.6,156406.57666666666
16082,2014,140782.18,159624.0,158696.13,156000.0,158106.71
16082,2015,137936.0,140782.18,159624.0,158696.13,153034.10333333336
16082,2016,168161.3,137936.0,140782.18,159624.0,146114.06000000003
16082,2017,173595.0,168161.3,137936.0,140782.18,148959.82666666666
16082,2018,180463.0,173595.0,168161.3,137936.0,159897.43333333332
16082,2019,176518.02000000002,180463.0,173595.0,168161.3,174073.09999999998
16082,2020,178736.72,176518.02000000002,180463.0,173595.0,176858.67333333334
16082,2021,182995.81,178736.72,176518.02000000002,180463.0,178572.58
16082,2022,183894.56,182995.81,178736.72,176518.02000000002,179416.85
16082,2023,311142.8,183894.56,182995.81,178736.72,181875.69666666668
16082,2025,196028.40000000002,,311142.8,183894.56,
16083,2003,130899.0,,,,
16083,2004,126152.0,130899.0,,,
16083,2005,142144.0,126152.0,130899.0,,
16083,2006,189088.0,142144.0,126152.0,130899.0,133065.0
16083,2007,188545.1,189088.0,142144.0,126152.0,152461.33333333334
16083,2008,171117.0,188545.1,189088.0,142144.0,173259.03333333333
16083,2009,165444.0,171117.0,188545.1,189088.0,182916.69999999998
16083,2010,108488.0,165444.0,171117.0,188545.1,175035.36666666667
16083,2011,192540.0,108488.0,165444.0,171117.0,148349.66666666666
16083,2012,194889.42,192540.0,108488.0,165444.0,155490.66666666666
16083,2013,206628.25,194889.42,192540.0,108488.0,165305.80666666667
16083,2014,206812.0,206628.25,194889.42,192540.0,198019.22333333336
16083,2015,207703.0,206812.0,206628.25,194889.42,202776.55666666667
16083,2016,224142.4,207703.0,206812.0,206628.25,207047.75
16083,2017,218973.7,224142.4,207703.0,206812.0,212885.80000000002
16083,2018,237435.0,218973.7,224142.4,207703.0,216939.69999999998
16083,2019,226710.0,237435.0,218973.7,224142.4,226850.36666666667
16083,2020,225420.4,226710.0,237435.0,218973.7,227706.2333333333
16083,2021,227677.0,225420.4,226710.0,237435.0,229855.13333333333
16083,2022,231517.0,227677.0,225420.4,226710.0,226602.46666666667
16083,2023,303620.0,231517.0,227677.0,225420.4,228204.80000000002
16083,2025,268975.9,,303620.0,231517.0,
16084,2003,4150.0,,,,
16084,2004,3970.0,4150.0,,,
16084,2005,4252.5,3970.0,4150.0,,
16084,2006,4825.0,4252.5,3970.0,4150.0,4124.166666666667
16084,2007,4240.0,4825.0,4252.5,3970.0,4349.166666666667
16084,2008,4890.0,4240.0,4825.0,4252.5,4439.166666666667
16084,2009,4862.5,4890.0,4240.0,4825.0,4651.666666666667
16084,2010,4746.44,4862.5,4890.0,4240.0,4664.166666666667
16084,2011,6110.0,4746.44,4862.5,4890.0,4832.98
16084,2012,6298.3,6110.0,4746.44,4862.5,5239.6466666666665
16084,2013,9000.0,6298.3,6110.0,4746.44,5718.246666666666
16084,2014,16785.0,9000.0,6298.3,6110.0,7136.100000000001
16084,2015,23680.8,16785.0,9000.0,6298.3,10694.433333333334
16084,2016,25142.7,23680.8,16785.0,9000.0,16488.600000000002
16084,2017,25638.45,25142.7,23680.8,16785.0,21869.5
16084,2018,26029.089999999997,25638.45,25142.7,23680.8,24820.649999999998
16084,2019,26156.1,26029.089999999997,25638.45,25142.7,25603.41333333333
16084,2020,34573.049999999996,26156.1,26029.089999999997,25638.45,25941.213333333333
16084,2021,32802.67,34573.049999999996,26156.1,26029.089999999997,28919.41333333333
16084,2022,34903.47,32802.67,34573.049999999996,26156.1,31177.27333333333
16084,2023,37526.0,34903.47,32802.67,34573.049999999996,34093.06333333333
16084,2025,40231.0,,37526.0,34903.47,
16085,2003,1536.0,,,,
16085,2004,1946.5,1536.0,,,
16085,2005,1938.0,1946.5,1536.0,,
16085,2006,2853.6,1938.0,1946.5,1536.0,1806.8333333333333
16085,2007,4089.0,2853.6,1938.0,1946.5,2246.0333333333333
16085,2008,3200.0,4089.0,2853.6,1938.0,2960.2000000000003
16085,2009,2800.0,3200.0,4089.0,2853.6,3380.866666666667
16085,2010,1452.0,2800.0,3200.0,4089.0,3363.0
16085,2011,3881.1,1452.0,2800.0,3200.0,2484.0
16085,2012,6468.5,3881.1,1452.0,2800.0,2711.0333333333333
16085,2013,11186.0,6468.5,3881.1,1452.0,3933.866666666667
16085,2014,13434.69,11186.0,6468.5,3881.1,7178.533333333333
16085,2015,14401.39,13434.69,11186.0,6468.5,10363.063333333334
16085,2016,17756.21,14401.39,13434.69,11186.0,13007.36
16085,2017,18043.73,17756.21,14401.39,13434.69,15197.43
16085,2018,18333.24,18043.73,17756.21,14401.39,16733.77666666667
16085,2019,18570.260000000002,18333.24,18043.73,17756.21,18044.393333333333
16085,2020,19002.3,18570.260000000002,18333.24,18043.73,18315.743333333336
16085,2021,19099.05,19002.3,18570.260000000002,18333.24,18635.266666666666
16085,2022,19842.31,19099.05,19002.3,18570.260000000002,18890.536666666667
16085,2023,19840.600000000002,19842.31,19099.05,19002.3,19314.553333333333
16085,2025,19678.06,,19840.600000000002,19842.31,
16086,2019,24.0,,,,
16086,2020,25.0,24.0,,,
16086,2021,51.2,25.0,24.0,,
16086,2022,51.2,51.2,25.0,24.0,33.4
16086,2023,128.0,51.2,51.2,25.0,42.46666666666667
16086,2025,131.0,,128.0,51.2,
16087,2003,1036.0,,,,
16087,2004,1481.9,1036.0,,,
16087,2005,1440.0,1481.9,1036.0,,
16087,2006,1624.0,1440.0,1481.9,1036.0,1319.3
16087,2007,2000.0,1624.0,1440.0,1481.9,1515.3
16087,2008,4905.0,2000.0,1624.0,1440.0,1688.0
16087,2009,5239.05,4905.0,2000.0,1624.0,2843.0
16087,2010,2470.0,5239.05,4905.0,2000.0,4048.0166666666664
16087,2011,7000.0,2470.0,5239.05,4905.0,4204.683333333333
16087,2012,7497.0,7000.0,2470.0,5239.05,4903.016666666666
16087,2013,8861.36,7497.0,7000.0,2470.0,5655.666666666667
16087,2014,9050.0,8861.36,7497.0,7000.0,7786.12
16087,2015,10921.8,9050.0,8861.36,7497.0,8469.453333333333
16087,2016,12070.5,10921.8,9050.0,8861.36,9611.053333333333
16087,2017,13029.0,12070.5,10921.8,9050.0,10680.766666666666
16087,2018,14355.5,13029.0,12070.5,10921.8,12007.1
16087,2019,18420.0,14355.5,13029.0,12070.5,13151.666666666666
16087,2020,23017.5,18420.0,14355.5,13029.0,15268.166666666666
16087,2021,23245.0,23017.5,18420.0,14355.5,18597.666666666668
16087,2022,23245.0,23245.0,23017.5,18420.0,21560.833333333332
16087,2023,33631.5,23245.0,23245.0,23017.5,23169.166666666668
16087,2025,35065.259999999995,,33631.5,23245.0,
16088,2003,0.0,,,,
16088,2004,0.0,0.0,,,
16088,2005,0.0,0.0,0.0,,
16088,2006,0.0,0.0,0.0,0.0,0.0
16088,2007,0.0,0.0,0.0,0.0,0.0
16088,2008,0.0,0.0,0.0,0.0,0.0
16088,2009,0.0,0.0,0.0,0.0,0.0
16088,2010,30.0,0.0,0.0,0.0,0.0
16088,2011,67.5,30.0,0.0,0.0,10.0
16088,2012,100.0,67.5,30.0,0.0,32.5
16088,2013,90.0,100.0,67.5,30.0,65.83333333333333
16088,2014,120.0,90.0,100.0,67.5,85.83333333333333
16088,2015,80.0,120.0,90.0,100.0,103.33333333333333
16088,2016,140.0,80.0,120.0,90.0,96.66666666666667
16088,2017,136.0,140.0,80.0,120.0,113.33333333333333
16088,2018,152.0,136.0,140.0,80.0,118.66666666666667
16088,2019,15.6,152.0,136.0,140.0,142.66666666666666
16088,2020,15.62,15.6,152.0,136.0,101.2
16088,2021,21.0,15.62,15.6,152.0,61.07333333333333
16088,2022,21.0,21.0,15.62,15.6,17.406666666666666
16088,2023,21.87,21.0,21.0,15.62,19.206666666666667
16088,2025,37.88,,21.87,21.0,
16089,2017,0.0,,,,
16089,2018,0.0,0.0,,,
16089,2019,0.0,0.0,0.0,,
16089,2020,0.0,0.0,0.0,0.0,0.0
16089,2021,0.0,0.0,0.0,0.0,0.0
16089,2022,173.4,0.0,0.0,0.0,0.0
16089,2023,173.74,173.4,0.0,0.0,57.800000000000004
16089,2025,207.1,,173.74,173.4,
16090,2003,13743.0,,,,
16090,2004,13743.0,13743.0,,,
16090,2005,14165.5,13743.0,13743.0,,
16090,2006,13836.0,14165.5,13743.0,13743.0,13883.833333333334
16090,2007,16235.0,13836.0,14165.5,13743.0,13914.833333333334
16090,2008,14190.0,16235.0,13836.0,14165.5,14745.5
16090,2009,13855.0,14190.0,16235.0,13836.0,14753.666666666666
16090,2010,11710.0,13855.0,14190.0,16235.0,14760.0
16090,2011,22000.0,11710.0,13855.0,14190.0,13251.666666666666
16090,2012,21395.0,22000.0,11710.0,13855.0,15855.0
16090,2013,29135.39,21395.0,22000.0,11710.0,18368.333333333332
16090,2014,29259.0,29135.39,21395.0,22000.0,24176.796666666665
16090,2015,29839.899999999998,29259.0,29135.39,21395.0,26596.463333333333
16090,2016,34741.7,29839.899999999998,29259.0,29135.39,29411.429999999997
16090,2017,42164.7,34741.7,29839.899999999998,29259.0,31280.199999999997
16090,2018,43875.0,42164.7,34741.7,29839.899999999998,35582.1
16090,2019,43975.0,43875.0,42164.7,34741.7,40260.46666666667
16090,2020,38579.75,43975.0,43875.0,42164.7,43338.23333333333
16090,2021,41395.0,38579.75,43975.0,43875.0,42143.25
16090,2022,41395.0,41395.0,38579.75,43975.0,41316.583333333336
16090,2023,42710.0,41395.0,41395.0,38579.75,40456.583333333336
16090,2025,42854.3,,42710.0,41395.0,
16091,2003,54611.05,,,,
16091,2004,53012.5,54611.05,,,
16091,2005,52979.15,53012.5,54611.05,,
16091,2006,56557.0,52979.15,53012.5,54611.05,53534.23333333334
16091,2007,56244.0,56557.0,52979.15,53012.5,54182.88333333333
16091,2008,38449.0,56244.0,56557.0,52979.15,55260.049999999996
16091,2009,38486.240000000005,38449.0,56244.0,56557.0,50416.666666666664
16091,2010,26854.0,38486.240000000005,38449.0,56244.0,44393.08000000001
16091,2011,26272.0,26854.0,38486.240000000005,38449.0,34596.41333333334
16091,2012,26170.4,26272.0,26854.0,38486.240000000005,30537.413333333334
16091,2013,26640.0,26170.4,26272.0,26854.0,26432.13333333333
16091,2014,25968.0,26640.0,26170.4,26272.0,26360.8
16091,2015,54707.5,25968.0,26640.0,26170.4,26259.466666666664
16091,2016,57323.16,54707.5,25968.0,26640.0,35771.833333333336
16091,2017,59703.57,57323.16,54707.5,25968.0,45999.55333333334
16091,2018,60264.93,59703.57,57323.16,54707.5,57244.74333333334
16091,2019,66144.5,60264.93,59703.57,57323.16,59097.22
16091,2020,66696.2,66144.5,60264.93,59703.57,62037.666666666664
16091,2021,67053.0,66696.2,66144.5,60264.93,64368.543333333335
16091,2022,67435.5,67053.0,66696.2,66144.5,66631.23333333334
16091,2023,67795.7,67435.5,67053.0,66696.2,67061.56666666667
16091,2025,65477.53,,67795.7,67435.5,
16094,2010,18.0,,,,
16094,2013,0.0,,,18.0,
16094,2014,314.8,0.0,,,
16094,2015,651.75,314.8,0.0,,
16094,2016,1019.0,651.75,314.8,0.0,322.18333333333334
16094,2017,1584.5,1019.0,651.75,314.8,661.85
16094,2018,1586.27,1584.5,1019.0,651.75,1085.0833333333333
16094,2019,1688.0,1586.27,1584.5,1019.0,1396.5900000000001
16094,2020,2542.0,1688.0,1586.27,1584.5,1619.5900000000001
16094,2021,2825.0,2542.0,1688.0,1586.27,1938.756666666667
16094,2022,2663.0,2825.0,2542.0,1688.0,2351.6666666666665
16094,2023,2663.0,2663.0,2825.0,2542.0,2676.6666666666665
16094,2025,2829.2,,2663.0,2663.0,
16095,2003,4500.0,,,,
16095,2004,4045.5,4500.0,,,
16095,2005,4335.0,4045.5,4500.0,,
16095,2006,4664.0,4335.0,4045.5,4500.0,4293.5
16095,2007,4706.8,4664.0,4335.0,4045.5,4348.166666666667
16095,2008,5730.0,4706.8,4664.0,4335.0,4568.599999999999
16095,2009,4603.2,5730.0,4706.8,4664.0,5033.599999999999
16095,2010,4414.0,4603.2,5730.0,4706.8,5013.333333333333
16095,2011,4134.8,4414.0,4603.2,5730.0,4915.733333333334
16095,2012,4400.5,4134.8,4414.0,4603.2,4384.0
16095,2013,4096.0,4400.5,4134.8,4414.0,4316.433333333333
16095,2014,5312.5,4096.0,4400.5,4134.8,4210.433333333333
16095,2015,9053.599999999999,5312.5,4096.0,4400.5,4603.0
16095,2016,9778.6,9053.599999999999,5312.5,4096.0,6154.033333333333
16095,2017,9920.2,9778.6,9053.599999999999,5312.5,8048.233333333333
16095,2018,11177.8,9920.2,9778.6,9053.599999999999,9584.133333333333
16095,2019,11455.4,11177.8,9920.2,9778.6,10292.199999999999
16095,2020,11270.9,11455.4,11177.8,9920.2,10851.133333333333
16095,2021,11320.05,11270.9,11455.4,11177.8,11301.366666666667
16095,2022,11489.25,11320.05,11270.9,11455.4,11348.783333333333
16095,2023,11817.05,11489.25,11320.05,11270.9,11360.066666666666
16095,2025,12742.27,,11817.05,11489.25,
16097,2003,3097.0,,,,
16097,2004,13185.0,3097.0,,,
16097,2005,4614.0,13185.0,3097.0,,
16097,2006,4320.0,4614.0,13185.0,3097.0,6965.333333333333
16097,2007,4906.0,4320.0,4614.0,13185.0,7373.0
16097,2008,17270.0,4906.0,4320.0,4614.0,4613.333333333333
16097,2009,14790.5,17270.0,4906.0,4320.0,8832.0
16097,2010,18332.0,14790.5,17270.0,4906.0,12322.166666666666
16097,2011,22295.2,18332.0,14790.5,17270.0,16797.5
16097,2012,22264.879999999997,22295.2,18332.0,14790.5,18472.566666666666
16097,2013,23868.0,22264.879999999997,22295.2,18332.0,20964.02666666667
16097,2014,28787.5,23868.0,22264.879999999997,22295.2,22809.36
16097,2015,28685.9,28787.5,23868.0,22264.879999999997,24973.460000000003
16097,2016,38185.5,28685.9,28787.5,23868.0,27113.8
16097,2017,46486.5,38185.5,28685.9,28787.5,31886.3
16097,2018,55046.5,46486.5,38185.5,28685.9,37785.96666666667
16097,2019,63754.0,55046.5,46486.5,38185.5,46572.833333333336
16097,2020,67736.61,63754.0,55046.5,46486.5,55095.666666666664
16097,2021,70736.39,67736.61,63754.0,55046.5,62179.03666666666
16097,2022,71139.94,70736.39,67736.61,63754.0,67409.0
16097,2023,72442.9,71139.94,70736.39,67736.61,69870.98
16097,2025,73975.78,,72442.9,71139.94,
16098,2003,416.0,,,,
16098,2004,524.0,416.0,,,
16098,2005,524.0,524.0,416.0,,
16098,2006,559.0,524.0,524.0,416.0,488.0
16098,2007,728.0,559.0,524.0,524.0,535.6666666666666
16098,2008,832.0,728.0,559.0,524.0,603.6666666666666
16098,2009,769.6,832.0,728.0,559.0,706.3333333333334
16098,2010,2392.0,769.6,832.0,728.0,776.5333333333333
16098,2011,2485.6,2392.0,769.6,832.0,1331.2
16098,2012,2563.6,2485.6,2392.0,769.6,1882.3999999999999
16098,2013,2501.2,2563.6,2485.6,2392.0,2480.3999999999996
16098,2014,2548.0,2501.2,2563.6,2485.6,2516.7999999999997
16098,2015,2591.0,2548.0,2501.2,2563.6,2537.6
16098,2016,2781.9,2591.0,2548.0,2501.2,2546.733333333333
16098,2017,2855.4,2781.9,2591.0,2548.0,2640.3
16098,2018,2883.3,2855.4,2781.9,2591.0,2742.7666666666664
16098,2019,2861.24,2883.3,2855.4,2781.9,2840.2000000000003
16098,2020,2610.0,2861.24,2883.3,2855.4,2866.646666666667
16098,2021,2660.7599999999998,2610.0,2861.24,2883.3,2784.846666666667
16098,2022,2946.97,2660.7599999999998,2610.0,2861.24,2710.6666666666665
16098,2023,3865.55,2946.97,2660.7599999999998,2610.0,2739.2433333333333
16098,2025,3717.9900000000002,,3865.55,2946.97,
16099,2016,480.0,,,,
16099,2017,1280.0,480.0,,,
16099,2018,282.0,1280.0,480.0,,
16099,2019,190.0,282.0,1280.0,480.0,680.6666666666666
16099,2020,260.0,190.0,282.0,1280.0,584.0
16099,2021,199.08,260.0,190.0,282.0,244.0
16099,2022,275.04,199.08,260.0,190.0,216.36
16099,2023,165.6,275.04,199.08,260.0,244.70666666666668
16099,2025,263.5,,165.6,275.04,
16100,2003,25.0,,,,
16100,2004,45.0,25.0,,,
16100,2005,40.0,45.0,25.0,,
16100,2006,35.0,40.0,45.0,25.0,36.666666666666664
16100,2007,30.0,35.0,40.0,45.0,40.0
16100,2008,115.5,30.0,35.0,40.0,35.0
16100,2009,105.0,115.5,30.0,35.0,60.166666666666664
16100,2010,99.3,105.0,115.5,30.0,83.5
16100,2011,96.48,99.3,105.0,115.5,106.60000000000001
16100,2012,168.0,96.48,99.3,105.0,100.25999999999999
16100,2013,112.0,168.0,96.48,99.3,121.25999999999999
16100,2014,110.0,112.0,168.0,96.48,125.49333333333334
16100,2015,127.4,110.0,112.0,168.0,130.0
16100,2016,184.4,127.4,110.0,112.0,116.46666666666665
16100,2017,223.79,184.4,127.4,110.0,140.6
16100,2018,264.0,223.79,184.4,127.4,178.53
16100,2019,366.3,264.0,223.79,184.4,224.06333333333336
16100,2020,459.99,366.3,264.0,223.79,284.69666666666666
16100,2021,500.0,459.99,366.3,264.0,363.43
16100,2022,540.0,500.0,459.99,366.3,442.09666666666664
16100,2023,540.0,540.0,500.0,459.99,499.9966666666667
16100,2025,599.2,,540.0,540.0,
16101,2014,13.2,,,,
16101,2015,108.0,13.2,,,
16101,2016,180.0,108.0,13.2,,
16101,2017,208.0,180.0,108.0,13.2,100.39999999999999
16101,2018,225.02,208.0,180.0,108.0,165.33333333333334
16101,2019,312.4,225.02,208.0,180.0,204.34
16101,2020,315.0,312.4,225.02,208.0,248.47333333333333
16101,2021,410.3,315.0,312.4,225.02,284.14
16101,2022,457.0,410.3,315.0,312.4,345.90000000000003
16101,2023,567.29,457.0,410.3,315.0,394.09999999999997
16101,2025,470.0,,567.29,457.0,
16102,2003,146426.0,,,,
16102,2004,161838.0,146426.0,,,
16102,2005,162789.0,161838.0,146426.0,,
16102,2006,190850.0,162789.0,161838.0,146426.0,157017.66666666666
16102,2007,188580.94,190850.0,162789.0,161838.0,171825.66666666666
16102,2008,189890.0,188580.94,190850.0,162789.0,180739.97999999998
16102,2009,193095.0,189890.0,188580.94,190850.0,189773.64666666664
16102,2010,102847.5,193095.0,189890.0,188580.94,190521.97999999998
16102,2011,124590.0,102847.5,193095.0,189890.0,161944.16666666666
16102,2012,127075.47,124590.0,102847.5,193095.0,140177.5
16102,2013,135430.0,127075.47,124590.0,102847.5,118170.98999999999
16102,2014,141107.8,135430.0,127075.47,124590.0,129031.82333333332
16102,2015,144610.0,141107.8,135430.0,127075.47,134537.75666666668
16102,2016,154496.0,144610.0,141107.8,135430.0,140382.6
16102,2017,153505.44,154496.0,144610.0,141107.8,146737.93333333335
16102,2018,176542.0,153505.44,154496.0,144610.0,150870.47999999998
16102,2019,166692.0,176542.0,153505.44,154496.0,161514.47999999998
16102,2020,184275.8,166692.0,176542.0,153505.44,165579.81333333332
16102,2021,186079.0,184275.8,166692.0,176542.0,175836.6
16102,2022,186079.0,186079.0,184275.8,166692.0,179015.6
16102,2023,219011.0,186079.0,186079.0,184275.8,185477.93333333335
16102,2025,201170.38,,219011.0,186079.0,
16105,2019,0.0,,,,
16105,2020,0.0,0.0,,,
16105,2021,12.95,0.0,0.0,,
16105,2022,9.0,12.95,0.0,0.0,4.316666666666666
16105,2023,14.94,9.0,12.95,0.0,7.316666666666666
16105,2025,42.72,,14.94,9.0,
16106,2019,26.0,,,,
16106,2020,26.8,26.0,,,
16106,2021,39.54,26.8,26.0,,
16106,2022,52.45,39.54,26.8,26.0,30.78
16106,2023,52.45,52.45,39.54,26.8,39.59666666666667
16106,2025,21.36,,52.45,52.45,
16107,2016,0.0,,,,
16107,2017,4580.0,0.0,,,
16107,2018,7102.2,4580.0,0.0,,
16107,2019,26620.0,7102.2,4580.0,0.0,3894.066666666667
16107,2020,32582.0,26620.0,7102.2,4580.0,12767.4
16107,2021,33090.0,32582.0,26620.0,7102.2,22101.399999999998
16107,2022,35200.0,33090.0,32582.0,26620.0,30764.0
16107,2023,42900.0,35200.0,33090.0,32582.0,33624.0
16107,2025,48209.91,,42900.0,35200.0,
16110,2003,10.0,,,,
16110,2004,35.0,10.0,,,
16110,2005,36.0,35.0,10.0,,
16110,2006,40.5,36.0,35.0,10.0,27.0
16110,2007,39.0,40.5,36.0,35.0,37.166666666666664
16110,2008,72.0,39.0,40.5,36.0,38.5
16110,2009,213.5,72.0,39.0,40.5,50.5
16110,2010,268.0,213.5,72.0,39.0,108.16666666666667
16110,2011,271.0,268.0,213.5,72.0,184.5
16110,2012,297.5,271.0,268.0,213.5,250.83333333333334
16110,2013,305.0,297.5,271.0,268.0,278.8333333333333
16110,2014,215.0,305.0,297.5,271.0,291.1666666666667
16110,2015,388.0,215.0,305.0,297.5,272.5
16110,2016,410.0,388.0,215.0,305.0,302.6666666666667
16110,2017,355.0,410.0,388.0,215.0,337.6666666666667
16110,2018,365.63,355.0,410.0,388.0,384.3333333333333
16110,2019,775.5,365.63,355.0,410.0,376.8766666666667
16110,2020,560.0,775.5,365.63,355.0,498.71000000000004
16110,2021,1035.0,560.0,775.5,365.63,567.0433333333334
16110,2022,1380.0,1035.0,560.0,775.5,790.1666666666666
16110,2023,2027.62,1380.0,1035.0,560.0,991.6666666666666
16110,2025,2481.55,,2027.62,1380.0,
16111,2003,13408.0,,,,
16111,2004,15046.0,13408.0,,,
16111,2005,14467.0,15046.0,13408.0,,
16111,2006,9520.0,14467.0,15046.0,13408.0,14307.0
16111,2007,13232.0,9520.0,14467.0,15046.0,13011.0
16111,2008,13758.0,13232.0,9520.0,14467.0,12406.333333333334
16111,2009,13608.0,13758.0,13232.0,9520.0,12170.0
16111,2010,12960.0,13608.0,13758.0,13232.0,13532.666666666666
16111,2011,23440.0,12960.0,13608.0,13758.0,13442.0
16111,2012,23755.5,23440.0,12960.0,13608.0,16669.333333333332
16111,2013,35911.16,23755.5,23440.0,12960.0,20051.833333333332
16111,2014,34935.5,35911.16,23755.5,23440.0,27702.22
16111,2015,37766.350000000006,34935.5,35911.16,23755.5,31534.053333333333
16111,2016,41562.0,37766.350000000006,34935.5,35911.16,36204.33666666667
16111,2017,44123.0,41562.0,37766.350000000006,34935.5,38087.950000000004
16111,2018,50700.0,44123.0,41562.0,37766.350000000006,41150.450000000004
16111,2019,51469.0,50700.0,44123.0,41562.0,45461.666666666664
16111,2020,57558.15,51469.0,50700.0,44123.0,48764.0
16111,2021,58080.0,57558.15,51469.0,50700.0,53242.38333333333
16111,2022,58080.0,58080.0,57558.15,51469.0,55702.38333333333
16111,2023,58262.5,58080.0,58080.0,57558.15,57906.049999999996
16111,2025,59498.25,,58262.5,58080.0,
16112,2003,7336.24,,,,
16112,2004,6965.0,7336.24,,,
16112,2005,6965.0,6965.0,7336.24,,
16112,2006,6930.0,6965.0,6965.0,7336.24,7088.746666666666
16112,2007,6365.0,6930.0,6965.0,6965.0,6953.333333333333
16112,2008,9559.0,6365.0,6930.0,6965.0,6753.333333333333
16112,2009,9559.0,9559.0,6365.0,6930.0,7618.0
16112,2010,10027.0,9559.0,9559.0,6365.0,8494.333333333334
16112,2011,10746.0,10027.0,9559.0,9559.0,9715.0
16112,2012,10828.1,10746.0,10027.0,9559.0,10110.666666666666
16112,2013,11000.7,10828.1,10746.0,10027.0,10533.699999999999
16112,2014,11293.25,11000.7,10828.1,10746.0,10858.266666666668
16112,2015,12198.8,11293.25,11000.7,10828.1,11040.683333333334
16112,2016,12918.85,12198.8,11293.25,11000.7,11497.583333333334
16112,2017,13367.9,12918.85,12198.8,11293.25,12136.966666666665
16112,2018,13174.01,13367.9,12918.85,12198.8,12828.516666666665
16112,2019,12509.26,13174.01,13367.9,12918.85,13153.586666666668
16112,2020,12510.0,12509.26,13174.01,13367.9,13017.056666666665
16112,2021,4290.0,12510.0,12509.26,13174.01,12731.089999999998
16112,2022,13820.82,4290.0,12510.0,12509.26,9769.753333333334
16112,2023,14118.45,13820.82,4290.0,12510.0,10206.94
16112,2025,13968.78,,14118.45,13820.82,
17002,2003,36.0,,,,
17002,2004,40.0,36.0,,,
17002,2005,48.0,40.0,36.0,,
17003,2009,0.0,,,,
17004,2019,51.8,,,,
17004,2020,54.6,51.8,,,
17004,2021,57.4,54.6,51.8,,
17004,2022,60.9,57.4,54.6,51.8,54.6
17004,2023,63.0,60.9,57.4,54.6,57.63333333333333
17004,2025,66.5,,63.0,60.9,
17007,2009,1080.0,,,,
17007,2010,0.0,1080.0,,,
17007,2011,0.0,0.0,1080.0,,
17007,2012,1440.0,0.0,0.0,1080.0,360.0
17007,2013,0.0,1440.0,0.0,0.0,480.0
17007,2014,0.0,0.0,1440.0,0.0,480.0
17007,2015,1218.0,0.0,0.0,1440.0,480.0
17007,2016,1247.0,1218.0,0.0,0.0,406.0
17007,2017,1452.0,1247.0,1218.0,0.0,821.6666666666666
17007,2018,1468.5,1452.0,1247.0,1218.0,1305.6666666666667
17007,2019,1489.5,1468.5,1452.0,1247.0,1389.1666666666667
17007,2020,1748.0,1489.5,1468.5,1452.0,1470.0
17007,2021,1938.0,1748.0,1489.5,1468.5,1568.6666666666667
17007,2022,1958.4,1938.0,1748.0,1489.5,1725.1666666666667
17007,2023,2420.6,1958.4,1938.0,1748.0,1881.4666666666665
17007,2025,2527.0,,2420.6,1958.4,
17009,2003,3.4,,,,
17009,2004,3.6,3.4,,,
17009,2005,4.0,3.6,3.4,,
17009,2006,3.6,4.0,3.6,3.4,3.6666666666666665
17009,2007,3.6,3.6,4.0,3.6,3.733333333333333
17009,2010,3.4,,,3.6,
17009,2011,3.52,3.4,,,
17009,2012,3.6,3.52,3.4,,
17009,2013,3.48,3.6,3.52,3.4,3.5066666666666664
17009,2014,3.4,3.48,3.6,3.52,3.533333333333333
17009,2015,21.36,3.4,3.48,3.6,3.4933333333333336
17009,2016,19.68,21.36,3.4,3.48,9.413333333333334
17009,2017,38.28,19.68,21.36,3.4,14.813333333333333
17009,2018,187.2,38.28,19.68,21.36,26.439999999999998
17009,2019,173.55,187.2,38.28,19.68,81.71999999999998
17009,2020,173.16,173.55,187.2,38.28,133.01
17009,2021,198.0,173.16,173.55,187.2,177.97
17009,2022,180.0,198.0,173.16,173.55,181.56999999999996
17009,2023,205.8,180.0,198.0,173.16,183.72
17009,2025,199.5,,205.8,180.0,
17016,2003,11457.0,,,,
17016,2004,15276.0,11457.0,,,
17016,2005,13124.5,15276.0,11457.0,,
17016,2006,13478.0,13124.5,15276.0,11457.0,13285.833333333334
17016,2007,12380.0,13478.0,13124.5,15276.0,13959.5
17016,2008,12174.0,12380.0,13478.0,13124.5,12994.166666666666
17016,2009,12431.0,12174.0,12380.0,13478.0,12677.333333333334
17016,2010,12769.73,12431.0,12174.0,12380.0,12328.333333333334
17016,2011,12504.5,12769.73,12431.0,12174.0,12458.243333333332
17016,2012,14840.0,12504.5,12769.73,12431.0,12568.409999999998
17016,2013,11448.9,14840.0,12504.5,12769.73,13371.409999999998
17016,2014,11255.0,11448.9,14840.0,12504.5,12931.133333333333
17016,2015,11684.0,11255.0,11448.9,14840.0,12514.633333333333
17016,2016,12653.0,11684.0,11255.0,11448.9,11462.633333333333
17016,2017,13497.2,12653.0,11684.0,11255.0,11864.0
17016,2018,15893.9,13497.2,12653.0,11684.0,12611.4
17016,2019,18724.18,15893.9,13497.2,12653.0,14014.699999999999
17016,2020,17817.4,18724.18,15893.9,13497.2,16038.426666666666
17016,2021,18801.0,17817.4,18724.18,15893.9,17478.493333333336
17016,2022,19004.3,18801.0,17817.4,18724.18,18447.52666666667
17016,2023,19236.1,19004.3,18801.0,17817.4,18540.899999999998
17016,2025,17710.18,,19236.1,19004.3,
17017,2003,18.0,,,,
17017,2004,24.0,18.0,,,
17017,2005,18.2,24.0,18.0,,
17017,2006,18.0,18.2,24.0,18.0,20.066666666666666
17017,2007,16.0,18.0,18.2,24.0,20.066666666666666
17017,2008,20.0,16.0,18.0,18.2,17.400000000000002
17017,2009,18.0,20.0,16.0,18.0,18.0
17017,2010,18.4,18.0,20.0,16.0,18.0
17017,2011,17.9,18.4,18.0,20.0,18.799999999999997
17017,2012,16.58,17.9,18.4,18.0,18.099999999999998
17017,2013,20.0,16.58,17.9,18.4,17.626666666666665
17017,2014,23.5,20.0,16.58,17.9,18.16
17017,2015,29.12,23.5,20.0,16.58,20.026666666666667
17017,2016,30.9,29.12,23.5,20.0,24.206666666666667
17019,2019,30.0,,,,
17019,2020,32.0,30.0,,,
17019,2021,34.0,32.0,30.0,,
17019,2022,35.2,34.0,32.0,30.0,32.0
17019,2023,45.5,35.2,34.0,32.0,33.733333333333334
17019,2025,47.5,,45.5,35.2,
17020,2003,272.0,,,,
17020,2004,408.0,272.0,,,
17020,2005,510.0,408.0,272.0,,
17020,2006,408.0,510.0,408.0,272.0,396.6666666666667
17020,2007,340.0,408.0,510.0,408.0,442.0
17020,2010,0.0,,,340.0,
17020,2011,334.56,0.0,,,
17020,2012,367.2,334.56,0.0,,
17020,2013,374.0,367.2,334.56,0.0,233.92
17020,2014,409.2,374.0,367.2,334.56,358.58666666666664
17020,2015,445.0,409.2,374.0,367.2,383.4666666666667
17020,2016,415.0,445.0,409.2,374.0,409.40000000000003
17020,2017,490.0,415.0,445.0,409.2,423.06666666666666
17020,2018,756.0,490.0,415.0,445.0,450.0
17020,2019,856.8,756.0,490.0,415.0,553.6666666666666
17020,2020,833.0,856.8,756.0,490.0,700.9333333333334
17020,2021,858.5,833.0,856.8,756.0,815.2666666666668
17020,2022,818.4,858.5,833.0,856.8,849.4333333333334
17020,2023,853.6,818.4,858.5,833.0,836.6333333333333
17020,2025,836.0,,853.6,818.4,
17021,2003,36.0,,,,
17021,2004,36.0,36.0,,,
17021,2005,34.5,36.0,36.0,,
17021,2006,28.5,34.5,36.0,36.0,35.5
17021,2007,18.0,28.5,34.5,36.0,33.0
17021,2008,24.0,18.0,28.5,34.5,27.0
17021,2009,30.0,24.0,18.0,28.5,23.5
17021,2010,24.0,30.0,24.0,18.0,24.0
17021,2011,22.5,24.0,30.0,24.0,26.0
17021,2012,19.4,22.5,24.0,30.0,25.5
17021,2013,20.0,19.4,22.5,24.0,21.96666666666667
17021,2014,12.0,20.0,19.4,22.5,20.633333333333333
17022,2003,6651.0,,,,
17022,2004,10104.0,6651.0,,,
17022,2005,8348.0,10104.0,6651.0,,
17022,2006,6803.2,8348.0,10104.0,6651.0,8367.666666666666
17022,2007,7856.0,6803.2,8348.0,10104.0,8418.4
17022,2008,7036.0,7856.0,6803.2,8348.0,7669.066666666667
17022,2009,9530.0,7036.0,7856.0,6803.2,7231.733333333334
17022,2010,7001.76,9530.0,7036.0,7856.0,8140.666666666667
17022,2011,7071.6,7001.76,9530.0,7036.0,7855.920000000001
17022,2012,11180.0,7071.6,7001.76,9530.0,7867.786666666667
17022,2013,8073.2,11180.0,7071.6,7001.76,8417.786666666667
17022,2014,8656.5,8073.2,11180.0,7071.6,8774.933333333332
17022,2015,9632.5,8656.5,8073.2,11180.0,9303.233333333334
17022,2016,11423.0,9632.5,8656.5,8073.2,8787.4
17022,2017,12683.17,11423.0,9632.5,8656.5,9904.0
17022,2018,14611.71,12683.17,11423.0,9632.5,11246.223333333333
17022,2019,17586.239999999998,14611.71,12683.17,11423.0,12905.96
17022,2020,16870.87,17586.239999999998,14611.71,12683.17,14960.373333333331
17022,2021,17396.1,16870.87,17586.239999999998,14611.71,16356.27333333333
17022,2022,17577.3,17396.1,16870.87,17586.239999999998,17284.403333333332
17022,2023,17000.5,17577.3,17396.1,16870.87,17281.423333333332
17022,2025,15109.949999999999,,17000.5,17577.3,
17023,2003,3059.7,,,,
17023,2004,2540.0,3059.7,,,
17023,2005,3556.0,2540.0,3059.7,,
17023,2006,2794.0,3556.0,2540.0,3059.7,3051.9
17023,2007,2540.0,2794.0,3556.0,2540.0,2963.3333333333335
17023,2008,2112.0,2540.0,2794.0,3556.0,2963.3333333333335
17023,2009,2915.0,2112.0,2540.0,2794.0,2482.0
17023,2010,2150.4,2915.0,2112.0,2540.0,2522.3333333333335
17023,2011,2531.2,2150.4,2915.0,2112.0,2392.4666666666667
17023,2012,2352.0,2531.2,2150.4,2915.0,2532.2000000000003
17023,2013,2486.4,2352.0,2531.2,2150.4,2344.5333333333333
17023,2014,2274.8,2486.4,2352.0,2531.2,2456.5333333333333
17023,2015,2089.8,2274.8,2486.4,2352.0,2371.0666666666666
17023,2016,1992.6,2089.8,2274.8,2486.4,2283.666666666667
17023,2017,2028.64,1992.6,2089.8,2274.8,2119.066666666667
17023,2018,3724.8,2028.64,1992.6,2089.8,2037.0133333333333
17023,2019,4272.0,3724.8,2028.64,1992.6,2582.0133333333333
17023,2020,3771.5,4272.0,3724.8,2028.64,3341.8133333333335
17023,2021,3871.0,3771.5,4272.0,3724.8,3922.7666666666664
17023,2022,3729.3,3871.0,3771.5,4272.0,3971.5
17023,2023,3831.8,3729.3,3871.0,3771.5,3790.6
17023,2025,3724.0,,3831.8,3729.3,
17024,2003,99.0,,,,
17024,2004,20.0,99.0,,,
17024,2005,16.0,20.0,99.0,,
17024,2006,16.0,16.0,20.0,99.0,45.0
17024,2007,18.0,16.0,16.0,20.0,17.333333333333332
17024,2008,16.0,18.0,16.0,16.0,16.666666666666668
17024,2009,18.0,16.0,18.0,16.0,16.666666666666668
17024,2010,18.6,18.0,16.0,18.0,17.333333333333332
17024,2011,17.9,18.6,18.0,16.0,17.533333333333335
17024,2012,20.22,17.9,18.6,18.0,18.166666666666668
17024,2013,22.0,20.22,17.9,18.6,18.906666666666666
17024,2014,16.8,22.0,20.22,17.9,20.04
17024,2015,19.53,16.8,22.0,20.22,19.673333333333332
17024,2016,21.8,19.53,16.8,22.0,19.44333333333333
17026,2004,12.0,,,,
17026,2005,11.0,12.0,,,
17026,2006,9.0,11.0,12.0,,
17026,2007,4.0,9.0,11.0,12.0,10.666666666666666
17026,2008,9.0,4.0,9.0,11.0,8.0
17026,2009,10.0,9.0,4.0,9.0,7.333333333333333
17026,2010,8.0,10.0,9.0,4.0,7.666666666666667
17026,2011,7.0,8.0,10.0,9.0,9.0
17026,2012,8.9,7.0,8.0,10.0,8.333333333333334
17026,2013,654.5,8.9,7.0,8.0,7.966666666666666
17026,2014,666.5500000000001,654.5,8.9,7.0,223.46666666666667
17026,2015,619.2,666.5500000000001,654.5,8.9,443.31666666666666
17026,2016,604.8,619.2,666.5500000000001,654.5,646.75
17026,2017,616.0,604.8,619.2,666.5500000000001,630.1833333333333
17026,2018,667.5,616.0,604.8,619.2,613.3333333333334
17026,2019,675.0,667.5,616.0,604.8,629.4333333333333
17026,2020,710.4,675.0,667.5,616.0,652.8333333333334
17026,2021,752.4,710.4,675.0,667.5,684.3000000000001
17026,2022,733.2,752.4,710.4,675.0,712.6
17026,2023,741.0,733.2,752.4,710.4,732.0
17026,2025,741.0,,741.0,733.2,
17027,2003,42.5,,,,
17027,2004,60.0,42.5,,,
17027,2005,131.4,60.0,42.5,,
17027,2006,240.9,131.4,60.0,42.5,77.96666666666667
17027,2007,219.0,240.9,131.4,60.0,144.1
17027,2008,585.0,219.0,240.9,131.4,197.1
17027,2009,780.0,585.0,219.0,240.9,348.3
17027,2010,657.0,780.0,585.0,219.0,528.0
17027,2011,682.3,657.0,780.0,585.0,674.0
17027,2012,864.0,682.3,657.0,780.0,706.4333333333333
17027,2013,720.0,864.0,682.3,657.0,734.4333333333333
17027,2014,910.0,720.0,864.0,682.3,755.4333333333333
17027,2015,861.0,910.0,720.0,864.0,831.3333333333334
17027,2016,840.0,861.0,910.0,720.0,830.3333333333334
17027,2017,788.4,840.0,861.0,910.0,870.3333333333334
17027,2018,1580.0,788.4,840.0,861.0,829.7999999999998
17027,2019,4564.56,1580.0,788.4,840.0,1069.4666666666665
17027,2020,3308.8,4564.56,1580.0,788.4,2310.9866666666667
17027,2021,3365.9,3308.8,4564.56,1580.0,3151.1200000000003
17027,2022,3391.5,3365.9,3308.8,4564.56,3746.42
17027,2023,3484.8,3391.5,3365.9,3308.8,3355.3999999999996
17027,2025,3363.0,,3484.8,3391.5,
17029,2003,60.0,,,,
17029,2004,72.0,60.0,,,
17029,2005,120.0,72.0,60.0,,
17029,2006,120.0,120.0,72.0,60.0,84.0
17029,2007,96.0,120.0,120.0,72.0,104.0
17029,2008,36.0,96.0,120.0,120.0,112.0
17029,2009,48.0,36.0,96.0,120.0,84.0
17029,2010,66.6,48.0,36.0,96.0,60.0
17029,2011,75.6,66.6,48.0,36.0,50.199999999999996
17029,2012,87.3,75.6,66.6,48.0,63.4
17029,2013,199.0,87.3,75.6,66.6,76.5
17029,2014,182.0,199.0,87.3,75.6,120.63333333333333
17029,2015,131.0,182.0,199.0,87.3,156.1
17029,2016,99.4,131.0,182.0,199.0,170.66666666666666
17029,2017,90.8,99.4,131.0,182.0,137.46666666666667
17029,2018,104.68,90.8,99.4,131.0,107.06666666666668
17029,2019,132.26999999999998,104.68,90.8,99.4,98.29333333333335
17029,2020,134.4,132.26999999999998,104.68,90.8,109.25
17029,2021,146.3,134.4,132.26999999999998,104.68,123.78333333333335
17029,2022,150.10000000000002,146.3,134.4,132.26999999999998,137.65666666666667
17029,2023,173.4,150.10000000000002,146.3,134.4,143.60000000000002
17029,2025,171.4,,173.4,150.10000000000002,
17030,2003,2233.0,,,,
17030,2004,2352.0,2233.0,,,
17030,2005,2775.0,2352.0,2233.0,,
17030,2006,2169.9,2775.0,2352.0,2233.0,2453.3333333333335
17030,2007,1899.0,2169.9,2775.0,2352.0,2432.2999999999997
17030,2008,3360.0,1899.0,2169.9,2775.0,2281.2999999999997
17030,2009,4582.0,3360.0,1899.0,2169.9,2476.2999999999997
17030,2010,4141.8,4582.0,3360.0,1899.0,3280.3333333333335
17030,2011,4446.95,4141.8,4582.0,3360.0,4027.933333333333
17030,2012,4342.5,4446.95,4141.8,4582.0,4390.25
17030,2013,3464.5,4342.5,4446.95,4141.8,4310.416666666667
17030,2014,3246.3,3464.5,4342.5,4446.95,4084.65
17030,2015,2797.5,3246.3,3464.5,4342.5,3684.433333333333
17030,2016,3100.5,2797.5,3246.3,3464.5,3169.433333333333
17030,2017,3161.0800000000004,3100.5,2797.5,3246.3,3048.1
17030,2018,3885.82,3161.0800000000004,3100.5,2797.5,3019.693333333333
17030,2019,4023.0,3885.82,3161.0800000000004,3100.5,3382.466666666667
17030,2020,4141.83,4023.0,3885.82,3161.0800000000004,3689.966666666667
17030,2021,4205.8,4141.83,4023.0,3885.82,4016.8833333333337
17030,2022,4191.1,4205.8,4141.83,4023.0,4123.543333333334
17030,2023,4513.9,4191.1,4205.8,4141.83,4179.576666666667
17030,2025,3990.42,,4513.9,4191.1,
17032,2018,763.96,,,,
17032,2019,768.37,763.96,,,
17032,2020,814.3,768.37,763.96,,
17032,2021,829.3,814.3,768.37,763.96,782.21
17032,2022,839.1,829.3,814.3,768.37,803.9899999999999
17032,2023,975.7,839.1,829.3,814.3,827.5666666666666
17032,2025,1259.12,,975.7,839.1,
17033,2005,510.0,,,,
17036,2025,2669.5,,,,
18002,2003,40.5,,,,
18002,2004,27.0,40.5,,,
18002,2005,27.0,27.0,40.5,,
18002,2006,36.0,27.0,27.0,40.5,31.5
18002,2007,31.5,36.0,27.0,27.0,30.0
18002,2008,40.5,31.5,36.0,27.0,31.5
18002,2009,39.6,40.5,31.5,36.0,36.0
18002,2010,64.35,39.6,40.5,31.5,37.199999999999996
18002,2011,81.0,64.35,39.6,40.5,48.15
18002,2012,63.0,81.0,64.35,39.6,61.65
18002,2013,40.5,63.0,81.0,64.35,69.45
18002,2014,38.25,40.5,63.0,81.0,61.5
18002,2015,44.0,38.25,40.5,63.0,47.25
18002,2016,55.3,44.0,38.25,40.5,40.916666666666664
18002,2017,52.5,55.3,44.0,38.25,45.85
18002,2018,73.8,52.5,55.3,44.0,50.6
18002,2019,255.2,73.8,52.5,55.3,60.53333333333333
18002,2020,337.62,255.2,73.8,52.5,127.16666666666667
18002,2021,319.32,337.62,255.2,73.8,222.20666666666668
18002,2022,365.19,319.32,337.62,255.2,304.0466666666667
18002,2023,368.15,365.19,319.32,337.62,340.71
18002,2025,360.38,,368.15,365.19,
18003,2003,14.0,,,,
18003,2004,20.0,14.0,,,
18003,2005,12.0,20.0,14.0,,
18003,2006,9.0,12.0,20.0,14.0,15.333333333333334
18003,2007,12.0,9.0,12.0,20.0,13.666666666666666
18003,2008,14.0,12.0,9.0,12.0,11.0
18003,2009,16.0,14.0,12.0,9.0,11.666666666666666
18003,2010,15.8,16.0,14.0,12.0,14.0
18003,2011,12.0,15.8,16.0,14.0,15.266666666666666
18003,2012,0.0,12.0,15.8,16.0,14.6
18003,2013,16.0,0.0,12.0,15.8,9.266666666666667
18003,2014,15.2,16.0,0.0,12.0,9.333333333333334
18003,2015,35.0,15.2,16.0,0.0,10.4
18003,2016,25.5,35.0,15.2,16.0,22.066666666666666
18003,2017,37.3,25.5,35.0,15.2,25.233333333333334
18003,2018,50.7,37.3,25.5,35.0,32.6
18003,2019,59.2,50.7,37.3,25.5,37.833333333333336
18003,2020,87.23,59.2,50.7,37.3,49.06666666666666
18003,2021,94.86,87.23,59.2,50.7,65.71
18003,2022,109.19,94.86,87.23,59.2,80.43
18003,2023,102.57,109.19,94.86,87.23,97.09333333333332
18003,2025,497.96999999999997,,102.57,109.19,
18004,2003,19.25,,,,
18004,2004,15.75,19.25,,,
18004,2005,21.7,15.75,19.25,,
18004,2006,19.25,21.7,15.75,19.25,18.900000000000002
18004,2007,21.0,19.25,21.7,15.75,18.900000000000002
18004,2008,21.35,21.0,19.25,21.7,20.650000000000002
18004,2009,18.68,21.35,21.0,19.25,20.53333333333333
18004,2010,21.0,18.68,21.35,21.0,20.343333333333334
18004,2011,98.01,21.0,18.68,21.35,20.343333333333334
18004,2012,53.55,98.01,21.0,18.68,45.89666666666667
18004,2013,55.16,53.55,98.01,21.0,57.52
18004,2014,74.9,55.16,53.55,98.01,68.90666666666667
18004,2015,73.0,74.9,55.16,53.55,61.20333333333334
18004,2016,69.0,73.0,74.9,55.16,67.68666666666667
18004,2017,33.35,69.0,73.0,74.9,72.30000000000001
18004,2018,77.4,33.35,69.0,73.0,58.449999999999996
18004,2019,150.44,77.4,33.35,69.0,59.916666666666664
18004,2020,175.91,150.44,77.4,33.35,87.06333333333333
18004,2021,316.45,175.91,150.44,77.4,134.58333333333334
18004,2022,320.8,316.45,175.91,150.44,214.26666666666665
18004,2023,388.95,320.8,316.45,175.91,271.05333333333334
18004,2025,548.39,,388.95,320.8,
18006,2003,48.25,,,,
18006,2004,42.5,48.25,,,
18006,2005,46.5,42.5,48.25,,
18006,2006,33.879999999999995,46.5,42.5,48.25,45.75
18006,2007,57.0,33.879999999999995,46.5,42.5,40.96
18006,2008,100.5,57.0,33.879999999999995,46.5,45.79333333333333
18006,2009,105.75,100.5,57.0,33.879999999999995,63.79333333333333
18006,2010,138.6,105.75,100.5,57.0,87.75
18006,2011,174.75,138.6,105.75,100.5,114.95
18006,2012,136.64,174.75,138.6,105.75,139.70000000000002
18006,2013,79.5,136.64,174.75,138.6,149.99666666666667
18006,2014,86.6,79.5,136.64,174.75,130.29666666666665
18006,2015,86.0,86.6,79.5,136.64,100.91333333333334
18006,2016,80.8,86.0,86.6,79.5,84.03333333333333
18006,2017,119.6,80.8,86.0,86.6,84.46666666666665
18006,2018,117.65,119.6,80.8,86.0,95.46666666666665
18006,2019,117.0,117.65,119.6,80.8,106.01666666666667
18006,2020,152.25,117.0,117.65,119.6,118.08333333333333
18006,2021,178.84,152.25,117.0,117.65,128.96666666666667
18006,2022,181.39,178.84,152.25,117.0,149.36333333333334
18006,2023,173.74,181.39,178.84,152.25,170.82666666666668
18006,2025,336.52,,173.74,181.39,
18007,2003,0.0,,,,
18007,2004,0.0,0.0,,,
18007,2005,2.5,0.0,0.0,,
18007,2006,2.25,2.5,0.0,0.0,0.8333333333333334
18007,2007,2.5,2.25,2.5,0.0,1.5833333333333333
18007,2008,3.5,2.5,2.25,2.5,2.4166666666666665
18007,2009,3.5,3.5,2.5,2.25,2.75
18007,2010,3.5,3.5,3.5,2.5,3.1666666666666665
18007,2011,35.1,3.5,3.5,3.5,3.5
18007,2012,58.0,35.1,3.5,3.5,14.033333333333333
18007,2013,123.0,58.0,35.1,3.5,32.199999999999996
18007,2014,152.9,123.0,58.0,35.1,72.03333333333333
18007,2015,495.25,152.9,123.0,58.0,111.3
18007,2016,423.5,495.25,152.9,123.0,257.05
18007,2017,518.1,423.5,495.25,152.9,357.2166666666667
18007,2018,576.75,518.1,423.5,495.25,478.95
18007,2019,1210.55,576.75,518.1,423.5,506.1166666666666
18007,2020,1246.48,1210.55,576.75,518.1,768.4666666666667
18007,2021,1488.95,1246.48,1210.55,576.75,1011.2600000000001
18007,2022,1698.27,1488.95,1246.48,1210.55,1315.3266666666668
18007,2023,1621.28,1698.27,1488.95,1246.48,1477.8999999999999
18007,2025,5671.48,,1621.28,1698.27,
18008,2003,4885.6,,,,
18008,2004,6304.0,4885.6,,,
18008,2005,6505.65,6304.0,4885.6,,
18008,2006,8702.33,6505.65,6304.0,4885.6,5898.416666666667
18008,2007,8415.44,8702.33,6505.65,6304.0,7170.66
18008,2008,10232.41,8415.44,8702.33,6505.65,7874.473333333332
18008,2009,9849.89,10232.41,8415.44,8702.33,9116.726666666667
18008,2010,8918.2,9849.89,10232.41,8415.44,9499.246666666666
18008,2011,10368.0,8918.2,9849.89,10232.41,9666.833333333334
18008,2012,11739.0,10368.0,8918.2,9849.89,9712.03
18008,2013,13080.6,11739.0,10368.0,8918.2,10341.733333333335
18008,2014,14565.84,13080.6,11739.0,10368.0,11729.199999999999
18008,2015,15345.52,14565.84,13080.6,11739.0,13128.480000000001
18008,2016,12291.4,15345.52,14565.84,13080.6,14330.653333333334
18008,2017,17850.01,12291.4,15345.52,14565.84,14067.586666666668
18008,2018,25277.26,17850.01,12291.4,15345.52,15162.309999999998
18008,2019,27992.77,25277.26,17850.01,12291.4,18472.89
18008,2020,30252.36,27992.77,25277.26,17850.01,23706.679999999997
18008,2021,31653.510000000002,30252.36,27992.77,25277.26,27840.796666666665
18008,2022,31652.74,31653.510000000002,30252.36,27992.77,29966.213333333337
18008,2023,31791.51,31652.74,31653.510000000002,30252.36,31186.203333333335
18008,2025,24962.9,,31791.51,31652.74,
18009,2022,0.0,,,,
18009,2023,0.0,0.0,,,
18009,2025,0.0,,0.0,0.0,
18010,2003,0.0,,,,
18011,2003,0.0,,,,
18011,2004,36.0,0.0,,,
18011,2005,24.0,36.0,0.0,,
18011,2006,36.0,24.0,36.0,0.0,20.0
18011,2007,42.0,36.0,24.0,36.0,32.0
18011,2008,36.0,42.0,36.0,24.0,34.0
18011,2009,36.0,36.0,42.0,36.0,38.0
18011,2010,36.0,36.0,36.0,42.0,38.0
18011,2011,36.0,36.0,36.0,36.0,36.0
18011,2012,36.0,36.0,36.0,36.0,36.0
18011,2013,34.02,36.0,36.0,36.0,36.0
18011,2014,31.5,34.02,36.0,36.0,35.34
18011,2015,31.8,31.5,34.02,36.0,33.84
18011,2016,31.32,31.8,31.5,34.02,32.440000000000005
18011,2017,31.38,31.32,31.8,31.5,31.540000000000003
18011,2018,31.74,31.38,31.32,31.8,31.5
18011,2019,32.6,31.74,31.38,31.32,31.48
18011,2020,30.25,32.6,31.74,31.38,31.906666666666666
18011,2021,32.22,30.25,32.6,31.74,31.53
18011,2022,32.35,32.22,30.25,32.6,31.69
18011,2023,31.98,32.35,32.22,30.25,31.606666666666666
18011,2025,46.62,,31.98,32.35,
18012,2003,7250.4,,,,
18012,2004,6348.2,7250.4,,,
18012,2005,6347.8,6348.2,7250.4,,
18012,2006,4371.75,6347.8,6348.2,7250.4,6648.8
18012,2007,3906.4,4371.75,6347.8,6348.2,5689.25
18012,2008,3693.0,3906.4,4371.75,6347.8,4875.316666666667
18012,2009,4228.0,3693.0,3906.4,4371.75,3990.383333333333
18012,2010,4280.7,4228.0,3693.0,3906.4,3942.4666666666667
18012,2011,5818.6,4280.7,4228.0,3693.0,4067.2333333333336
18012,2012,7126.5,5818.6,4280.7,4228.0,4775.766666666666
18012,2013,5352.38,7126.5,5818.6,4280.7,5741.933333333333
18012,2014,5319.54,5352.38,7126.5,5818.6,6099.16
18012,2015,5164.61,5319.54,5352.38,7126.5,5932.806666666667
18012,2016,4909.51,5164.61,5319.54,5352.38,5278.843333333333
18012,2017,10072.720000000001,4909.51,5164.61,5319.54,5131.22
18012,2018,7500.08,10072.720000000001,4909.51,5164.61,6715.613333333334
18012,2019,8539.68,7500.08,10072.720000000001,4909.51,7494.1033333333335
18012,2020,8671.84,8539.68,7500.08,10072.720000000001,8704.160000000002
18012,2021,9581.31,8671.84,8539.68,7500.08,8237.199999999999
18012,2022,9336.28,9581.31,8671.84,8539.68,8930.943333333333
18012,2023,8965.789999999999,9336.28,9581.31,8671.84,9196.476666666667
18012,2025,8517.57,,8965.789999999999,9336.28,
18013,2003,0.0,,,,
18013,2011,0.0,,,,
18013,2012,0.0,0.0,,,
18013,2013,30.24,0.0,0.0,,
18013,2014,112.5,30.24,0.0,0.0,10.08
18013,2015,182.0,112.5,30.24,0.0,47.580000000000005
18013,2016,1150.2,182.0,112.5,30.24,108.24666666666667
18013,2017,426.0,1150.2,182.0,112.5,481.56666666666666
18013,2018,1395.15,426.0,1150.2,182.0,586.0666666666667
18013,2019,2284.0,1395.15,426.0,1150.2,990.4500000000002
18013,2020,1262.18,2284.0,1395.15,426.0,1368.3833333333334
18013,2021,2365.34,1262.18,2284.0,1395.15,1647.1100000000004
18013,2022,2406.2,2365.34,1262.18,2284.0,1970.506666666667
18013,2023,2310.2,2406.2,2365.34,1262.18,2011.2400000000005
18013,2025,2370.75,,2310.2,2406.2,
18014,2003,340.0,,,,
18014,2004,340.0,340.0,,,
18014,2005,382.5,340.0,340.0,,
18014,2006,385.0,382.5,340.0,340.0,354.1666666666667
18014,2007,362.5,385.0,382.5,340.0,369.1666666666667
18014,2008,490.40999999999997,362.5,385.0,382.5,376.6666666666667
18014,2009,562.41,490.40999999999997,362.5,385.0,412.6366666666666
18014,2010,442.92,562.41,490.40999999999997,362.5,471.7733333333333
18014,2011,620.24,442.92,562.41,490.40999999999997,498.58
18014,2012,512.02,620.24,442.92,562.41,541.8566666666667
18014,2013,188.0,512.02,620.24,442.92,525.0600000000001
18014,2014,305.7,188.0,512.02,620.24,440.08666666666676
18014,2015,508.5,305.7,188.0,512.02,335.24
18014,2016,396.3,508.5,305.7,188.0,334.06666666666666
18014,2017,440.65,396.3,508.5,305.7,403.5
18014,2018,509.6,440.65,396.3,508.5,448.48333333333335
18014,2019,607.7,509.6,440.65,396.3,448.8500000000001
18014,2020,550.0,607.7,509.6,440.65,519.3166666666667
18014,2021,956.28,550.0,607.7,509.6,555.7666666666668
18014,2022,988.2,956.28,550.0,607.7,704.66
18014,2023,2305.2,988.2,956.28,550.0,831.4933333333333
18014,2025,4387.66,,2305.2,988.2,
18015,2003,12.0,,,,
18015,2004,15.0,12.0,,,
18015,2006,15.0,,15.0,12.0,
18015,2007,15.0,15.0,,15.0,
18015,2008,18.0,15.0,15.0,,
18015,2009,17.0,18.0,15.0,15.0,16.0
18015,2010,18.0,17.0,18.0,15.0,16.666666666666668
18015,2011,18.0,18.0,17.0,18.0,17.666666666666668
18017,2003,2942.1,,,,
18017,2004,4103.5,2942.1,,,
18017,2005,4343.5,4103.5,2942.1,,
18017,2006,9322.9,4343.5,4103.5,2942.1,3796.366666666667
18017,2007,9781.2,9322.9,4343.5,4103.5,5923.3
18017,2008,12013.0,9781.2,9322.9,4343.5,7815.866666666666
18017,2009,11689.2,12013.0,9781.2,9322.9,10372.366666666667
18017,2010,11845.3,11689.2,12013.0,9781.2,11161.133333333333
18017,2011,8437.3,11845.3,11689.2,12013.0,11849.166666666666
18017,2012,9447.0,8437.3,11845.3,11689.2,10657.266666666668
18017,2013,15339.1,9447.0,8437.3,11845.3,9909.866666666667
18017,2014,15964.08,15339.1,9447.0,8437.3,11074.466666666667
18017,2015,17167.05,15964.08,15339.1,9447.0,13583.393333333333
18017,2016,13794.939999999999,17167.05,15964.08,15339.1,16156.743333333332
18017,2017,19650.18,13794.939999999999,17167.05,15964.08,15642.02333333333
18017,2018,21934.920000000002,19650.18,13794.939999999999,17167.05,16870.72333333333
18017,2019,25809.42,21934.920000000002,19650.18,13794.939999999999,18460.013333333332
18017,2020,27205.84,25809.42,21934.920000000002,19650.18,22464.84
18017,2021,28007.21,27205.84,25809.42,21934.920000000002,24983.39333333333
18017,2022,27887.82,28007.21,27205.84,25809.42,27007.49
18017,2023,28506.3,27887.82,28007.21,27205.84,27700.289999999997
18017,2025,25919.980000000003,,28506.3,27887.82,
18018,2005,15.0,,,,
18020,2003,10.8,,,,
18020,2004,6.5,10.8,,,
18020,2005,7.0,6.5,10.8,,
18020,2006,8.0,7.0,6.5,10.8,8.1
18020,2007,64.0,8.0,7.0,6.5,7.166666666666667
18020,2008,64.0,64.0,8.0,7.0,26.333333333333332
18020,2009,61.08,64.0,64.0,8.0,45.333333333333336
18020,2010,58.64,61.08,64.0,64.0,63.026666666666664
18020,2011,8.22,58.64,61.08,64.0,61.24
18020,2012,6.3,8.22,58.64,61.08,42.64666666666667
18020,2013,6.6,6.3,8.22,58.64,24.386666666666667
18020,2014,24.0,6.6,6.3,8.22,7.04
18020,2015,16.0,24.0,6.6,6.3,12.299999999999999
18020,2016,12.4,16.0,24.0,6.6,15.533333333333331
18020,2017,14.0,12.4,16.0,24.0,17.466666666666665
18020,2018,18.0,14.0,12.4,16.0,14.133333333333333
18020,2020,12.66,,18.0,14.0,
18020,2021,19.12,12.66,,18.0,
18020,2022,20.22,19.12,12.66,,
18020,2023,21.6,20.22,19.12,12.66,17.333333333333332
18020,2025,65.02,,21.6,20.22,
19004,2003,80.0,,,,
19004,2004,62.4,80.0,,,
19004,2005,4.0,62.4,80.0,,
19004,2006,24.0,4.0,62.4,80.0,48.800000000000004
19004,2007,30.0,24.0,4.0,62.4,30.133333333333336
19004,2008,48.0,30.0,24.0,4.0,19.333333333333332
19004,2009,24.0,48.0,30.0,24.0,34.0
19004,2010,32.0,24.0,48.0,30.0,34.0
19004,2011,0.0,32.0,24.0,48.0,34.666666666666664
19004,2012,28.0,0.0,32.0,24.0,18.666666666666668
19004,2013,40.0,28.0,0.0,32.0,20.0
19004,2014,42.4,40.0,28.0,0.0,22.666666666666668
19004,2015,31.5,42.4,40.0,28.0,36.800000000000004
19004,2016,0.0,31.5,42.4,40.0,37.96666666666667
19007,2003,1548.0,,,,
19007,2004,1032.0,1548.0,,,
19007,2005,3000.0,1032.0,1548.0,,
19007,2006,2992.8,3000.0,1032.0,1548.0,1860.0
19007,2007,1720.0,2992.8,3000.0,1032.0,2341.6
19007,2008,688.0,1720.0,2992.8,3000.0,2570.9333333333334
19007,2009,1720.0,688.0,1720.0,2992.8,1800.2666666666667
19007,2010,1836.0,1720.0,688.0,1720.0,1376.0
19007,2011,0.0,1836.0,1720.0,688.0,1414.6666666666667
19007,2012,860.0,0.0,1836.0,1720.0,1185.3333333333333
19007,2013,498.8,860.0,0.0,1836.0,898.6666666666666
19007,2014,1857.6,498.8,860.0,0.0,452.93333333333334
19007,2015,1720.0,1857.6,498.8,860.0,1072.1333333333332
19007,2016,1754.4,1720.0,1857.6,498.8,1358.8
19007,2017,1806.0,1754.4,1720.0,1857.6,1777.3333333333333
19007,2018,1823.4,1806.0,1754.4,1720.0,1760.1333333333334
19007,2019,1418.6,1823.4,1806.0,1754.4,1794.6000000000001
19007,2020,1665.0,1418.6,1823.4,1806.0,1682.6666666666667
19007,2021,560.0,1665.0,1418.6,1823.4,1635.6666666666667
19007,2022,1038.0,560.0,1665.0,1418.6,1214.5333333333335
19007,2023,867.5,1038.0,560.0,1665.0,1087.6666666666667
19007,2025,2809.45,,867.5,1038.0,
19008,2003,124.8,,,,
19008,2004,120.9,124.8,,,
19008,2005,128.7,120.9,124.8,,
19008,2006,93.6,128.7,120.9,124.8,124.8
19008,2007,101.4,93.6,128.7,120.9,114.39999999999998
19008,2008,95.5,101.4,93.6,128.7,107.89999999999999
19008,2009,31.56,95.5,101.4,93.6,96.83333333333333
19008,2010,7.75,31.56,95.5,101.4,76.15333333333334
19008,2011,0.0,7.75,31.56,95.5,44.93666666666667
19008,2012,55.8,0.0,7.75,31.56,13.103333333333333
19008,2013,100.75,55.8,0.0,7.75,21.183333333333334
19008,2014,65.88,100.75,55.8,0.0,52.18333333333334
19008,2015,44.18,65.88,100.75,55.8,74.14333333333333
19008,2016,76.0,44.18,65.88,100.75,70.27
19008,2017,70.4,76.0,44.18,65.88,62.02
19008,2018,77.2,70.4,76.0,44.18,63.526666666666664
19008,2019,35.7,77.2,70.4,76.0,74.53333333333333
19008,2020,35.0,35.7,77.2,70.4,61.1
19008,2021,39.6,35.0,35.7,77.2,49.29999999999999
19008,2022,41.4,39.6,35.0,35.7,36.76666666666666
19008,2023,39.9,41.4,39.6,35.0,38.666666666666664
19008,2025,148.93,,39.9,41.4,
19009,2003,20.8,,,,
19009,2004,0.0,20.8,,,
19009,2005,20.0,0.0,20.8,,
19009,2006,5.0,20.0,0.0,20.8,13.6
19009,2007,25.0,5.0,20.0,0.0,8.333333333333334
19009,2008,40.0,25.0,5.0,20.0,16.666666666666668
19009,2009,8.0,40.0,25.0,5.0,23.333333333333332
19009,2010,14.0,8.0,40.0,25.0,24.333333333333332
19009,2011,0.0,14.0,8.0,40.0,20.666666666666668
19009,2012,12.0,0.0,14.0,8.0,7.333333333333333
19009,2013,18.0,12.0,0.0,14.0,8.666666666666666
19009,2014,17.6,18.0,12.0,0.0,10.0
19009,2015,13.68,17.6,18.0,12.0,15.866666666666667
19009,2016,16.8,13.68,17.6,18.0,16.426666666666666
19009,2017,17.2,16.8,13.68,17.6,16.026666666666667
19009,2018,15.6,17.2,16.8,13.68,15.893333333333333
19009,2019,17.1,15.6,17.2,16.8,16.533333333333335
19009,2020,14.8,17.1,15.6,17.2,16.633333333333333
19009,2021,11.0,14.8,17.1,15.6,15.833333333333334
19009,2022,11.5,11.0,14.8,17.1,14.300000000000002
19009,2023,12.0,11.5,11.0,14.8,12.433333333333332
19009,2025,0.0,,12.0,11.5,
19017,2003,9.0,,,,
19017,2004,48.0,9.0,,,
19017,2005,46.0,48.0,9.0,,
19017,2006,80.0,46.0,48.0,9.0,34.333333333333336
19017,2007,76.0,80.0,46.0,48.0,58.0
19017,2008,60.0,76.0,80.0,46.0,67.33333333333333
19017,2009,56.0,60.0,76.0,80.0,72.0
19017,2010,60.0,56.0,60.0,76.0,64.0
19017,2011,30.0,60.0,56.0,60.0,58.666666666666664
19017,2012,30.0,30.0,60.0,56.0,48.666666666666664
19017,2013,24.75,30.0,30.0,60.0,40.0
19017,2014,20.8,24.75,30.0,30.0,28.25
19017,2015,20.0,20.8,24.75,30.0,25.183333333333334
19017,2016,51.2,20.0,20.8,24.75,21.849999999999998
19017,2017,35.2,51.2,20.0,20.8,30.666666666666668
19017,2018,42.0,35.2,51.2,20.0,35.46666666666667
19017,2019,36.9,42.0,35.2,51.2,42.800000000000004
19017,2020,44.9,36.9,42.0,35.2,38.03333333333333
19017,2021,28.400000000000002,44.9,36.9,42.0,41.266666666666666
19017,2022,30.4,28.400000000000002,44.9,36.9,36.733333333333334
19017,2023,21.37,30.4,28.400000000000002,44.9,34.56666666666667
19017,2025,90.45,,21.37,30.4,
19024,2003,310.5,,,,
19024,2004,207.0,310.5,,,
19024,2005,600.3,207.0,310.5,,
19024,2006,600.3,600.3,207.0,310.5,372.59999999999997
19024,2007,345.0,600.3,600.3,207.0,469.2
19024,2008,138.0,345.0,600.3,600.3,515.1999999999999
19024,2009,345.0,138.0,345.0,600.3,361.09999999999997
19024,2010,479.5,345.0,138.0,345.0,276.0
19024,2011,0.0,479.5,345.0,138.0,320.8333333333333
19024,2012,172.5,0.0,479.5,345.0,274.8333333333333
19024,2013,103.5,172.5,0.0,479.5,217.33333333333334
19024,2014,324.3,103.5,172.5,0.0,92.0
19024,2015,345.0,324.3,103.5,172.5,200.1
19024,2016,343.0,345.0,324.3,103.5,257.59999999999997
19024,2017,364.0,343.0,345.0,324.3,337.43333333333334
19024,2018,387.2,364.0,343.0,345.0,350.6666666666667
19024,2019,292.0,387.2,364.0,343.0,364.73333333333335
19024,2020,362.6,292.0,387.2,364.0,347.73333333333335
19024,2021,167.2,362.6,292.0,387.2,347.2666666666667
19024,2022,331.1,167.2,362.6,292.0,273.93333333333334
19024,2023,195.0,331.1,167.2,362.6,286.9666666666667
19024,2025,627.9,,195.0,331.1,
19043,2003,1568.0,,,,
19043,2004,1313.2,1568.0,,,
19043,2005,98.0,1313.2,1568.0,,
19043,2006,1176.0,98.0,1313.2,1568.0,993.0666666666666
19043,2007,1372.0,1176.0,98.0,1313.2,862.4
19043,2008,1372.0,1372.0,1176.0,98.0,882.0
19043,2009,490.0,1372.0,1372.0,1176.0,1306.6666666666667
19043,2010,950.0,490.0,1372.0,1372.0,1078.0
19043,2011,0.0,950.0,490.0,1372.0,937.3333333333334
19043,2012,784.0,0.0,950.0,490.0,480.0
19043,2013,980.0,784.0,0.0,950.0,578.0
19043,2014,1029.0,980.0,784.0,0.0,588.0
19043,2015,600.0,1029.0,980.0,784.0,931.0
19043,2016,640.0,600.0,1029.0,980.0,869.6666666666666
19043,2017,653.4,640.0,600.0,1029.0,756.3333333333334
19043,2018,507.45,653.4,640.0,600.0,631.1333333333333
19043,2019,709.2,507.45,653.4,640.0,600.2833333333333
19043,2020,725.2,709.2,507.45,653.4,623.35
19043,2021,448.5,725.2,709.2,507.45,647.2833333333334
19043,2022,676.6,448.5,725.2,709.2,627.6333333333333
19043,2023,591.0,676.6,448.5,725.2,616.7666666666668
19043,2025,1601.95,,591.0,676.6,
19044,2003,214.4,,,,
19044,2004,207.7,214.4,,,
19044,2005,221.1,207.7,214.4,,
19044,2006,160.8,221.1,207.7,214.4,214.4
19044,2007,174.2,160.8,221.1,207.7,196.53333333333333
19044,2008,165.9,174.2,160.8,221.1,185.36666666666665
19044,2009,71.95,165.9,174.2,160.8,166.96666666666667
19044,2010,40.15,71.95,165.9,174.2,137.35
19044,2011,0.0,40.15,71.95,165.9,92.66666666666667
19044,2012,100.65,0.0,40.15,71.95,37.36666666666667
19044,2013,242.48,100.65,0.0,40.15,46.93333333333334
19044,2014,88.45,242.48,100.65,0.0,114.37666666666667
19044,2015,54.25,88.45,242.48,100.65,143.85999999999999
19044,2016,170.1,54.25,88.45,242.48,128.39333333333332
19044,2017,120.9,170.1,54.25,88.45,104.26666666666665
19044,2018,134.1,120.9,170.1,54.25,115.08333333333333
19044,2019,145.2,134.1,120.9,170.1,141.7
19044,2020,70.35,145.2,134.1,120.9,133.39999999999998
19044,2021,77.0,70.35,145.2,134.1,116.55
19044,2022,81.6,77.0,70.35,145.2,97.51666666666665
19044,2023,70.95,81.6,77.0,70.35,76.31666666666665
19044,2025,241.5,,70.95,81.6,
19048,2007,3.0,,,,
19048,2008,3.45,3.0,,,
19048,2009,1.2,3.45,3.0,,
19048,2010,3.2,1.2,3.45,3.0,2.5500000000000003
19048,2011,2.1,3.2,1.2,3.45,2.6166666666666667
19048,2012,2.98,2.1,3.2,1.2,2.1666666666666665
19048,2013,2.86,2.98,2.1,3.2,2.7600000000000002
19048,2014,2.7,2.86,2.98,2.1,2.6466666666666665
19048,2015,2.14,2.7,2.86,2.98,2.846666666666667
19048,2016,1.2,2.14,2.7,2.86,2.566666666666667
19048,2017,1.05,1.2,2.14,2.7,2.013333333333333
19048,2018,2.48,1.05,1.2,2.14,1.4633333333333336
19048,2019,1.35,2.48,1.05,1.2,1.5766666666666669
19048,2020,1.33,1.35,2.48,1.05,1.6266666666666667
19048,2021,1.65,1.33,1.35,2.48,1.72
19048,2022,1.45,1.65,1.33,1.35,1.4433333333333334
19048,2023,1.65,1.45,1.65,1.33,1.4766666666666666
19048,2025,4.5,,1.65,1.45,
19051,2009,11.65,,,,
19051,2010,4.5,11.65,,,
19051,2011,0.0,4.5,11.65,,
19051,2012,16.01,0.0,4.5,11.65,5.383333333333333
19051,2013,29.4,16.01,0.0,4.5,6.836666666666669
19051,2014,17.3,29.4,16.01,0.0,15.136666666666668
19051,2015,12.19,17.3,29.4,16.01,20.903333333333336
19051,2016,16.32,12.19,17.3,29.4,19.63
19051,2017,15.54,16.32,12.19,17.3,15.270000000000001
19051,2018,19.75,15.54,16.32,12.19,14.683333333333335
19051,2019,11.66,19.75,15.54,16.32,17.203333333333337
19051,2020,13.2,11.66,19.75,15.54,15.65
19051,2021,13.8,13.2,11.66,19.75,14.870000000000003
19051,2022,12.9,13.8,13.2,11.66,12.88666666666667
19051,2023,12.0,12.9,13.8,13.2,13.300000000000002
19051,2025,48.3,,12.0,12.9,
20001,2019,0.0,,,,
20001,2020,0.0,0.0,,,
20001,2021,0.0,0.0,0.0,,
20001,2022,3.21,0.0,0.0,0.0,0.0
20001,2023,3.09,3.21,0.0,0.0,1.07
20001,2025,27.48,,3.09,3.21,
20003,2007,0.0,,,,
20003,2011,0.0,,,,
20003,2012,0.0,0.0,,,
20003,2013,70.0,0.0,0.0,,
20003,2014,79.6,70.0,0.0,0.0,23.333333333333332
20003,2015,78.8,79.6,70.0,0.0,49.86666666666667
20003,2016,75.0,78.8,79.6,70.0,76.13333333333333
20003,2017,85.9,75.0,78.8,79.6,77.8
20003,2018,78.91,85.9,75.0,78.8,79.89999999999999
20003,2019,95.84,78.91,85.9,75.0,79.93666666666667
20003,2020,105.16,95.84,78.91,85.9,86.88333333333333
20003,2021,106.89,105.16,95.84,78.91,93.30333333333334
20003,2022,105.85,106.89,105.16,95.84,102.63
20003,2023,105.12,105.85,106.89,105.16,105.96666666666665
20003,2025,140.65,,105.12,105.85,
20004,2006,1.4,,,,
20004,2007,1.52,1.4,,,
20004,2008,1.4,1.52,1.4,,
20004,2009,1.7,1.4,1.52,1.4,1.4400000000000002
20004,2010,2.06,1.7,1.4,1.52,1.54
20004,2011,2.4,2.06,1.7,1.4,1.72
20004,2012,2.38,2.4,2.06,1.7,2.0533333333333332
20004,2013,6.2,2.38,2.4,2.06,2.28
20004,2014,6.4,6.2,2.38,2.4,3.66
20004,2015,6.5,6.4,6.2,2.38,4.993333333333333
20004,2016,6.2,6.5,6.4,6.2,6.366666666666667
20004,2017,6.32,6.2,6.5,6.4,6.366666666666667
20004,2018,6.15,6.32,6.2,6.5,6.34
20004,2019,6.25,6.15,6.32,6.2,6.223333333333334
20004,2020,6.5,6.25,6.15,6.32,6.239999999999999
20004,2021,10.01,6.5,6.25,6.15,6.3
20004,2022,10.17,10.01,6.5,6.25,7.586666666666666
20004,2023,10.5,10.17,10.01,6.5,8.893333333333333
20004,2025,18.45,,10.5,10.17,
20007,2003,24.0,,,,
20007,2004,11.2,24.0,,,
20013,2003,180.0,,,,
20013,2004,96.0,180.0,,,
20019,2003,31.5,,,,
20019,2004,25.25,31.5,,,
20019,2005,28.08,25.25,31.5,,
20019,2006,24.88,28.08,25.25,31.5,28.276666666666667
20019,2007,25.6,24.88,28.08,25.25,26.069999999999997
20019,2008,23.4,25.6,24.88,28.08,26.186666666666667
20019,2009,26.4,23.4,25.6,24.88,24.626666666666665
20019,2010,24.8,26.4,23.4,25.6,25.133333333333336
20019,2011,24.78,24.8,26.4,23.4,24.866666666666664
20019,2012,25.14,24.78,24.8,26.4,25.326666666666668
20019,2013,32.77,25.14,24.78,24.8,24.906666666666666
20019,2014,29.48,32.77,25.14,24.78,27.563333333333333
20019,2015,49.83,29.48,32.77,25.14,29.13
20019,2016,71.74,49.83,29.48,32.77,37.36
20019,2017,76.39,71.74,49.83,29.48,50.35
20019,2018,82.44,76.39,71.74,49.83,65.98666666666666
20019,2019,78.89,82.44,76.39,71.74,76.85666666666667
20019,2020,81.64,78.89,82.44,76.39,79.24
20019,2021,82.14,81.64,78.89,82.44,80.99
20019,2022,75.26,82.14,81.64,78.89,80.89
20019,2023,116.35,75.26,82.14,81.64,79.68
20019,2025,262.51,,116.35,75.26,
20023,2003,252.0,,,,
20023,2004,102.0,252.0,,,
20023,2012,0.0,,,,
20023,2013,0.0,0.0,,,
20023,2014,23.2,0.0,0.0,,
20023,2015,23.0,23.2,0.0,0.0,7.733333333333333
20023,2016,23.12,23.0,23.2,0.0,15.4
20023,2017,24.6,23.12,23.0,23.2,23.106666666666666
20023,2018,33.75,24.6,23.12,23.0,23.573333333333334
20023,2019,46.87,33.75,24.6,23.12,27.156666666666666
20023,2020,55.95,46.87,33.75,24.6,35.07333333333333
20023,2021,57.9,55.95,46.87,33.75,45.52333333333333
20023,2022,50.83,57.9,55.95,46.87,53.57333333333333
20023,2023,97.68,50.83,57.9,55.95,54.89333333333334
20023,2025,114.8,,97.68,50.83,
20024,2003,35.0,,,,
20024,2004,19.35,35.0,,,
20024,2005,21.48,19.35,35.0,,
20024,2006,19.5,21.48,19.35,35.0,25.276666666666667
20024,2007,18.6,19.5,21.48,19.35,20.11
20024,2008,18.6,18.6,19.5,21.48,19.86
20024,2009,19.2,18.6,18.6,19.5,18.900000000000002
20024,2010,18.6,19.2,18.6,18.6,18.8
20024,2011,18.55,18.6,19.2,18.6,18.8
20024,2012,19.34,18.55,18.6,19.2,18.78333333333333
20024,2013,26.65,19.34,18.55,18.6,18.830000000000002
20024,2014,24.75,26.65,19.34,18.55,21.513333333333332
20024,2015,52.72,24.75,26.65,19.34,23.580000000000002
20024,2016,53.39,52.72,24.75,26.65,34.70666666666667
20024,2017,73.91,53.39,52.72,24.75,43.62
20024,2018,76.57,73.91,53.39,52.72,60.00666666666666
20024,2019,73.61,76.57,73.91,53.39,67.95666666666666
20024,2020,72.98,73.61,76.57,73.91,74.69666666666666
20024,2021,73.58,72.98,73.61,76.57,74.38666666666667
20024,2022,70.57,73.58,72.98,73.61,73.39
20024,2023,117.38,70.57,73.58,72.98,72.37666666666667
20024,2025,310.83,,117.38,70.57,
20027,2004,5.48,,,,
20027,2005,6.1,5.48,,,
20027,2006,5.42,6.1,5.48,,
20027,2007,6.0,5.42,6.1,5.48,5.666666666666667
20027,2008,6.0,6.0,5.42,6.1,5.84
20027,2009,6.4,6.0,6.0,5.42,5.8066666666666675
20027,2010,6.2,6.4,6.0,6.0,6.133333333333333
20027,2011,6.19,6.2,6.4,6.0,6.2
20027,2012,6.09,6.19,6.2,6.4,6.263333333333333
20027,2013,8.83,6.09,6.19,6.2,6.16
20027,2014,8.32,8.83,6.09,6.19,7.036666666666666
20027,2015,22.21,8.32,8.83,6.09,7.746666666666667
20027,2016,22.64,22.21,8.32,8.83,13.12
20027,2017,23.54,22.64,22.21,8.32,17.723333333333333
20027,2018,23.76,23.54,22.64,22.21,22.796666666666667
20027,2019,23.19,23.76,23.54,22.64,23.313333333333333
20027,2020,23.76,23.19,23.76,23.54,23.49666666666667
20027,2021,24.42,23.76,23.19,23.76,23.570000000000004
20027,2022,21.8,24.42,23.76,23.19,23.790000000000003
20027,2023,37.58,21.8,24.42,23.76,23.326666666666668
20027,2025,149.91,,37.58,21.8,
20028,2015,95.75,,,,
20028,2016,93.45,95.75,,,
20028,2017,111.86,93.45,95.75,,
20028,2018,143.44,111.86,93.45,95.75,100.35333333333334
20028,2019,207.1,143.44,111.86,93.45,116.25
20028,2020,239.53,207.1,143.44,111.86,154.13333333333333
20028,2021,253.92,239.53,207.1,143.44,196.68999999999997
20028,2022,255.6,253.92,239.53,207.1,233.51666666666665
20028,2023,270.36,255.6,253.92,239.53,249.6833333333333
20028,2025,285.09,,270.36,255.6,
20029,2008,0.0,,,,
20029,2009,0.0,0.0,,,
20029,2010,0.0,0.0,0.0,,
20029,2011,0.0,0.0,0.0,0.0,0.0
20029,2012,12.11,0.0,0.0,0.0,0.0
20029,2013,12.24,12.11,0.0,0.0,4.036666666666666
20029,2014,11.75,12.24,12.11,0.0,8.116666666666667
20029,2015,11.89,11.75,12.24,12.11,12.033333333333333
20029,2016,12.22,11.89,11.75,12.24,11.96
20029,2017,12.54,12.22,11.89,11.75,11.953333333333333
20029,2018,12.79,12.54,12.22,11.89,12.216666666666667
20029,2019,13.12,12.79,12.54,12.22,12.516666666666666
20029,2020,12.52,13.12,12.79,12.54,12.816666666666665
20029,2021,12.04,12.52,13.12,12.79,12.81
20029,2022,12.96,12.04,12.52,13.12,12.56
20029,2023,14.56,12.96,12.04,12.52,12.506666666666668
20029,2025,12.25,,14.56,12.96,
20031,2003,140.0,,,,
20031,2004,159.75,140.0,,,
20031,2005,153.9,159.75,140.0,,
20031,2006,180.0,153.9,159.75,140.0,151.21666666666667
20031,2007,180.0,180.0,153.9,159.75,164.54999999999998
20031,2008,180.0,180.0,180.0,153.9,171.29999999999998
20031,2009,180.0,180.0,180.0,180.0,180.0
20031,2010,180.0,180.0,180.0,180.0,180.0
20031,2011,189.0,180.0,180.0,180.0,180.0
20031,2012,179.9,189.0,180.0,180.0,183.0
20031,2013,227.5,179.9,189.0,180.0,182.9666666666667
20031,2014,175.28,227.5,179.9,189.0,198.80000000000004
20031,2015,175.95,175.28,227.5,179.9,194.2266666666667
20031,2016,171.45,175.95,175.28,227.5,192.91
20031,2017,200.07,171.45,175.95,175.28,174.22666666666666
20031,2018,188.81,200.07,171.45,175.95,182.49
20031,2019,187.11,188.81,200.07,171.45,186.77666666666664
20031,2020,195.03,187.11,188.81,200.07,191.99666666666667
20031,2021,200.43,195.03,187.11,188.81,190.3166666666667
20031,2022,220.64,200.43,195.03,187.11,194.19000000000003
20031,2023,227.74,220.64,200.43,195.03,205.36666666666667
20031,2025,318.43,,227.74,220.64,
20033,2003,168.0,,,,
20033,2004,78.3,168.0,,,
20035,2007,36.0,,,,
20038,2003,3.0,,,,
20038,2004,3.55,3.0,,,
20038,2005,3.42,3.55,3.0,,
20038,2006,4.0,3.42,3.55,3.0,3.323333333333333
20038,2007,4.0,4.0,3.42,3.55,3.6566666666666663
20038,2008,4.0,4.0,4.0,3.42,3.8066666666666666
20038,2009,4.0,4.0,4.0,4.0,4.0
20038,2010,4.13,4.0,4.0,4.0,4.0
20038,2011,4.01,4.13,4.0,4.0,4.043333333333333
20038,2012,3.98,4.01,4.13,4.0,4.046666666666667
20038,2013,3.99,3.98,4.01,4.13,4.04
20038,2014,4.05,3.99,3.98,4.01,3.9933333333333336
20038,2015,4.07,4.05,3.99,3.98,4.006666666666667
20038,2016,4.17,4.07,4.05,3.99,4.036666666666666
20038,2017,5.14,4.17,4.07,4.05,4.096666666666667
20038,2018,14.32,5.14,4.17,4.07,4.46
20038,2019,13.7,14.32,5.14,4.17,7.876666666666666
20038,2020,14.18,13.7,14.32,5.14,11.053333333333333
20038,2021,14.06,14.18,13.7,14.32,14.066666666666668
20038,2022,14.45,14.06,14.18,13.7,13.979999999999999
20038,2023,13.83,14.45,14.06,14.18,14.229999999999999
20038,2025,42.77,,13.83,14.45,
20039,2007,0.0,,,,
20039,2008,1.0,0.0,,,
20039,2009,9.3,1.0,0.0,,
20039,2010,14.0,9.3,1.0,0.0,3.4333333333333336
20039,2011,14.26,14.0,9.3,1.0,8.1
20039,2012,14.2,14.26,14.0,9.3,12.520000000000001
20039,2013,9.8,14.2,14.26,14.0,14.153333333333334
20039,2014,11.1,9.8,14.2,14.26,12.753333333333332
20039,2015,11.0,11.1,9.8,14.2,11.700000000000001
20039,2016,11.2,11.0,11.1,9.8,10.633333333333333
20039,2017,11.4,11.2,11.0,11.1,11.1
20039,2018,11.75,11.4,11.2,11.0,11.200000000000001
20039,2019,11.9,11.75,11.4,11.2,11.450000000000001
20039,2020,12.1,11.9,11.75,11.4,11.683333333333332
20039,2021,15.65,12.1,11.9,11.75,11.916666666666666
20039,2022,22.2,15.65,12.1,11.9,13.216666666666669
20039,2023,23.42,22.2,15.65,12.1,16.650000000000002
20039,2025,28.7,,23.42,22.2,
20040,2008,0.0,,,,
20040,2009,0.0,0.0,,,
20040,2010,0.0,0.0,0.0,,
20040,2011,0.0,0.0,0.0,0.0,0.0
20040,2012,12.9,0.0,0.0,0.0,0.0
20040,2013,12.18,12.9,0.0,0.0,4.3
20040,2014,11.9,12.18,12.9,0.0,8.36
20040,2015,11.66,11.9,12.18,12.9,12.326666666666668
20040,2016,11.89,11.66,11.9,12.18,11.913333333333334
20040,2017,12.45,11.89,11.66,11.9,11.816666666666668
20040,2018,12.76,12.45,11.89,11.66,12.0
20040,2019,12.6,12.76,12.45,11.89,12.366666666666667
20040,2020,12.2,12.6,12.76,12.45,12.603333333333333
20040,2021,12.44,12.2,12.6,12.76,12.520000000000001
20040,2022,12.48,12.44,12.2,12.6,12.413333333333334
20040,2023,15.2,12.48,12.44,12.2,12.373333333333333
20040,2025,14.0,,15.2,12.48,
20041,2007,0.0,,,,
20041,2008,5.6,0.0,,,
20041,2009,6.0,5.6,0.0,,
20041,2010,12.0,6.0,5.6,0.0,3.8666666666666667
20041,2011,12.32,12.0,6.0,5.6,7.866666666666667
20041,2012,37.75,12.32,12.0,6.0,10.106666666666667
20041,2013,42.25,37.75,12.32,12.0,20.69
20041,2014,39.19,42.25,37.75,12.32,30.77333333333333
20041,2015,50.24,39.19,42.25,37.75,39.73
20041,2016,50.36,50.24,39.19,42.25,43.89333333333334
20041,2017,76.53,50.36,50.24,39.19,46.59666666666667
20041,2018,77.89,76.53,50.36,50.24,59.04333333333333
20041,2019,82.69,77.89,76.53,50.36,68.26
20041,2020,80.28,82.69,77.89,76.53,79.03666666666668
20041,2021,81.6,80.28,82.69,77.89,80.28666666666666
20041,2022,85.92,81.6,80.28,82.69,81.52333333333333
20041,2023,121.48,85.92,81.6,80.28,82.60000000000001
20041,2025,231.25,,121.48,85.92,
20042,2003,20.0,,,,
20042,2004,24.85,20.0,,,
20042,2005,23.94,24.85,20.0,,
20042,2006,36.0,23.94,24.85,20.0,22.930000000000003
20042,2008,36.0,,36.0,23.94,
20042,2009,36.0,36.0,,36.0,
20042,2010,36.81,36.0,36.0,,
20042,2011,36.02,36.81,36.0,36.0,36.27
20042,2012,36.1,36.02,36.81,36.0,36.27666666666667
20042,2013,36.9,36.1,36.02,36.81,36.31
20042,2014,35.73,36.9,36.1,36.02,36.34
20042,2015,35.37,35.73,36.9,36.1,36.24333333333333
20042,2016,32.85,35.37,35.73,36.9,36.0
20042,2017,34.83,32.85,35.37,35.73,34.65
20042,2018,35.84,34.83,32.85,35.37,34.35
20042,2019,36.18,35.84,34.83,32.85,34.50666666666667
20042,2020,32.67,36.18,35.84,34.83,35.61666666666667
20042,2021,33.3,32.67,36.18,35.84,34.89666666666667
20042,2022,33.66,33.3,32.67,36.18,34.050000000000004
20042,2023,33.12,33.66,33.3,32.67,33.21
20042,2025,32.85,,33.12,33.66,
20045,2013,0.0,,,,
20045,2014,0.0,0.0,,,
20045,2015,5.82,0.0,0.0,,
20045,2016,5.85,5.82,0.0,0.0,1.9400000000000002
20045,2017,6.22,5.85,5.82,0.0,3.89
20045,2018,6.5,6.22,5.85,5.82,5.963333333333334
20045,2019,21.15,6.5,6.22,5.85,6.19
20045,2020,75.5,21.15,6.5,6.22,11.29
20045,2021,78.7,75.5,21.15,6.5,34.38333333333333
20045,2022,80.3,78.7,75.5,21.15,58.45000000000001
20045,2023,93.96,80.3,78.7,75.5,78.16666666666667
20045,2025,103.32,,93.96,80.3,
20048,2003,120.0,,,,
20048,2004,70.0,120.0,,,
20048,2016,0.0,,,,
20048,2017,0.0,0.0,,,
20048,2018,12.4,0.0,0.0,,
20048,2019,40.93,12.4,0.0,0.0,4.133333333333334
20048,2020,123.2,40.93,12.4,0.0,17.776666666666667
20048,2021,154.16,123.2,40.93,12.4,58.843333333333334
20048,2022,157.85,154.16,123.2,40.93,106.09666666666665
20048,2023,205.28,157.85,154.16,123.2,145.07
20048,2025,217.3,,205.28,157.85,
20050,2018,0.0,,,,
20050,2019,0.0,0.0,,,
20050,2020,0.0,0.0,0.0,,
20050,2021,0.0,0.0,0.0,0.0,0.0
20050,2022,0.0,0.0,0.0,0.0,0.0
20050,2023,45.82,0.0,0.0,0.0,0.0
20050,2025,31.79,,45.82,0.0,
20058,2003,146.0,,,,
20058,2004,115.68,146.0,,,
20058,2005,122.46,115.68,146.0,,
20058,2006,71.0,122.46,115.68,146.0,128.04666666666665
20058,2007,72.6,71.0,122.46,115.68,103.04666666666667
20058,2008,157.2,72.6,71.0,122.46,88.68666666666667
20058,2009,172.75,157.2,72.6,71.0,100.26666666666667
20058,2010,131.8,172.75,157.2,72.6,134.18333333333334
20058,2011,134.36,131.8,172.75,157.2,153.91666666666666
20058,2012,307.41999999999996,134.36,131.8,172.75,146.30333333333334
20058,2013,302.2,307.41999999999996,134.36,131.8,191.1933333333333
20058,2014,293.04999999999995,302.2,307.41999999999996,134.36,247.99333333333334
20058,2015,535.3299999999999,293.04999999999995,302.2,307.41999999999996,300.88999999999993
20058,2016,690.36,535.3299999999999,293.04999999999995,302.2,376.85999999999996
20058,2017,749.61,690.36,535.3299999999999,293.04999999999995,506.2466666666666
20058,2018,775.69,749.61,690.36,535.3299999999999,658.4333333333333
20058,2019,785.38,775.69,749.61,690.36,738.5533333333333
20058,2020,784.29,785.38,775.69,749.61,770.2266666666666
20058,2021,784.6400000000001,784.29,785.38,775.69,781.7866666666665
20058,2022,841.55,784.6400000000001,784.29,785.38,784.77
20058,2023,1121.8600000000001,841.55,784.6400000000001,784.29,803.4933333333332
20058,2025,1524.78,,1121.8600000000001,841.55,
20059,2003,144.0,,,,
20059,2004,72.0,144.0,,,
20059,2017,0.0,,,,
20059,2018,0.0,0.0,,,
20059,2019,10.06,0.0,0.0,,
20059,2020,9.8,10.06,0.0,0.0,3.3533333333333335
20059,2021,14.54,9.8,10.06,0.0,6.62
20059,2022,24.88,14.54,9.8,10.06,11.466666666666667
20059,2023,28.61,24.88,14.54,9.8,16.406666666666666
20059,2025,52.6,,28.61,24.88,
20060,2013,0.0,,,,
20060,2014,0.0,0.0,,,
20060,2015,0.0,0.0,0.0,,
20060,2017,2.01,,0.0,0.0,
20060,2018,2.14,2.01,,0.0,
20060,2019,2.36,2.14,2.01,,
20060,2020,2.39,2.36,2.14,2.01,2.17
20060,2021,2.43,2.39,2.36,2.14,2.296666666666667
20060,2022,2.78,2.43,2.39,2.36,2.393333333333333
20060,2023,2.75,2.78,2.43,2.39,2.533333333333333
20060,2025,9.42,,2.75,2.78,
20068,2003,60.0,,,,
20068,2004,30.0,60.0,,,
20073,2019,0.0,,,,
20073,2020,0.0,0.0,,,
20073,2021,0.0,0.0,0.0,,
20073,2022,0.0,0.0,0.0,0.0,0.0
20073,2023,16.38,0.0,0.0,0.0,0.0
20073,2025,10.96,,16.38,0.0,
20084,2010,10.02,,,,
20084,2011,5.0,10.02,,,
20084,2012,5.12,5.0,10.02,,
20084,2013,11.49,5.12,5.0,10.02,6.713333333333334
20084,2014,17.11,11.49,5.12,5.0,7.203333333333333
20084,2015,25.56,17.11,11.49,5.12,11.24
20084,2016,31.08,25.56,17.11,11.49,18.05333333333333
20084,2017,32.73,31.08,25.56,17.11,24.583333333333332
20084,2018,40.63,32.73,31.08,25.56,29.790000000000003
20084,2019,54.26,40.63,32.73,31.08,34.81333333333333
20084,2020,56.16,54.26,40.63,32.73,42.54
20084,2021,58.48,56.16,54.26,40.63,50.35
20084,2022,52.15,58.48,56.16,54.26,56.29999999999999
20084,2023,69.93,52.15,58.48,56.16,55.596666666666664
20084,2025,73.8,,69.93,52.15,
20086,2018,0.0,,,,
20086,2019,0.0,0.0,,,
20086,2020,0.0,0.0,0.0,,
20086,2021,0.0,0.0,0.0,0.0,0.0
20086,2022,0.0,0.0,0.0,0.0,0.0
20086,2023,0.0,0.0,0.0,0.0,0.0
20086,2025,10.96,,0.0,0.0,
20088,2018,0.0,,,,
20088,2019,0.0,0.0,,,
20088,2020,0.0,0.0,0.0,,
20088,2021,0.0,0.0,0.0,0.0,0.0
20088,2022,0.0,0.0,0.0,0.0,0.0
20088,2023,20.35,0.0,0.0,0.0,0.0
20088,2025,13.7,,20.35,0.0,
20089,2007,0.0,,,,
20089,2008,2.0,0.0,,,
20089,2009,15.2,2.0,0.0,,
20089,2010,28.5,15.2,2.0,0.0,5.733333333333333
20089,2011,29.13,28.5,15.2,2.0,15.233333333333334
20089,2012,28.7,29.13,28.5,15.2,24.276666666666667
20089,2013,27.2,28.7,29.13,28.5,28.776666666666667
20089,2014,29.15,27.2,28.7,29.13,28.343333333333334
20089,2015,25.0,29.15,27.2,28.7,28.349999999999998
20089,2016,23.0,25.0,29.15,27.2,27.116666666666664
20089,2017,17.6,23.0,25.0,29.15,25.71666666666667
20089,2018,11.2,17.6,23.0,25.0,21.866666666666664
20089,2019,10.95,11.2,17.6,23.0,17.266666666666666
20089,2020,11.1,10.95,11.2,17.6,13.25
20089,2021,11.46,11.1,10.95,11.2,11.083333333333334
20089,2022,11.82,11.46,11.1,10.95,11.17
20089,2023,12.0,11.82,11.46,11.1,11.46
20089,2025,17.63,,12.0,11.82,
20098,2011,0.0,,,,
20098,2012,0.0,0.0,,,
20098,2013,4.99,0.0,0.0,,
20098,2014,4.63,4.99,0.0,0.0,1.6633333333333333
20098,2015,47.84,4.63,4.99,0.0,3.206666666666667
20098,2016,49.89,47.84,4.63,4.99,19.153333333333336
20098,2017,52.42,49.89,47.84,4.63,34.120000000000005
20098,2018,52.75,52.42,49.89,47.84,50.050000000000004
20098,2019,51.59,52.75,52.42,49.89,51.68666666666667
20098,2020,51.11,51.59,52.75,52.42,52.25333333333334
20098,2021,52.06,51.11,51.59,52.75,51.81666666666667
20098,2022,51.98,52.06,51.11,51.59,51.58666666666667
20098,2023,74.6,51.98,52.06,51.11,51.71666666666667
20098,2025,43.18,,74.6,51.98,
20104,2003,78.0,,,,
20104,2004,36.4,78.0,,,
20104,2015,0.0,,,,
20104,2016,0.0,0.0,,,
20104,2017,0.0,0.0,0.0,,
20104,2018,24.5,0.0,0.0,0.0,0.0
20104,2019,50.17,24.5,0.0,0.0,8.166666666666666
20104,2020,51.22,50.17,24.5,0.0,24.89
20104,2021,51.61,51.22,50.17,24.5,41.96333333333333
20104,2022,44.5,51.61,51.22,50.17,51.0
20104,2023,134.54,44.5,51.61,51.22,49.10999999999999
20104,2025,135.3,,134.54,44.5,
20108,2006,20.0,,,,
20108,2007,18.4,20.0,,,
20108,2008,33.6,18.4,20.0,,
20108,2009,30.0,33.6,18.4,20.0,24.0
20108,2010,39.2,30.0,33.6,18.4,27.333333333333332
20108,2011,35.0,39.2,30.0,33.6,34.26666666666667
20108,2012,37.45,35.0,39.2,30.0,34.73333333333334
20108,2013,17.63,37.45,35.0,39.2,37.21666666666667
20108,2014,23.6,17.63,37.45,35.0,30.026666666666667
20108,2015,40.6,23.6,17.63,37.45,26.22666666666667
20108,2016,40.95,40.6,23.6,17.63,27.276666666666667
20108,2017,44.45,40.95,40.6,23.6,35.050000000000004
20108,2018,108.0,44.45,40.95,40.6,42.0
20108,2019,148.72,108.0,44.45,40.95,64.46666666666667
20108,2020,136.98,148.72,108.0,44.45,100.38999999999999
20108,2021,123.52,136.98,148.72,108.0,131.23333333333332
20108,2022,118.8,123.52,136.98,148.72,136.40666666666667
20108,2023,317.68,118.8,123.52,136.98,126.43333333333334
20108,2025,344.4,,317.68,118.8,
20110,2018,0.0,,,,
20110,2019,0.0,0.0,,,
20110,2020,0.0,0.0,0.0,,
20110,2021,0.0,0.0,0.0,0.0,0.0
20110,2022,0.0,0.0,0.0,0.0,0.0
20110,2023,0.0,0.0,0.0,0.0,0.0
20110,2025,12.07,,0.0,0.0,
20119,2018,0.0,,,,
20119,2019,0.0,0.0,,,
20119,2020,0.0,0.0,0.0,,
20119,2021,0.0,0.0,0.0,0.0,0.0
20119,2022,0.0,0.0,0.0,0.0,0.0
20119,2023,8.04,0.0,0.0,0.0,0.0
20119,2025,13.7,,8.04,0.0,
20123,2003,42.0,,,,
20123,2004,21.0,42.0,,,
20123,2015,0.0,,,,
20123,2016,0.0,0.0,,,
20123,2017,0.0,0.0,0.0,,
20123,2018,27.2,0.0,0.0,0.0,0.0
20123,2019,55.82,27.2,0.0,0.0,9.066666666666666
20123,2020,109.65,55.82,27.2,0.0,27.673333333333332
20123,2021,105.84,109.65,55.82,27.2,64.22333333333334
20123,2022,99.71,105.84,109.65,55.82,90.43666666666667
20123,2023,280.7,99.71,105.84,109.65,105.06666666666668
20123,2025,278.8,,280.7,99.71,
20125,2015,0.0,,,,
20125,2016,0.0,0.0,,,
20125,2017,0.0,0.0,0.0,,
20125,2018,0.0,0.0,0.0,0.0,0.0
20125,2019,325.0,0.0,0.0,0.0,0.0
20127,2018,0.0,,,,
20127,2019,0.0,0.0,,,
20127,2020,0.0,0.0,0.0,,
20127,2021,0.0,0.0,0.0,0.0,0.0
20127,2022,0.0,0.0,0.0,0.0,0.0
20127,2023,24.51,0.0,0.0,0.0,0.0
20127,2025,16.44,,24.51,0.0,
20128,2003,4.0,,,,
20128,2004,3.55,4.0,,,
20128,2005,3.42,3.55,4.0,,
20128,2006,4.0,3.42,3.55,4.0,3.6566666666666663
20128,2007,4.0,4.0,3.42,3.55,3.6566666666666663
20128,2008,4.0,4.0,4.0,3.42,3.8066666666666666
20128,2009,4.0,4.0,4.0,4.0,4.0
20128,2010,4.12,4.0,4.0,4.0,4.0
20128,2011,3.99,4.12,4.0,4.0,4.04
20128,2012,4.01,3.99,4.12,4.0,4.036666666666666
20128,2013,3.9,4.01,3.99,4.12,4.04
20128,2014,3.93,3.9,4.01,3.99,3.9666666666666663
20128,2015,3.95,3.93,3.9,4.01,3.9466666666666668
20128,2016,3.78,3.95,3.93,3.9,3.926666666666667
20128,2017,3.8,3.78,3.95,3.93,3.8866666666666667
20128,2018,4.19,3.8,3.78,3.95,3.8433333333333333
20128,2019,4.07,4.19,3.8,3.78,3.9233333333333333
20128,2020,3.97,4.07,4.19,3.8,4.0200000000000005
20128,2021,4.05,3.97,4.07,4.19,4.076666666666667
20128,2022,4.0,4.05,3.97,4.07,4.03
20128,2023,3.86,4.0,4.05,3.97,4.006666666666667
20128,2025,3.52,,3.86,4.0,
20131,2003,36.0,,,,
20131,2004,18.0,36.0,,,
20137,2017,0.0,,,,
20137,2018,0.0,0.0,,,
20137,2019,0.0,0.0,0.0,,
20137,2020,21.06,0.0,0.0,0.0,0.0
20137,2021,21.6,21.06,0.0,0.0,7.02
20137,2022,25.95,21.6,21.06,0.0,14.219999999999999
20137,2023,33.07,25.95,21.6,21.06,22.87
20137,2025,38.75,,33.07,25.95,
20138,2016,0.0,,,,
20138,2017,0.0,0.0,,,
20138,2018,0.0,0.0,0.0,,
20138,2019,5.14,0.0,0.0,0.0,0.0
20138,2020,4.99,5.14,0.0,0.0,1.7133333333333332
20138,2021,5.52,4.99,5.14,0.0,3.3766666666666665
20138,2022,6.4,5.52,4.99,5.14,5.216666666666666
20138,2023,6.08,6.4,5.52,4.99,5.636666666666667
20138,2025,31.4,,6.08,6.4,
20139,2004,5.9,,,,
20139,2005,6.5,5.9,,,
20139,2006,5.76,6.5,5.9,,
20139,2007,6.0,5.76,6.5,5.9,6.053333333333334
20139,2008,6.0,6.0,5.76,6.5,6.086666666666666
20139,2009,6.4,6.0,6.0,5.76,5.919999999999999
20139,2010,6.6,6.4,6.0,6.0,6.133333333333333
20139,2011,6.46,6.6,6.4,6.0,6.333333333333333
20139,2012,6.09,6.46,6.6,6.4,6.486666666666667
20139,2013,5.95,6.09,6.46,6.6,6.383333333333333
20139,2014,5.92,5.95,6.09,6.46,6.166666666666667
20139,2015,21.68,5.92,5.95,6.09,5.986666666666667
20139,2016,21.81,21.68,5.92,5.95,11.183333333333332
20139,2017,23.11,21.81,21.68,5.92,16.47
20139,2018,23.04,23.11,21.81,21.68,22.2
20139,2019,22.59,23.04,23.11,21.81,22.653333333333332
20139,2020,21.85,22.59,23.04,23.11,22.91333333333333
20139,2021,22.4,21.85,22.59,23.04,22.49333333333333
20139,2022,22.83,22.4,21.85,22.59,22.28
20139,2023,46.42,22.83,22.4,21.85,22.36
20139,2025,169.23,,46.42,22.83,
20142,2003,28.0,,,,
20142,2004,11.85,28.0,,,
20142,2005,12.88,11.85,28.0,,
20142,2006,11.56,12.88,11.85,28.0,17.576666666666668
20142,2007,12.4,11.56,12.88,11.85,12.096666666666666
20142,2009,12.4,,12.4,11.56,
20142,2010,15.0,12.4,,12.4,
20142,2011,15.6,15.0,12.4,,
20142,2012,25.54,15.6,15.0,12.4,14.333333333333334
20142,2013,24.99,25.54,15.6,15.0,18.713333333333335
20142,2014,23.74,24.99,25.54,15.6,22.043333333333333
20142,2015,36.83,23.74,24.99,25.54,24.756666666666664
20142,2016,36.56,36.83,23.74,24.99,28.52
20142,2017,38.25,36.56,36.83,23.74,32.376666666666665
20142,2018,38.24,38.25,36.56,36.83,37.21333333333333
20142,2019,38.61,38.24,38.25,36.56,37.68333333333334
20142,2020,36.76,38.61,38.24,38.25,38.36666666666667
20142,2021,38.58,36.76,38.61,38.24,37.87
20142,2022,40.22,38.58,36.76,38.61,37.98333333333333
20142,2023,51.86,40.22,38.58,36.76,38.52
20142,2025,70.7,,51.86,40.22,
20148,2012,0.0,,,,
20148,2013,0.0,0.0,,,
20148,2014,15.0,0.0,0.0,,
20148,2015,15.34,15.0,0.0,0.0,5.0
20148,2016,16.25,15.34,15.0,0.0,10.113333333333333
20148,2017,36.41,16.25,15.34,15.0,15.530000000000001
20148,2018,93.96,36.41,16.25,15.34,22.666666666666668
20148,2019,121.4,93.96,36.41,16.25,48.873333333333335
20148,2020,144.53,121.4,93.96,36.41,83.92333333333333
20148,2021,152.87,144.53,121.4,93.96,119.96333333333332
20148,2022,163.44,152.87,144.53,121.4,139.60000000000002
20148,2023,176.67,163.44,152.87,144.53,153.61333333333334
20148,2025,172.86,,176.67,163.44,
20149,2012,0.0,,,,
20149,2013,6.17,0.0,,,
20149,2014,6.02,6.17,0.0,,
20149,2015,24.95,6.02,6.17,0.0,4.0633333333333335
20149,2016,25.31,24.95,6.02,6.17,12.38
20149,2017,34.17,25.31,24.95,6.02,18.759999999999998
20149,2018,33.67,34.17,25.31,24.95,28.143333333333334
20149,2019,41.27,33.67,34.17,25.31,31.05
20149,2020,43.22,41.27,33.67,34.17,36.37
20149,2021,44.35,43.22,41.27,33.67,39.38666666666666
20149,2022,48.48,44.35,43.22,41.27,42.946666666666665
20149,2023,41.42,48.48,44.35,43.22,45.349999999999994
20149,2025,42.63,,41.42,48.48,
20154,2017,0.0,,,,
20154,2018,0.0,0.0,,,
20154,2019,2.82,0.0,0.0,,
20154,2020,2.79,2.82,0.0,0.0,0.94
20154,2021,5.66,2.79,2.82,0.0,1.8699999999999999
20154,2022,8.12,5.66,2.79,2.82,3.7566666666666664
20154,2023,13.55,8.12,5.66,2.79,5.523333333333333
20154,2025,18.76,,13.55,8.12,
20156,2003,28.0,,,,
20156,2004,24.85,28.0,,,
20156,2005,23.94,24.85,28.0,,
20156,2006,28.0,23.94,24.85,28.0,25.596666666666668
20156,2007,28.0,28.0,23.94,24.85,25.596666666666668
20156,2008,28.0,28.0,28.0,23.94,26.646666666666665
20156,2009,28.0,28.0,28.0,28.0,28.0
20156,2010,28.91,28.0,28.0,28.0,28.0
20156,2011,28.0,28.91,28.0,28.0,28.30333333333333
20156,2012,28.56,28.0,28.91,28.0,28.30333333333333
20156,2013,27.25,28.56,28.0,28.91,28.49
20156,2014,27.93,27.25,28.56,28.0,27.936666666666667
20156,2015,28.14,27.93,27.25,28.56,27.91333333333333
20156,2016,25.69,28.14,27.93,27.25,27.77333333333333
20156,2017,26.25,25.69,28.14,27.93,27.25333333333333
20156,2018,26.45,26.25,25.69,28.14,26.69333333333334
20156,2019,27.3,26.45,26.25,25.69,26.13
20156,2020,26.88,27.3,26.45,26.25,26.666666666666668
20156,2021,27.02,26.88,27.3,26.45,26.876666666666665
20156,2022,27.44,27.02,26.88,27.3,27.066666666666663
20156,2023,26.6,27.44,27.02,26.88,27.113333333333333
20156,2025,24.82,,26.6,27.44,
20163,2003,42.0,,,,
20163,2004,8.9,42.0,,,
20163,2005,9.72,8.9,42.0,,
20163,2006,8.82,9.72,8.9,42.0,20.206666666666667
20163,2007,9.3,8.82,9.72,8.9,9.146666666666667
20163,2009,15.5,,9.3,8.82,
20163,2010,15.0,15.5,,9.3,
20163,2011,15.45,15.0,15.5,,
20163,2012,31.36,15.45,15.0,15.5,15.316666666666668
20163,2013,36.29,31.36,15.45,15.0,20.603333333333335
20163,2014,34.39,36.29,31.36,15.45,27.7
20163,2015,51.0,34.39,36.29,31.36,34.01333333333333
20163,2016,56.74,51.0,34.39,36.29,40.559999999999995
20163,2017,77.07,56.74,51.0,34.39,47.376666666666665
20163,2018,76.41,77.07,56.74,51.0,61.60333333333333
20163,2019,75.48,76.41,77.07,56.74,70.07333333333332
20163,2020,72.23,75.48,76.41,77.07,76.32
20163,2021,73.47,72.23,75.48,76.41,74.70666666666666
20163,2022,73.31,73.47,72.23,75.48,73.72666666666667
20163,2023,98.48,73.31,73.47,72.23,73.00333333333333
20163,2025,145.43,,98.48,73.31,
20171,2008,0.0,,,,
20171,2009,0.0,0.0,,,
20171,2010,0.0,0.0,0.0,,
20171,2011,0.0,0.0,0.0,0.0,0.0
20171,2012,27.31,0.0,0.0,0.0,0.0
20171,2013,28.08,27.31,0.0,0.0,9.103333333333333
20171,2014,26.06,28.08,27.31,0.0,18.463333333333335
20171,2015,28.92,26.06,28.08,27.31,27.149999999999995
20171,2016,27.47,28.92,26.06,28.08,27.686666666666667
20171,2017,29.58,27.47,28.92,26.06,27.48333333333333
20171,2018,29.26,29.58,27.47,28.92,28.656666666666666
20171,2019,28.35,29.26,29.58,27.47,28.77
20171,2020,29.43,28.35,29.26,29.58,29.063333333333333
20171,2021,29.34,29.43,28.35,29.26,29.013333333333335
20171,2022,29.7,29.34,29.43,28.35,29.040000000000003
20171,2023,33.93,29.7,29.34,29.43,29.49
20171,2025,28.0,,33.93,29.7,
20172,2013,0.0,,,,
20172,2014,0.0,0.0,,,
20172,2015,11.0,0.0,0.0,,
20172,2016,12.4,11.0,0.0,0.0,3.6666666666666665
20172,2017,12.8,12.4,11.0,0.0,7.8
20172,2018,14.5,12.8,12.4,11.0,12.066666666666668
20172,2019,22.95,14.5,12.8,12.4,13.233333333333334
20172,2020,27.41,22.95,14.5,12.8,16.75
20172,2021,35.69,27.41,22.95,14.5,21.62
20172,2022,36.7,35.69,27.41,22.95,28.683333333333334
20172,2023,49.38,36.7,35.69,27.41,33.26666666666667
20172,2025,45.49,,49.38,36.7,
20173,2013,0.0,,,,
20173,2014,0.0,0.0,,,
20173,2015,0.0,0.0,0.0,,
20173,2016,0.0,0.0,0.0,0.0,0.0
20173,2017,4.06,0.0,0.0,0.0,0.0
20173,2018,4.34,4.06,0.0,0.0,1.3533333333333333
20173,2019,4.82,4.34,4.06,0.0,2.7999999999999994
20173,2020,4.98,4.82,4.34,4.06,4.406666666666666
20173,2021,5.67,4.98,4.82,4.34,4.713333333333334
20173,2022,5.2,5.67,4.98,4.82,5.156666666666667
20173,2023,6.49,5.2,5.67,4.98,5.283333333333334
20173,2025,29.45,,6.49,5.2,
20174,2003,90.0,,,,
20174,2004,51.0,90.0,,,
20174,2011,0.0,,,,
20174,2012,0.0,0.0,,,
20174,2013,0.0,0.0,0.0,,
20174,2014,11.5,0.0,0.0,0.0,0.0
20174,2015,11.44,11.5,0.0,0.0,3.8333333333333335
20174,2016,11.46,11.44,11.5,0.0,7.646666666666666
20174,2017,12.4,11.46,11.44,11.5,11.466666666666667
20174,2018,13.2,12.4,11.46,11.44,11.766666666666666
20174,2019,28.66,13.2,12.4,11.46,12.353333333333333
20174,2020,28.94,28.66,13.2,12.4,18.08666666666667
20174,2021,45.18,28.94,28.66,13.2,23.599999999999998
20174,2022,37.9,45.18,28.94,28.66,34.26
20174,2023,39.05,37.9,45.18,28.94,37.34
20174,2025,41.0,,39.05,37.9,
20177,2003,113.5,,,,
20177,2004,108.19000000000001,113.5,,,
20177,2005,103.84,108.19000000000001,113.5,,
20177,2006,72.67999999999999,103.84,108.19000000000001,113.5,108.51
20177,2007,108.19999999999999,72.67999999999999,103.84,108.19000000000001,94.90333333333335
20177,2008,106.6,108.19999999999999,72.67999999999999,103.84,94.90666666666668
20177,2009,111.8,106.6,108.19999999999999,72.67999999999999,95.82666666666665
20177,2010,75.8,111.8,106.6,108.19999999999999,108.86666666666666
20177,2011,89.7,75.8,111.8,106.6,98.06666666666666
20177,2012,101.54,89.7,75.8,111.8,92.43333333333334
20177,2013,107.02,101.54,89.7,75.8,89.01333333333332
20177,2014,102.01,107.02,101.54,89.7,99.42
20177,2015,105.66,102.01,107.02,101.54,103.52333333333335
20177,2016,102.8,105.66,102.01,107.02,104.89666666666666
20177,2017,103.61,102.8,105.66,102.01,103.49000000000001
20177,2018,108.13000000000001,103.61,102.8,105.66,104.02333333333333
20177,2019,105.16000000000001,108.13000000000001,103.61,102.8,104.84666666666668
20177,2020,106.66,105.16000000000001,108.13000000000001,103.61,105.63333333333333
20177,2021,105.9,106.66,105.16000000000001,108.13000000000001,106.65000000000002
20177,2022,108.4,105.9,106.66,105.16000000000001,105.90666666666668
20177,2023,117.16999999999999,108.4,105.9,106.66,106.98666666666668
20177,2025,84.47999999999999,,117.16999999999999,108.4,
20187,2010,0.0,,,,
20187,2011,0.0,0.0,,,
20187,2012,0.0,0.0,0.0,,
20187,2013,0.0,0.0,0.0,0.0,0.0
20187,2014,0.0,0.0,0.0,0.0,0.0
20187,2015,0.0,0.0,0.0,0.0,0.0
20187,2016,113.33,0.0,0.0,0.0,0.0
20187,2017,216.64,113.33,0.0,0.0,37.776666666666664
20187,2018,218.7,216.64,113.33,0.0,109.99
20187,2019,211.81,218.7,216.64,113.33,182.89
20187,2020,209.49,211.81,218.7,216.64,215.71666666666667
20187,2021,208.25,209.49,211.81,218.7,213.33333333333334
20187,2022,217.10000000000002,208.25,209.49,211.81,209.85
20187,2023,300.53999999999996,217.10000000000002,208.25,209.49,211.61333333333334
20187,2025,335.98,,300.53999999999996,217.10000000000002,
20191,2003,6.0,,,,
20191,2004,7.1,6.0,,,
20191,2005,6.84,7.1,6.0,,
20191,2006,8.0,6.84,7.1,6.0,6.646666666666666
20191,2007,8.0,8.0,6.84,7.1,7.313333333333333
20191,2008,8.0,8.0,8.0,6.84,7.613333333333333
20191,2009,8.0,8.0,8.0,8.0,8.0
20191,2010,8.24,8.0,8.0,8.0,8.0
20191,2011,7.99,8.24,8.0,8.0,8.08
20191,2012,8.0,7.99,8.24,8.0,8.076666666666666
20191,2013,8.24,8.0,7.99,8.24,8.076666666666666
20191,2014,7.94,8.24,8.0,7.99,8.076666666666666
20191,2015,7.88,7.94,8.24,8.0,8.06
20191,2016,7.7,7.88,7.94,8.24,8.02
20191,2017,7.92,7.7,7.88,7.94,7.84
20191,2018,8.9,7.92,7.7,7.88,7.833333333333333
20191,2019,8.44,8.9,7.92,7.7,8.173333333333334
20191,2020,8.38,8.44,8.9,7.92,8.42
20191,2021,9.47,8.38,8.44,8.9,8.573333333333332
20191,2022,9.94,9.47,8.38,8.44,8.763333333333334
20191,2023,9.74,9.94,9.47,8.38,9.263333333333334
20191,2025,21.05,,9.74,9.94,
20193,2015,0.0,,,,
20193,2016,0.0,0.0,,,
20193,2017,0.0,0.0,0.0,,
20193,2018,18.9,0.0,0.0,0.0,0.0
20193,2019,47.01,18.9,0.0,0.0,6.3
20193,2020,54.32,47.01,18.9,0.0,21.97
20193,2021,94.56,54.32,47.01,18.9,40.07666666666666
20193,2022,87.89,94.56,54.32,47.01,65.29666666666667
20193,2023,185.43,87.89,94.56,54.32,78.92333333333333
20193,2025,172.2,,185.43,87.89,
20194,2003,72.0,,,,
20194,2004,36.0,72.0,,,
20194,2006,5.0,,36.0,72.0,
20200,2003,20.0,,,,
20200,2004,0.0,20.0,,,
20200,2005,0.0,0.0,20.0,,
20200,2006,40.0,0.0,0.0,20.0,6.666666666666667
20200,2007,40.0,40.0,0.0,0.0,13.333333333333334
20200,2008,40.0,40.0,40.0,0.0,26.666666666666668
20200,2009,40.0,40.0,40.0,40.0,40.0
20200,2010,40.1,40.0,40.0,40.0,40.0
20200,2011,40.02,40.1,40.0,40.0,40.03333333333333
20200,2012,39.9,40.02,40.1,40.0,40.04
20200,2013,45.0,39.9,40.02,40.1,40.00666666666667
20200,2014,39.0,45.0,39.9,40.02,41.64000000000001
20200,2015,38.8,39.0,45.0,39.9,41.300000000000004
20200,2016,36.7,38.8,39.0,45.0,40.93333333333333
20200,2017,42.15,36.7,38.8,39.0,38.166666666666664
20200,2018,39.28,42.15,36.7,38.8,39.21666666666666
20200,2019,57.91,39.28,42.15,36.7,39.376666666666665
20200,2020,60.65,57.91,39.28,42.15,46.446666666666665
20200,2021,62.88,60.65,57.91,39.28,52.61333333333334
20200,2022,62.8,62.88,60.65,57.91,60.48
20200,2023,63.26,62.8,62.88,60.65,62.10999999999999
20200,2025,106.32,,63.26,62.8,
20206,2003,21.0,,,,
20206,2004,11.37,21.0,,,
20206,2005,12.76,11.37,21.0,,
20206,2006,11.36,12.76,11.37,21.0,15.043333333333331
20206,2007,12.4,11.36,12.76,11.37,11.829999999999998
20206,2009,18.6,,12.4,11.36,
20206,2010,18.0,18.6,,12.4,
20206,2011,18.84,18.0,18.6,,
20206,2012,17.92,18.84,18.0,18.6,18.48
20206,2013,18.25,17.92,18.84,18.0,18.253333333333334
20206,2014,17.89,18.25,17.92,18.84,18.33666666666667
20206,2015,17.83,17.89,18.25,17.92,18.02
20206,2016,24.01,17.83,17.89,18.25,17.99
20206,2017,23.38,24.01,17.83,17.89,19.91
20206,2018,24.64,23.38,24.01,17.83,21.74
20206,2019,23.36,24.64,23.38,24.01,24.01
20206,2020,23.68,23.36,24.64,23.38,23.793333333333333
20206,2021,22.56,23.68,23.36,24.64,23.893333333333334
20206,2022,23.2,22.56,23.68,23.36,23.2
20206,2023,29.2,23.2,22.56,23.68,23.146666666666665
20206,2025,29.2,,29.2,23.2,
20208,2013,0.0,,,,
20208,2014,0.0,0.0,,,
20208,2015,4.3,0.0,0.0,,
20208,2016,5.7,4.3,0.0,0.0,1.4333333333333333
20208,2017,5.5,5.7,4.3,0.0,3.3333333333333335
20208,2018,6.5,5.5,5.7,4.3,5.166666666666667
20208,2019,6.9,6.5,5.5,5.7,5.8999999999999995
20208,2020,10.7,6.9,6.5,5.5,6.3
20208,2021,23.28,10.7,6.9,6.5,8.033333333333333
20208,2022,60.8,23.28,10.7,6.9,13.626666666666667
20208,2023,62.3,60.8,23.28,10.7,31.593333333333334
20208,2025,224.68,,62.3,60.8,
20210,2018,0.0,,,,
20210,2019,0.0,0.0,,,
20210,2020,0.0,0.0,0.0,,
20210,2021,0.0,0.0,0.0,0.0,0.0
20210,2022,0.0,0.0,0.0,0.0,0.0
20210,2023,12.56,0.0,0.0,0.0,0.0
20210,2025,8.22,,12.56,0.0,
20211,2012,0.0,,,,
20211,2013,0.0,0.0,,,
20211,2014,33.04,0.0,0.0,,
20211,2015,32.85,33.04,0.0,0.0,11.013333333333334
20211,2016,35.34,32.85,33.04,0.0,21.963333333333335
20211,2017,35.78,35.34,32.85,33.04,33.74333333333333
20211,2018,35.9,35.78,35.34,32.85,34.656666666666666
20211,2019,60.34,35.9,35.78,35.34,35.67333333333334
20211,2020,67.17,60.34,35.9,35.78,44.00666666666667
20211,2021,78.32,67.17,60.34,35.9,54.47
20211,2022,85.43,78.32,67.17,60.34,68.61
20211,2023,89.34,85.43,78.32,67.17,76.97333333333333
20211,2025,114.57,,89.34,85.43,
20214,2016,0.0,,,,
20214,2017,0.0,0.0,,,
20214,2018,0.0,0.0,0.0,,
20214,2019,10.67,0.0,0.0,0.0,0.0
20214,2020,10.35,10.67,0.0,0.0,3.5566666666666666
20214,2021,10.58,10.35,10.67,0.0,7.006666666666667
20214,2022,18.89,10.58,10.35,10.67,10.533333333333333
20214,2023,19.31,18.89,10.58,10.35,13.273333333333333
20214,2025,80.47,,19.31,18.89,
20216,2003,4.0,,,,
20216,2004,3.55,4.0,,,
20216,2005,3.42,3.55,4.0,,
20216,2006,4.0,3.42,3.55,4.0,3.6566666666666663
20216,2007,4.0,4.0,3.42,3.55,3.6566666666666663
20216,2008,4.0,4.0,4.0,3.42,3.8066666666666666
20216,2009,4.0,4.0,4.0,4.0,4.0
20216,2010,4.13,4.0,4.0,4.0,4.0
20216,2011,4.0,4.13,4.0,4.0,4.043333333333333
20216,2012,3.98,4.0,4.13,4.0,4.043333333333333
20216,2013,4.02,3.98,4.0,4.13,4.036666666666666
20216,2014,3.9,4.02,3.98,4.0,4.0
20216,2015,3.97,3.9,4.02,3.98,3.9666666666666663
20216,2016,4.12,3.97,3.9,4.02,3.963333333333333
20216,2017,4.2,4.12,3.97,3.9,3.996666666666666
20216,2018,5.06,4.2,4.12,3.97,4.096666666666667
20216,2019,4.97,5.06,4.2,4.12,4.46
20216,2020,5.11,4.97,5.06,4.2,4.743333333333333
20216,2021,5.07,5.11,4.97,5.06,5.046666666666666
20216,2022,5.1,5.07,5.11,4.97,5.05
20216,2023,4.52,5.1,5.07,5.11,5.093333333333334
20216,2025,3.52,,4.52,5.1,
20220,2003,28.0,,,,
20220,2004,24.82,28.0,,,
20220,2005,27.44,24.82,28.0,,
20220,2006,25.0,27.44,24.82,28.0,26.753333333333334
20220,2007,25.6,25.0,27.44,24.82,25.753333333333334
20220,2008,25.6,25.6,25.0,27.44,26.013333333333335
20220,2009,26.4,25.6,25.6,25.0,25.400000000000002
20220,2010,26.4,26.4,25.6,25.6,25.86666666666667
20220,2011,26.08,26.4,26.4,25.6,26.13333333333333
20220,2012,26.56,26.08,26.4,26.4,26.293333333333333
20220,2013,36.35,26.56,26.08,26.4,26.346666666666664
20220,2014,33.32,36.35,26.56,26.08,29.663333333333338
20220,2015,71.39,33.32,36.35,26.56,32.07666666666667
20220,2016,73.14,71.39,33.32,36.35,47.02
20220,2017,75.02,73.14,71.39,33.32,59.28333333333334
20220,2018,80.08,75.02,73.14,71.39,73.18333333333334
20220,2019,77.41,80.08,75.02,73.14,76.08
20220,2020,77.66,77.41,80.08,75.02,77.50333333333333
20220,2021,77.65,77.66,77.41,80.08,78.38333333333333
20220,2022,78.82,77.65,77.66,77.41,77.57333333333334
20220,2023,119.63,78.82,77.65,77.66,78.04333333333334
20220,2025,295.67,,119.63,78.82,
20222,2003,12.0,,,,
20222,2004,10.65,12.0,,,
20222,2005,10.26,10.65,12.0,,
20222,2006,12.0,10.26,10.65,12.0,10.969999999999999
20222,2007,12.0,12.0,10.26,10.65,10.969999999999999
20222,2008,12.0,12.0,12.0,10.26,11.420000000000002
20222,2009,12.0,12.0,12.0,12.0,12.0
20222,2010,12.36,12.0,12.0,12.0,12.0
20222,2011,12.0,12.36,12.0,12.0,12.12
20222,2012,12.02,12.0,12.36,12.0,12.12
20222,2013,11.8,12.02,12.0,12.36,12.126666666666665
20222,2014,11.85,11.8,12.02,12.0,11.94
20222,2015,11.94,11.85,11.8,12.02,11.89
20222,2016,10.8,11.94,11.85,11.8,11.863333333333335
20222,2017,11.34,10.8,11.94,11.85,11.530000000000001
20222,2018,11.96,11.34,10.8,11.94,11.36
20222,2019,12.15,11.96,11.34,10.8,11.366666666666667
20222,2020,12.27,12.15,11.96,11.34,11.816666666666668
20222,2021,12.33,12.27,12.15,11.96,12.126666666666667
20222,2022,12.18,12.33,12.27,12.15,12.25
20222,2023,11.91,12.18,12.33,12.27,12.26
20222,2025,10.56,,11.91,12.18,
20228,2004,5.91,,,,
20228,2005,6.48,5.91,,,
20228,2006,5.82,6.48,5.91,,
20228,2007,4.6,5.82,6.48,5.91,6.07
20228,2008,6.6,4.6,5.82,6.48,5.633333333333333
20228,2009,6.8,6.6,4.6,5.82,5.673333333333333
20228,2010,6.6,6.8,6.6,4.6,6.0
20228,2011,6.56,6.6,6.8,6.6,6.666666666666667
20228,2012,6.17,6.56,6.6,6.8,6.653333333333333
20228,2013,6.38,6.17,6.56,6.6,6.4433333333333325
20228,2014,5.98,6.38,6.17,6.56,6.37
20228,2015,5.73,5.98,6.38,6.17,6.176666666666667
20228,2016,6.21,5.73,5.98,6.38,6.03
20228,2017,6.15,6.21,5.73,5.98,5.973333333333334
20228,2018,6.28,6.15,6.21,5.73,6.030000000000001
20228,2019,6.52,6.28,6.15,6.21,6.213333333333334
20228,2020,5.96,6.52,6.28,6.15,6.316666666666666
20228,2021,5.92,5.96,6.52,6.28,6.253333333333333
20228,2022,5.94,5.92,5.96,6.52,6.133333333333333
20228,2023,7.1,5.94,5.92,5.96,5.94
20228,2025,7.0,,7.1,5.94,
20229,2012,0.0,,,,
20229,2013,0.0,0.0,,,
20229,2014,6.22,0.0,0.0,,
20229,2015,18.55,6.22,0.0,0.0,2.0733333333333333
20229,2016,18.45,18.55,6.22,0.0,8.256666666666666
20229,2017,18.6,18.45,18.55,6.22,14.406666666666666
20229,2018,18.78,18.6,18.45,18.55,18.533333333333335
20229,2019,28.71,18.78,18.6,18.45,18.61
20229,2020,29.48,28.71,18.78,18.6,22.03
20229,2021,32.01,29.48,28.71,18.78,25.656666666666666
20229,2022,32.98,32.01,29.48,28.71,30.066666666666666
20229,2023,34.59,32.98,32.01,29.48,31.49
20229,2025,45.73,,34.59,32.98,
20233,2003,12.0,,,,
20233,2004,3.0,12.0,,,
20233,2006,5.0,,3.0,12.0,
20233,2007,5.0,5.0,,3.0,
20233,2008,7.5,5.0,5.0,,
20233,2009,6.0,7.5,5.0,5.0,5.833333333333333
20233,2010,6.0,6.0,7.5,5.0,6.166666666666667
20233,2011,6.02,6.0,6.0,7.5,6.5
20233,2012,11.75,6.02,6.0,6.0,6.006666666666667
20233,2013,11.77,11.75,6.02,6.0,7.923333333333333
20233,2014,12.55,11.77,11.75,6.02,9.846666666666666
20233,2015,12.48,12.55,11.77,11.75,12.023333333333333
20233,2016,12.85,12.48,12.55,11.77,12.266666666666666
20233,2017,14.62,12.85,12.48,12.55,12.626666666666667
20233,2018,14.76,14.62,12.85,12.48,13.316666666666668
20233,2019,16.81,14.76,14.62,12.85,14.076666666666666
20233,2020,17.48,16.81,14.76,14.62,15.396666666666667
20233,2021,17.7,17.48,16.81,14.76,16.349999999999998
20233,2022,21.54,17.7,17.48,16.81,17.330000000000002
20233,2023,26.08,21.54,17.7,17.48,18.906666666666666
20233,2025,36.0,,26.08,21.54,
20234,2003,56.0,,,,
20234,2004,18.29,56.0,,,
20234,2005,19.98,18.29,56.0,,
20234,2006,18.12,19.98,18.29,56.0,31.423333333333332
20234,2007,15.6,18.12,19.98,18.29,18.796666666666667
20234,2008,23.1,15.6,18.12,19.98,17.900000000000002
20234,2009,23.8,23.1,15.6,18.12,18.94
20234,2010,23.1,23.8,23.1,15.6,20.833333333333332
20234,2011,22.89,23.1,23.8,23.1,23.333333333333332
20234,2012,32.14,22.89,23.1,23.8,23.263333333333335
20234,2013,30.67,32.14,22.89,23.1,26.043333333333337
20234,2014,29.75,30.67,32.14,22.89,28.566666666666666
20234,2015,32.0,29.75,30.67,32.14,30.853333333333335
20234,2016,64.33,32.0,29.75,30.67,30.80666666666667
20234,2017,72.71,64.33,32.0,29.75,42.026666666666664
20234,2018,74.16,72.71,64.33,32.0,56.346666666666664
20234,2019,93.43,74.16,72.71,64.33,70.39999999999999
20234,2020,90.81,93.43,74.16,72.71,80.10000000000001
20234,2021,93.27,90.81,93.43,74.16,86.13333333333333
20234,2022,100.8,93.27,90.81,93.43,92.50333333333333
20234,2023,156.27,100.8,93.27,90.81,94.96
20234,2025,383.43,,156.27,100.8,
20235,2007,0.0,,,,
20235,2008,5.2,0.0,,,
20235,2009,6.0,5.2,0.0,,
20235,2010,24.0,6.0,5.2,0.0,3.733333333333333
20235,2011,18.3,24.0,6.0,5.2,11.733333333333334
20235,2012,18.5,18.3,24.0,6.0,16.099999999999998
20235,2013,24.52,18.5,18.3,24.0,20.266666666666666
20235,2014,23.56,24.52,18.5,18.3,20.44
20235,2015,25.2,23.56,24.52,18.5,22.19333333333333
20235,2016,23.96,25.2,23.56,24.52,24.426666666666666
20235,2017,24.24,23.96,25.2,23.56,24.24
20235,2018,29.3,24.24,23.96,25.2,24.466666666666665
20235,2019,30.51,29.3,24.24,23.96,25.833333333333332
20235,2020,31.95,30.51,29.3,24.24,28.016666666666666
20235,2021,36.0,31.95,30.51,29.3,30.58666666666667
20235,2022,35.8,36.0,31.95,30.51,32.82
20235,2023,39.16,35.8,36.0,31.95,34.583333333333336
20235,2025,42.21,,39.16,35.8,
20236,2017,0.0,,,,
20236,2018,44.89,0.0,,,
20236,2019,57.63,44.89,0.0,,
20236,2020,59.11,57.63,44.89,0.0,34.17333333333334
20236,2021,60.28,59.11,57.63,44.89,53.876666666666665
20236,2022,66.39,60.28,59.11,57.63,59.00666666666667
20236,2023,69.71,66.39,60.28,59.11,61.92666666666667
20236,2025,76.73,,69.71,66.39,
20239,2018,0.0,,,,
20239,2019,0.0,0.0,,,
20239,2020,0.0,0.0,0.0,,
20239,2021,0.0,0.0,0.0,0.0,0.0
20239,2022,0.0,0.0,0.0,0.0,0.0
20239,2023,8.16,0.0,0.0,0.0,0.0
20239,2025,15.35,,8.16,0.0,
20242,2012,0.0,,,,
20242,2013,0.0,0.0,,,
20242,2014,0.0,0.0,0.0,,
20242,2015,0.0,0.0,0.0,0.0,0.0
20242,2016,0.0,0.0,0.0,0.0,0.0
20242,2017,0.0,0.0,0.0,0.0,0.0
20242,2018,0.0,0.0,0.0,0.0,0.0
20242,2019,0.0,0.0,0.0,0.0,0.0
20242,2020,0.0,0.0,0.0,0.0,0.0
20242,2021,4.3,0.0,0.0,0.0,0.0
20242,2022,11.5,4.3,0.0,0.0,1.4333333333333333
20242,2023,11.98,11.5,4.3,0.0,5.266666666666667
20242,2025,20.5,,11.98,11.5,
20244,2003,122.0,,,,
20244,2004,123.27000000000001,122.0,,,
20244,2005,132.82,123.27000000000001,122.0,,
20244,2006,99.46000000000001,132.82,123.27000000000001,122.0,126.03000000000002
20244,2007,117.0,99.46000000000001,132.82,123.27000000000001,118.51666666666667
20244,2008,57.2,117.0,99.46000000000001,132.82,116.42666666666666
20244,2009,126.5,57.2,117.0,99.46000000000001,91.22000000000001
20244,2010,99.4,126.5,57.2,117.0,100.23333333333333
20244,2011,105.75,99.4,126.5,57.2,94.36666666666667
20244,2012,133.8,105.75,99.4,126.5,110.55000000000001
20244,2013,134.85000000000002,133.8,105.75,99.4,112.98333333333335
20244,2014,127.77,134.85000000000002,133.8,105.75,124.80000000000001
20244,2015,133.10000000000002,127.77,134.85000000000002,133.8,132.14000000000001
20244,2016,137.7,133.10000000000002,127.77,134.85000000000002,131.90666666666667
20244,2017,141.54,137.7,133.10000000000002,127.77,132.85666666666665
20244,2018,144.11,141.54,137.7,133.10000000000002,137.4466666666667
20244,2019,139.45,144.11,141.54,137.7,141.11666666666667
20244,2020,140.83999999999997,139.45,144.11,141.54,141.70000000000002
20244,2021,141.70999999999998,140.83999999999997,139.45,144.11,141.46666666666667
20244,2022,140.12,141.70999999999998,140.83999999999997,139.45,140.66666666666666
20244,2023,174.26,140.12,141.70999999999998,140.83999999999997,140.89
20244,2025,216.23,,174.26,140.12,
20246,2016,0.0,,,,
20246,2017,0.0,0.0,,,
20246,2018,0.0,0.0,0.0,,
20246,2019,8.13,0.0,0.0,0.0,0.0
20246,2020,8.44,8.13,0.0,0.0,2.7100000000000004
20246,2021,8.91,8.44,8.13,0.0,5.523333333333333
20246,2022,10.25,8.91,8.44,8.13,8.493333333333334
20246,2023,9.98,10.25,8.91,8.44,9.200000000000001
20246,2025,52.6,,9.98,10.25,
20249,2004,5.97,,,,
20249,2005,6.46,5.97,,,
20249,2006,5.82,6.46,5.97,,
20249,2007,4.64,5.82,6.46,5.97,6.083333333333333
20249,2008,5.7,4.64,5.82,6.46,5.640000000000001
20249,2009,6.0,5.7,4.64,5.82,5.386666666666667
20249,2010,5.6,6.0,5.7,4.64,5.446666666666666
20249,2011,5.7,5.6,6.0,5.7,5.766666666666666
20249,2012,19.06,5.7,5.6,6.0,5.766666666666667
20249,2013,19.29,19.06,5.7,5.6,10.12
20249,2014,17.92,19.29,19.06,5.7,14.683333333333332
20249,2015,17.9,17.92,19.29,19.06,18.756666666666668
20249,2016,18.7,17.9,17.92,19.29,18.37
20249,2017,18.37,18.7,17.9,17.92,18.173333333333332
20249,2018,19.08,18.37,18.7,17.9,18.323333333333334
20249,2019,18.54,19.08,18.37,18.7,18.716666666666665
20249,2020,18.66,18.54,19.08,18.37,18.663333333333334
20249,2021,18.78,18.66,18.54,19.08,18.76
20249,2022,18.9,18.78,18.66,18.54,18.66
20249,2023,21.3,18.9,18.78,18.66,18.78
20249,2025,17.5,,21.3,18.9,
20252,2016,4.2,,,,
20252,2017,4.5,4.2,,,
20252,2018,4.9,4.5,4.2,,
20252,2019,5.5,4.9,4.5,4.2,4.533333333333334
20252,2020,5.8,5.5,4.9,4.5,4.966666666666668
20252,2021,6.26,5.8,5.5,4.9,5.400000000000001
20252,2022,6.3,6.26,5.8,5.5,5.853333333333333
20252,2023,9.8,6.3,6.26,5.8,6.12
20252,2025,8.22,,9.8,6.3,
20254,2012,0.0,,,,
20254,2013,0.0,0.0,,,
20254,2014,30.45,0.0,0.0,,
20254,2015,29.78,30.45,0.0,0.0,10.15
20254,2016,31.7,29.78,30.45,0.0,20.076666666666668
20254,2017,32.1,31.7,29.78,30.45,30.643333333333334
20254,2018,32.3,32.1,31.7,29.78,31.19333333333333
20254,2019,37.38,32.3,32.1,31.7,32.03333333333333
20254,2020,40.82,37.38,32.3,32.1,33.92666666666667
20254,2021,38.41,40.82,37.38,32.3,36.833333333333336
20254,2022,43.97,38.41,40.82,37.38,38.87
20254,2023,49.15,43.97,38.41,40.82,41.06666666666666
20254,2025,54.62,,49.15,43.97,
20255,2013,0.0,,,,
20255,2014,0.0,0.0,,,
20255,2015,0.0,0.0,0.0,,
20255,2016,0.0,0.0,0.0,0.0,0.0
20255,2017,0.0,0.0,0.0,0.0,0.0
20255,2018,0.0,0.0,0.0,0.0,0.0
20255,2019,0.0,0.0,0.0,0.0,0.0
20255,2020,43.02,0.0,0.0,0.0,0.0
20255,2021,56.27,43.02,0.0,0.0,14.340000000000002
20255,2022,60.11,56.27,43.02,0.0,33.09666666666667
20255,2023,72.29,60.11,56.27,43.02,53.13333333333333
20255,2025,104.86,,72.29,60.11,
20258,2016,12.2,,,,
20258,2017,13.2,12.2,,,
20258,2018,14.4,13.2,12.2,,
20258,2019,14.42,14.4,13.2,12.2,13.266666666666666
20258,2020,18.6,14.42,14.4,13.2,14.006666666666666
20258,2021,22.92,18.6,14.42,14.4,15.806666666666667
20258,2022,22.7,22.92,18.6,14.42,18.64666666666667
20258,2023,26.92,22.7,22.92,18.6,21.406666666666666
20258,2025,41.1,,26.92,22.7,
20260,2008,0.0,,,,
20260,2010,0.0,,0.0,,
20260,2011,0.0,0.0,,0.0,
20260,2012,0.0,0.0,0.0,,
20260,2013,3.0,0.0,0.0,0.0,0.0
20260,2014,3.95,3.0,0.0,0.0,1.0
20260,2015,3.91,3.95,3.0,0.0,2.316666666666667
20260,2016,3.99,3.91,3.95,3.0,3.6199999999999997
20260,2017,8.02,3.99,3.91,3.95,3.9500000000000006
20260,2018,9.51,8.02,3.99,3.91,5.3066666666666675
20260,2019,9.4,9.51,8.02,3.99,7.173333333333335
20260,2020,7.9,9.4,9.51,8.02,8.976666666666667
20260,2021,8.52,7.9,9.4,9.51,8.936666666666667
20260,2022,17.33,8.52,7.9,9.4,8.606666666666667
20260,2023,18.07,17.33,8.52,7.9,11.25
20260,2025,52.45,,18.07,17.33,
20263,2017,0.0,,,,
20263,2018,0.0,0.0,,,
20263,2019,10.06,0.0,0.0,,
20263,2020,10.85,10.06,0.0,0.0,3.3533333333333335
20263,2021,12.84,10.85,10.06,0.0,6.97
20263,2022,15.55,12.84,10.85,10.06,11.25
20263,2023,17.5,15.55,12.84,10.85,13.079999999999998
20263,2025,38.33,,17.5,15.55,
20271,2003,36.0,,,,
20271,2004,9.0,36.0,,,
20271,2015,0.0,,,,
20271,2016,0.0,0.0,,,
20271,2017,0.0,0.0,0.0,,
20271,2018,18.6,0.0,0.0,0.0,0.0
20271,2019,39.21,18.6,0.0,0.0,6.2
20271,2020,55.36,39.21,18.6,0.0,19.27
20271,2021,60.4,55.36,39.21,18.6,37.723333333333336
20271,2022,54.46,60.4,55.36,39.21,51.656666666666666
20271,2023,178.64,54.46,60.4,55.36,56.74
20271,2025,188.6,,178.64,54.46,
20273,2013,0.0,,,,
20273,2014,0.0,0.0,,,
20273,2015,11.4,0.0,0.0,,
20273,2016,17.31,11.4,0.0,0.0,3.8000000000000003
20273,2017,17.7,17.31,11.4,0.0,9.57
20273,2018,26.0,17.7,17.31,11.4,15.469999999999999
20273,2019,44.14,26.0,17.7,17.31,20.336666666666666
20273,2020,63.81,44.14,26.0,17.7,29.28
20273,2021,57.6,63.81,44.14,26.0,44.65
20273,2022,37.65,57.6,63.81,44.14,55.18333333333334
20273,2023,137.02,37.65,57.6,63.81,53.02
20273,2025,139.4,,137.02,37.65,
20275,2019,4.26,,,,
20275,2020,4.14,4.26,,,
20275,2021,4.38,4.14,4.26,,
20275,2022,4.97,4.38,4.14,4.26,4.26
20275,2023,5.5,4.97,4.38,4.14,4.496666666666666
20275,2025,20.81,,5.5,4.97,
20276,2003,14.0,,,,
20276,2004,8.95,14.0,,,
20276,2005,9.84,8.95,14.0,,
20276,2006,8.73,9.84,8.95,14.0,10.93
20276,2007,9.0,8.73,9.84,8.95,9.173333333333334
20276,2008,9.3,9.0,8.73,9.84,9.19
20276,2009,9.6,9.3,9.0,8.73,9.01
20276,2010,9.6,9.6,9.3,9.0,9.299999999999999
20276,2011,9.63,9.6,9.6,9.3,9.5
20276,2012,21.29,9.63,9.6,9.6,9.61
20276,2013,34.97,21.29,9.63,9.6,13.506666666666666
20276,2014,32.39,34.97,21.29,9.63,21.963333333333335
20276,2015,187.06,32.39,34.97,21.29,29.55
20276,2016,190.01,187.06,32.39,34.97,84.80666666666667
20276,2017,207.54,190.01,187.06,32.39,136.48666666666668
20276,2018,201.91,207.54,190.01,187.06,194.87
20276,2019,204.53,201.91,207.54,190.01,199.81999999999996
20276,2020,204.61,204.53,201.91,207.54,204.66
20276,2021,205.59,204.61,204.53,201.91,203.6833333333333
20276,2022,207.54,205.59,204.61,204.53,204.91
20276,2023,281.65999999999997,207.54,205.59,204.61,205.91333333333333
20276,2025,567.49,,281.65999999999997,207.54,
20277,2012,0.0,,,,
20277,2013,0.0,0.0,,,
20277,2014,3.04,0.0,0.0,,
20277,2015,3.08,3.04,0.0,0.0,1.0133333333333334
20277,2016,3.11,3.08,3.04,0.0,2.04
20277,2017,9.45,3.11,3.08,3.04,3.0766666666666667
20277,2018,9.54,9.45,3.11,3.08,5.213333333333334
20277,2019,12.94,9.54,9.45,3.11,7.366666666666667
20277,2020,30.56,12.94,9.54,9.45,10.643333333333333
20277,2021,31.16,30.56,12.94,9.54,17.68
20277,2022,41.67,31.16,30.56,12.94,24.886666666666667
20277,2023,44.5,41.67,31.16,30.56,34.46333333333333
20277,2025,48.45,,44.5,41.67,
20279,2012,0.0,,,,
20279,2013,0.0,0.0,,,
20279,2014,12.0,0.0,0.0,,
20279,2015,12.32,12.0,0.0,0.0,4.0
20279,2016,11.86,12.32,12.0,0.0,8.106666666666667
20279,2017,12.44,11.86,12.32,12.0,12.06
20279,2018,12.22,12.44,11.86,12.32,12.206666666666665
20279,2019,16.78,12.22,12.44,11.86,12.173333333333332
20279,2020,24.5,16.78,12.22,12.44,13.813333333333333
20279,2021,29.0,24.5,16.78,12.22,17.833333333333332
20279,2022,30.53,29.0,24.5,16.78,23.426666666666666
20279,2023,38.4,30.53,29.0,24.5,28.01
20279,2025,42.88,,38.4,30.53,
20280,2003,4.0,,,,
20280,2004,3.55,4.0,,,
20280,2005,3.42,3.55,4.0,,
20280,2006,4.0,3.42,3.55,4.0,3.6566666666666663
20280,2007,4.0,4.0,3.42,3.55,3.6566666666666663
20280,2008,4.0,4.0,4.0,3.42,3.8066666666666666
20280,2009,4.0,4.0,4.0,4.0,4.0
20280,2010,4.14,4.0,4.0,4.0,4.0
20280,2011,4.02,4.14,4.0,4.0,4.046666666666667
20280,2012,4.0,4.02,4.14,4.0,4.053333333333334
20280,2013,4.03,4.0,4.02,4.14,4.053333333333334
20280,2014,3.95,4.03,4.0,4.02,4.016666666666667
20280,2015,3.97,3.95,4.03,4.0,3.9933333333333336
20280,2016,3.59,3.97,3.95,4.03,3.983333333333334
20280,2017,4.06,3.59,3.97,3.95,3.8366666666666664
20280,2018,4.4,4.06,3.59,3.97,3.8733333333333335
20280,2019,4.31,4.4,4.06,3.59,4.016666666666667
20280,2020,4.49,4.31,4.4,4.06,4.256666666666667
20280,2021,4.46,4.49,4.31,4.4,4.4
20280,2022,4.44,4.46,4.49,4.31,4.420000000000001
20280,2023,4.14,4.44,4.46,4.49,4.463333333333334
20280,2025,3.52,,4.14,4.44,
20291,2010,13.0,,,,
20291,2011,12.99,13.0,,,
20291,2012,12.85,12.99,13.0,,
20291,2013,12.21,12.85,12.99,13.0,12.946666666666667
20291,2014,11.88,12.21,12.85,12.99,12.683333333333332
20291,2015,12.5,11.88,12.21,12.85,12.313333333333333
20291,2016,13.04,12.5,11.88,12.21,12.196666666666667
20291,2017,16.8,13.04,12.5,11.88,12.473333333333334
20291,2018,27.44,16.8,13.04,12.5,14.113333333333332
20291,2019,28.82,27.44,16.8,13.04,19.093333333333334
20291,2020,28.84,28.82,27.44,16.8,24.353333333333335
20291,2021,32.67,28.84,28.82,27.44,28.366666666666664
20291,2022,37.7,32.67,28.84,28.82,30.110000000000003
20291,2023,40.71,37.7,32.67,28.84,33.07
20291,2025,48.91,,40.71,37.7,
20293,2012,0.0,,,,
20293,2013,0.0,0.0,,,
20293,2014,11.56,0.0,0.0,,
20293,2015,11.64,11.56,0.0,0.0,3.8533333333333335
20293,2016,11.7,11.64,11.56,0.0,7.733333333333334
20293,2017,12.0,11.7,11.64,11.56,11.633333333333333
20293,2018,12.66,12.0,11.7,11.64,11.78
20293,2019,27.24,12.66,12.0,11.7,12.12
20293,2020,41.52,27.24,12.66,12.0,17.3
20293,2021,66.15,41.52,27.24,12.66,27.14
20293,2022,44.16,66.15,41.52,27.24,44.970000000000006
20293,2023,58.05,44.16,66.15,41.52,50.60999999999999
20293,2025,63.55,,58.05,44.16,
20294,2010,15.6,,,,
20294,2011,0.0,15.6,,,
20294,2012,5.0,0.0,15.6,,
20294,2013,11.5,5.0,0.0,15.6,6.866666666666667
20294,2014,22.88,11.5,5.0,0.0,5.5
20294,2015,33.6,22.88,11.5,5.0,13.126666666666665
20294,2016,34.08,33.6,22.88,11.5,22.66
20294,2017,36.9,34.08,33.6,22.88,30.186666666666667
20294,2018,47.25,36.9,34.08,33.6,34.86000000000001
20294,2019,62.84,47.25,36.9,34.08,39.41
20294,2020,57.52,62.84,47.25,36.9,48.99666666666667
20294,2021,51.24,57.52,62.84,47.25,55.870000000000005
20294,2022,49.91,51.24,57.52,62.84,57.199999999999996
20294,2023,114.84,49.91,51.24,57.52,52.88999999999999
20294,2025,98.4,,114.84,49.91,
20295,2013,17.48,,,,
20295,2014,17.46,17.48,,,
20295,2015,17.55,17.46,17.48,,
20295,2016,17.64,17.55,17.46,17.48,17.496666666666666
20295,2017,18.66,17.64,17.55,17.46,17.55
20295,2018,27.6,18.66,17.64,17.55,17.95
20295,2019,33.66,27.6,18.66,17.64,21.3
20295,2020,49.21,33.66,27.6,18.66,26.64
20295,2021,73.53,49.21,33.66,27.6,36.82333333333333
20295,2022,59.33,73.53,49.21,33.66,52.133333333333326
20295,2023,176.2,59.33,73.53,49.21,60.69
20295,2025,184.5,,176.2,59.33,
20298,2003,48.0,,,,
20298,2004,20.0,48.0,,,
20299,2016,0.0,,,,
20299,2017,0.0,0.0,,,
20299,2018,0.0,0.0,0.0,,
20299,2019,4.38,0.0,0.0,0.0,0.0
20299,2020,4.47,4.38,0.0,0.0,1.46
20299,2021,4.56,4.47,4.38,0.0,2.9499999999999997
20299,2022,4.86,4.56,4.47,4.38,4.47
20299,2023,4.68,4.86,4.56,4.47,4.63
20299,2025,23.95,,4.68,4.86,
20301,2013,0.0,,,,
20301,2014,0.0,0.0,,,
20301,2015,5.77,0.0,0.0,,
20301,2016,5.8,5.77,0.0,0.0,1.9233333333333331
20301,2017,6.0,5.8,5.77,0.0,3.856666666666667
20301,2018,6.25,6.0,5.8,5.77,5.8566666666666665
20301,2019,13.95,6.25,6.0,5.8,6.016666666666667
20301,2020,36.15,13.95,6.25,6.0,8.733333333333333
20301,2021,36.8,36.15,13.95,6.25,18.78333333333333
20301,2022,23.16,36.8,36.15,13.95,28.96666666666667
20301,2023,52.26,23.16,36.8,36.15,32.03666666666667
20301,2025,53.3,,52.26,23.16,
20311,2004,11.05,,,,
20311,2005,12.24,11.05,,,
20311,2006,10.84,12.24,11.05,,
20311,2007,12.0,10.84,12.24,11.05,11.376666666666667
20311,2008,12.0,12.0,10.84,12.24,11.693333333333333
20311,2009,12.4,12.0,12.0,10.84,11.613333333333332
20311,2010,12.8,12.4,12.0,12.0,12.133333333333335
20311,2011,12.64,12.8,12.4,12.0,12.4
20311,2012,12.25,12.64,12.8,12.4,12.613333333333335
20311,2013,12.42,12.25,12.64,12.8,12.563333333333333
20311,2014,10.98,12.42,12.25,12.64,12.436666666666667
20311,2015,11.9,10.98,12.42,12.25,11.883333333333333
20311,2016,10.91,11.9,10.98,12.42,11.766666666666666
20311,2017,11.8,10.91,11.9,10.98,11.263333333333334
20311,2018,12.36,11.8,10.91,11.9,11.536666666666667
20311,2019,11.6,12.36,11.8,10.91,11.69
20311,2020,11.56,11.6,12.36,11.8,11.92
20311,2021,11.44,11.56,11.6,12.36,11.839999999999998
20311,2022,12.0,11.44,11.56,11.6,11.533333333333333
20311,2023,14.6,12.0,11.44,11.56,11.666666666666666
20311,2025,13.2,,14.6,12.0,
20317,2013,0.0,,,,
20317,2014,0.0,0.0,,,
20317,2015,0.0,0.0,0.0,,
20317,2016,0.0,0.0,0.0,0.0,0.0
20317,2017,1.3,0.0,0.0,0.0,0.0
20317,2018,1.8,1.3,0.0,0.0,0.43333333333333335
20317,2019,1.95,1.8,1.3,0.0,1.0333333333333334
20317,2020,2.2,1.95,1.8,1.3,1.6833333333333333
20317,2021,4.76,2.2,1.95,1.8,1.9833333333333334
20317,2022,4.85,4.76,2.2,1.95,2.97
20317,2023,7.35,4.85,4.76,2.2,3.936666666666666
20317,2025,8.22,,7.35,4.85,
20320,2016,15.3,,,,
20320,2017,15.8,15.3,,,
20320,2018,22.0,15.8,15.3,,
20320,2019,27.3,22.0,15.8,15.3,17.7
20320,2020,27.99,27.3,22.0,15.8,21.7
20320,2021,46.65,27.99,27.3,22.0,25.763333333333332
20320,2022,46.5,46.65,27.99,27.3,33.98
20320,2023,50.99,46.5,46.65,27.99,40.38
20320,2025,30.14,,50.99,46.5,
20322,2003,21.0,,,,
20322,2004,5.65,21.0,,,
20322,2005,6.18,5.65,21.0,,
20322,2006,5.58,6.18,5.65,21.0,10.943333333333333
20322,2007,6.2,5.58,6.18,5.65,5.803333333333334
20322,2009,6.2,,6.2,5.58,
20322,2010,5.8,6.2,,6.2,
20322,2011,5.74,5.8,6.2,,
20322,2012,10.49,5.74,5.8,6.2,5.913333333333334
20322,2013,10.82,10.49,5.74,5.8,7.343333333333334
20322,2014,12.67,10.82,10.49,5.74,9.016666666666667
20322,2015,12.71,12.67,10.82,10.49,11.326666666666668
20322,2016,18.21,12.71,12.67,10.82,12.066666666666668
20322,2017,19.19,18.21,12.71,12.67,14.530000000000001
20322,2018,19.29,19.19,18.21,12.71,16.703333333333333
20322,2019,19.46,19.29,19.19,18.21,18.896666666666665
20322,2020,18.18,19.46,19.29,19.19,19.313333333333333
20322,2021,19.48,18.18,19.46,19.29,18.97666666666667
20322,2022,20.8,19.48,18.18,19.46,19.04
20322,2023,25.35,20.8,19.48,18.18,19.486666666666665
20322,2025,34.24,,25.35,20.8,
20323,2019,2.02,,,,
20323,2020,2.28,2.02,,,
20323,2021,2.33,2.28,2.02,,
20323,2022,2.3,2.33,2.28,2.02,2.21
20323,2023,2.34,2.3,2.33,2.28,2.3033333333333332
20323,2025,7.85,,2.34,2.3,
20325,2017,0.0,,,,
20325,2018,0.0,0.0,,,
20325,2019,0.0,0.0,0.0,,
20325,2020,43.98,0.0,0.0,0.0,0.0
20325,2021,44.58,43.98,0.0,0.0,14.659999999999998
20325,2022,42.25,44.58,43.98,0.0,29.52
20325,2023,63.59,42.25,44.58,43.98,43.60333333333333
20325,2025,78.8,,63.59,42.25,
20326,2004,11.85,,,,
20326,2005,13.08,11.85,,,
20326,2006,11.96,13.08,11.85,,
20326,2007,12.8,11.96,13.08,11.85,12.296666666666667
20326,2008,13.2,12.8,11.96,13.08,12.613333333333335
20326,2009,12.8,13.2,12.8,11.96,12.653333333333334
20326,2010,13.2,12.8,13.2,12.8,12.933333333333332
20326,2011,13.12,13.2,12.8,13.2,13.066666666666668
20326,2012,13.03,13.12,13.2,12.8,13.04
20326,2013,13.3,13.03,13.12,13.2,13.116666666666665
20326,2014,12.3,13.3,13.03,13.12,13.15
20326,2015,12.77,12.3,13.3,13.03,12.876666666666667
20326,2016,12.58,12.77,12.3,13.3,12.790000000000001
20326,2017,12.81,12.58,12.77,12.3,12.549999999999999
20326,2018,12.77,12.81,12.58,12.77,12.719999999999999
20326,2019,12.44,12.77,12.81,12.58,12.719999999999999
20326,2020,12.48,12.44,12.77,12.81,12.673333333333334
20326,2021,12.56,12.48,12.44,12.77,12.563333333333333
20326,2022,12.6,12.56,12.48,12.44,12.493333333333334
20326,2023,15.2,12.6,12.56,12.48,12.546666666666667
20326,2025,12.32,,15.2,12.6,
20329,2016,0.0,,,,
20329,2017,0.0,0.0,,,
20329,2018,0.0,0.0,0.0,,
20329,2019,0.0,0.0,0.0,0.0,0.0
20329,2020,7.57,0.0,0.0,0.0,0.0
20329,2021,10.12,7.57,0.0,0.0,2.5233333333333334
20329,2022,9.86,10.12,7.57,0.0,5.896666666666666
20329,2023,10.03,9.86,10.12,7.57,9.183333333333332
20329,2025,12.06,,10.03,9.86,
20330,2008,0.0,,,,
20330,2009,0.0,0.0,,,
20330,2010,0.0,0.0,0.0,,
20330,2011,0.0,0.0,0.0,0.0,0.0
20330,2012,6.26,0.0,0.0,0.0,0.0
20330,2013,6.25,6.26,0.0,0.0,2.0866666666666664
20330,2014,5.73,6.25,6.26,0.0,4.17
20330,2015,5.92,5.73,6.25,6.26,6.080000000000001
20330,2016,5.98,5.92,5.73,6.25,5.966666666666666
20330,2017,5.95,5.98,5.92,5.73,5.876666666666668
20330,2018,6.58,5.95,5.98,5.92,5.95
20330,2019,6.36,6.58,5.95,5.98,6.170000000000001
20330,2020,6.4,6.36,6.58,5.95,6.296666666666667
20330,2021,6.0,6.4,6.36,6.58,6.446666666666668
20330,2022,6.44,6.0,6.4,6.36,6.253333333333333
20330,2023,7.7,6.44,6.0,6.4,6.28
20330,2025,7.04,,7.7,6.44,
20335,2003,12.0,,,,
20335,2004,10.65,12.0,,,
20335,2005,10.26,10.65,12.0,,
20335,2006,16.0,10.26,10.65,12.0,10.969999999999999
20335,2007,16.0,16.0,10.26,10.65,12.303333333333333
20335,2008,16.0,16.0,16.0,10.26,14.086666666666668
20335,2009,16.0,16.0,16.0,16.0,16.0
20335,2010,16.2,16.0,16.0,16.0,16.0
20335,2011,16.01,16.2,16.0,16.0,16.066666666666666
20335,2012,15.98,16.01,16.2,16.0,16.070000000000004
20335,2013,16.03,15.98,16.01,16.2,16.063333333333336
20335,2014,15.96,16.03,15.98,16.01,16.006666666666668
20335,2015,15.88,15.96,16.03,15.98,15.990000000000002
20335,2016,15.52,15.88,15.96,16.03,15.956666666666669
20335,2017,16.32,15.52,15.88,15.96,15.786666666666667
20335,2018,17.78,16.32,15.52,15.88,15.906666666666666
20335,2019,17.56,17.78,16.32,15.52,16.54
20335,2020,16.8,17.56,17.78,16.32,17.22
20335,2021,16.6,16.8,17.56,17.78,17.38
20335,2022,16.68,16.6,16.8,17.56,16.986666666666668
20335,2023,16.4,16.68,16.6,16.8,16.693333333333335
20335,2025,14.6,,16.4,16.68,
20336,2019,8.25,,,,
20336,2020,8.38,8.25,,,
20336,2021,8.55,8.38,8.25,,
20336,2022,20.59,8.55,8.38,8.25,8.393333333333333
20336,2023,21.1,20.59,8.55,8.38,12.506666666666668
20336,2025,88.32,,21.1,20.59,
20337,2003,40.0,,,,
20337,2004,35.5,40.0,,,
20337,2005,34.2,35.5,40.0,,
20337,2006,40.0,34.2,35.5,40.0,36.56666666666667
20337,2007,40.0,40.0,34.2,35.5,36.56666666666667
20337,2008,40.0,40.0,40.0,34.2,38.06666666666667
20337,2009,40.0,40.0,40.0,40.0,40.0
20337,2010,40.4,40.0,40.0,40.0,40.0
20337,2011,40.02,40.4,40.0,40.0,40.13333333333333
20337,2012,40.5,40.02,40.4,40.0,40.14
20337,2013,75.0,40.5,40.02,40.4,40.306666666666665
20337,2014,77.8,75.0,40.5,40.02,51.84
20337,2015,78.2,77.8,75.0,40.5,64.43333333333334
20337,2016,73.0,78.2,77.8,75.0,77.0
20337,2017,83.0,73.0,78.2,77.8,76.33333333333333
20337,2018,76.95,83.0,73.0,78.2,78.06666666666666
20337,2019,83.9,76.95,83.0,73.0,77.64999999999999
20337,2020,88.65,83.9,76.95,83.0,81.28333333333335
20337,2021,91.15,88.65,83.9,76.95,83.16666666666667
20337,2022,100.48,91.15,88.65,83.9,87.90000000000002
20337,2023,103.74,100.48,91.15,88.65,93.42666666666666
20337,2025,142.4,,103.74,100.48,
20347,2017,0.0,,,,
20347,2018,0.0,0.0,,,
20347,2019,4.35,0.0,0.0,,
20347,2020,13.73,4.35,0.0,0.0,1.45
20347,2021,14.15,13.73,4.35,0.0,6.026666666666666
20347,2022,15.99,14.15,13.73,4.35,10.743333333333334
20347,2023,15.55,15.99,14.15,13.73,14.623333333333333
20347,2025,25.46,,15.55,15.99,
20351,2010,6.8,,,,
20351,2011,6.5,6.8,,,
20351,2012,6.55,6.5,6.8,,
20351,2013,6.52,6.55,6.5,6.8,6.616666666666667
20351,2014,6.4,6.52,6.55,6.5,6.523333333333333
20351,2015,6.15,6.4,6.52,6.55,6.489999999999999
20351,2016,6.38,6.15,6.4,6.52,6.3566666666666665
20351,2017,6.51,6.38,6.15,6.4,6.31
20351,2018,8.03,6.51,6.38,6.15,6.346666666666667
20351,2019,9.29,8.03,6.51,6.38,6.973333333333334
20351,2020,9.66,9.29,8.03,6.51,7.9433333333333325
20351,2021,10.44,9.66,9.29,8.03,8.993333333333332
20351,2022,11.55,10.44,9.66,9.29,9.796666666666667
20351,2023,11.85,11.55,10.44,9.66,10.55
20351,2025,14.07,,11.85,11.55,
20353,2010,6.5,,,,
20353,2011,6.51,6.5,,,
20353,2012,6.45,6.51,6.5,,
20353,2013,6.16,6.45,6.51,6.5,6.486666666666667
20353,2014,6.01,6.16,6.45,6.51,6.373333333333334
20353,2015,6.22,6.01,6.16,6.45,6.206666666666667
20353,2016,6.14,6.22,6.01,6.16,6.13
20353,2017,6.23,6.14,6.22,6.01,6.123333333333334
20353,2018,6.53,6.23,6.14,6.22,6.196666666666666
20353,2019,7.81,6.53,6.23,6.14,6.3
20353,2020,7.4,7.81,6.53,6.23,6.8566666666666665
20353,2021,8.53,7.4,7.81,6.53,7.246666666666666
20353,2022,9.53,8.53,7.4,7.81,7.913333333333334
20353,2023,9.49,9.53,8.53,7.4,8.486666666666666
20353,2025,13.07,,9.49,9.53,
20354,2008,0.0,,,,
20354,2009,0.0,0.0,,,
20354,2010,0.0,0.0,0.0,,
20354,2011,0.0,0.0,0.0,0.0,0.0
20354,2012,9.46,0.0,0.0,0.0,0.0
20354,2013,9.11,9.46,0.0,0.0,3.1533333333333338
20354,2014,9.03,9.11,9.46,0.0,6.19
20354,2015,8.92,9.03,9.11,9.46,9.200000000000001
20354,2016,9.4,8.92,9.03,9.11,9.02
20354,2017,9.45,9.4,8.92,9.03,9.116666666666667
20354,2018,9.62,9.45,9.4,8.92,9.256666666666666
20354,2019,9.78,9.62,9.45,9.4,9.49
20354,2020,9.51,9.78,9.62,9.45,9.616666666666667
20354,2021,9.36,9.51,9.78,9.62,9.636666666666665
20354,2022,9.6,9.36,9.51,9.78,9.549999999999999
20354,2023,11.4,9.6,9.36,9.51,9.49
20354,2025,10.5,,11.4,9.6,
20355,2004,10.89,,,,
20355,2005,12.2,10.89,,,
20355,2006,10.84,12.2,10.89,,
20355,2007,12.0,10.84,12.2,10.89,11.31
20355,2008,0.0,12.0,10.84,12.2,11.68
20355,2009,0.0,0.0,12.0,10.84,7.613333333333333
20355,2010,0.0,0.0,0.0,12.0,4.0
20355,2011,0.0,0.0,0.0,0.0,0.0
20355,2012,12.43,0.0,0.0,0.0,0.0
20355,2013,12.1,12.43,0.0,0.0,4.1433333333333335
20355,2014,11.73,12.1,12.43,0.0,8.176666666666668
20355,2015,11.79,11.73,12.1,12.43,12.086666666666666
20355,2016,11.89,11.79,11.73,12.1,11.873333333333333
20355,2017,12.46,11.89,11.79,11.73,11.803333333333333
20355,2018,12.97,12.46,11.89,11.79,12.046666666666667
20355,2019,12.12,12.97,12.46,11.89,12.440000000000003
20355,2020,12.24,12.12,12.97,12.46,12.516666666666667
20355,2021,12.48,12.24,12.12,12.97,12.443333333333333
20355,2022,12.4,12.48,12.24,12.12,12.280000000000001
20355,2023,14.0,12.4,12.48,12.24,12.373333333333335
20355,2025,12.67,,14.0,12.4,
20358,2003,162.0,,,,
20358,2004,112.0,162.0,,,
20359,2019,0.0,,,,
20359,2020,0.0,0.0,,,
20359,2021,0.0,0.0,0.0,,
20359,2022,2.75,0.0,0.0,0.0,0.0
20359,2023,2.7,2.75,0.0,0.0,0.9166666666666666
20359,2025,25.52,,2.7,2.75,
20362,2017,0.0,,,,
20362,2018,0.0,0.0,,,
20362,2019,4.23,0.0,0.0,,
20362,2020,9.15,4.23,0.0,0.0,1.4100000000000001
20362,2021,11.12,9.15,4.23,0.0,4.46
20362,2022,12.26,11.12,9.15,4.23,8.166666666666666
20362,2023,14.35,12.26,11.12,9.15,10.843333333333334
20362,2025,14.41,,14.35,12.26,
20363,2004,3.55,,,,
20363,2005,3.42,3.55,,,
20363,2006,4.0,3.42,3.55,,
20363,2007,4.0,4.0,3.42,3.55,3.6566666666666663
20363,2008,4.0,4.0,4.0,3.42,3.8066666666666666
20363,2009,4.0,4.0,4.0,4.0,4.0
20363,2010,4.1,4.0,4.0,4.0,4.0
20363,2011,4.0,4.1,4.0,4.0,4.033333333333333
20363,2012,3.99,4.0,4.1,4.0,4.033333333333333
20363,2013,4.03,3.99,4.0,4.1,4.03
20363,2014,3.95,4.03,3.99,4.0,4.006666666666667
20363,2015,3.97,3.95,4.03,3.99,3.99
20363,2016,4.05,3.97,3.95,4.03,3.983333333333334
20363,2017,4.11,4.05,3.97,3.95,3.9899999999999998
20363,2018,5.53,4.11,4.05,3.97,4.043333333333334
20363,2019,5.61,5.53,4.11,4.05,4.5633333333333335
20363,2020,4.87,5.61,5.53,4.11,5.083333333333333
20363,2021,4.93,4.87,5.61,5.53,5.336666666666667
20363,2022,5.82,4.93,4.87,5.61,5.136666666666667
20363,2023,5.12,5.82,4.93,4.87,5.206666666666667
20363,2025,4.38,,5.12,5.82,
20365,2007,40.0,,,,
20370,2018,0.0,,,,
20370,2019,0.0,0.0,,,
20370,2020,0.0,0.0,0.0,,
20370,2021,0.0,0.0,0.0,0.0,0.0
20370,2022,0.0,0.0,0.0,0.0,0.0
20370,2023,4.03,0.0,0.0,0.0,0.0
20370,2025,8.22,,4.03,0.0,
20374,2013,0.0,,,,
20374,2014,0.0,0.0,,,
20374,2015,0.0,0.0,0.0,,
20374,2016,0.0,0.0,0.0,0.0,0.0
20374,2017,62.55,0.0,0.0,0.0,0.0
20374,2018,62.86,62.55,0.0,0.0,20.849999999999998
20374,2019,61.19,62.86,62.55,0.0,41.803333333333335
20374,2020,58.3,61.19,62.86,62.55,62.199999999999996
20374,2021,60.94,58.3,61.19,62.86,60.78333333333333
20374,2022,66.0,60.94,58.3,61.19,60.14333333333334
20374,2023,105.6,66.0,60.94,58.3,61.74666666666667
20374,2025,149.08,,105.6,66.0,
20377,2018,0.0,,,,
20377,2019,0.0,0.0,,,
20377,2020,0.0,0.0,0.0,,
20377,2021,0.0,0.0,0.0,0.0,0.0
20377,2022,0.0,0.0,0.0,0.0,0.0
20377,2023,0.0,0.0,0.0,0.0,0.0
20377,2025,12.07,,0.0,0.0,
20378,2015,0.0,,,,
20378,2016,0.0,0.0,,,
20378,2017,0.0,0.0,0.0,,
20378,2018,12.4,0.0,0.0,0.0,0.0
20378,2019,32.2,12.4,0.0,0.0,4.133333333333334
20378,2020,34.68,32.2,12.4,0.0,14.866666666666667
20378,2021,49.7,34.68,32.2,12.4,26.426666666666666
20378,2022,44.82,49.7,34.68,32.2,38.86
20378,2023,143.93,44.82,49.7,34.68,43.06666666666666
20378,2025,151.7,,143.93,44.82,
20379,2013,0.0,,,,
20379,2014,0.0,0.0,,,
20379,2015,0.0,0.0,0.0,,
20379,2025,5.48,,,,
20383,2018,0.0,,,,
20383,2019,0.0,0.0,,,
20383,2020,0.0,0.0,0.0,,
20383,2021,0.0,0.0,0.0,0.0,0.0
20383,2022,0.0,0.0,0.0,0.0,0.0
20383,2023,0.0,0.0,0.0,0.0,0.0
20383,2025,49.32,,0.0,0.0,
20386,2017,0.0,,,,
20386,2018,0.0,0.0,,,
20386,2019,0.0,0.0,0.0,,
20386,2020,16.05,0.0,0.0,0.0,0.0
20386,2021,16.78,16.05,0.0,0.0,5.3500000000000005
20386,2022,16.93,16.78,16.05,0.0,10.943333333333333
20386,2023,21.9,16.93,16.78,16.05,16.58666666666667
20386,2025,42.25,,21.9,16.93,
20388,2006,25.0,,,,
20388,2007,20.0,25.0,,,
20388,2008,41.36,20.0,25.0,,
20388,2009,35.0,41.36,20.0,25.0,28.786666666666665
20388,2010,38.5,35.0,41.36,20.0,32.12
20388,2011,36.4,38.5,35.0,41.36,38.28666666666667
20388,2012,39.83,36.4,38.5,35.0,36.63333333333333
20388,2013,28.6,39.83,36.4,38.5,38.24333333333333
20388,2014,28.52,28.6,39.83,36.4,34.943333333333335
20388,2015,28.25,28.52,28.6,39.83,32.31666666666667
20388,2016,34.14,28.25,28.52,28.6,28.456666666666667
20388,2017,37.5,34.14,28.25,28.52,30.30333333333333
20388,2018,52.0,37.5,34.14,28.25,33.296666666666674
20388,2019,61.38,52.0,37.5,34.14,41.21333333333334
20388,2020,70.12,61.38,52.0,37.5,50.29333333333333
20388,2021,85.8,70.12,61.38,52.0,61.166666666666664
20388,2022,72.9,85.8,70.12,61.38,72.43333333333334
20388,2023,265.92,72.9,85.8,70.12,76.27333333333334
20388,2025,278.8,,265.92,72.9,
20391,2012,0.0,,,,
20391,2013,0.0,0.0,,,
20391,2014,0.0,0.0,0.0,,
20391,2015,19.42,0.0,0.0,0.0,0.0
20391,2016,20.72,19.42,0.0,0.0,6.473333333333334
20391,2017,21.02,20.72,19.42,0.0,13.38
20391,2018,21.68,21.02,20.72,19.42,20.386666666666667
20391,2019,22.64,21.68,21.02,20.72,21.14
20391,2020,23.43,22.64,21.68,21.02,21.78
20391,2021,23.6,23.43,22.64,21.68,22.583333333333332
20391,2022,25.01,23.6,23.43,22.64,23.223333333333333
20391,2023,25.12,25.01,23.6,23.43,24.013333333333332
20391,2025,25.81,,25.12,25.01,
20392,2018,0.0,,,,
20392,2019,0.0,0.0,,,
20392,2020,0.0,0.0,0.0,,
20392,2021,0.0,0.0,0.0,0.0,0.0
20392,2022,0.0,0.0,0.0,0.0,0.0
20392,2023,16.02,0.0,0.0,0.0,0.0
20392,2025,54.8,,16.02,0.0,
20394,2016,0.0,,,,
20394,2017,0.0,0.0,,,
20394,2018,0.0,0.0,0.0,,
20394,2019,9.85,0.0,0.0,0.0,0.0
20394,2020,11.15,9.85,0.0,0.0,3.283333333333333
20394,2021,11.25,11.15,9.85,0.0,7.0
20394,2022,11.35,11.25,11.15,9.85,10.75
20394,2023,11.65,11.35,11.25,11.15,11.25
20394,2025,40.82,,11.65,11.35,
20397,2018,0.0,,,,
20397,2019,0.0,0.0,,,
20397,2020,0.0,0.0,0.0,,
20397,2021,0.0,0.0,0.0,0.0,0.0
20397,2022,0.0,0.0,0.0,0.0,0.0
20397,2023,0.0,0.0,0.0,0.0,0.0
20397,2025,10.96,,0.0,0.0,
20400,2010,8.6,,,,
20400,2011,9.43,8.6,,,
20400,2012,9.43,9.43,8.6,,
20400,2013,6.45,9.43,9.43,8.6,9.153333333333334
20400,2014,8.15,6.45,9.43,9.43,8.436666666666666
20400,2015,8.4,8.15,6.45,9.43,8.01
20400,2016,6.9,8.4,8.15,6.45,7.666666666666667
20400,2017,5.65,6.9,8.4,8.15,7.816666666666667
20400,2018,5.45,5.65,6.9,8.4,6.983333333333333
20400,2019,5.65,5.45,5.65,6.9,6.0
20400,2020,5.8,5.65,5.45,5.65,5.583333333333333
20400,2021,9.11,5.8,5.65,5.45,5.633333333333333
20400,2022,12.1,9.11,5.8,5.65,6.853333333333333
20400,2023,13.99,12.1,9.11,5.8,9.003333333333332
20400,2025,18.86,,13.99,12.1,
20405,2003,69.5,,,,
20405,2004,59.7,69.5,,,
20405,2005,58.9,59.7,69.5,,
20405,2006,173.8,58.9,59.7,69.5,62.699999999999996
20405,2007,54.0,173.8,58.9,59.7,97.46666666666665
20405,2008,50.0,54.0,173.8,58.9,95.56666666666668
20405,2009,60.0,50.0,54.0,173.8,92.60000000000001
20405,2010,85.0,60.0,50.0,54.0,54.666666666666664
20405,2011,81.5,85.0,60.0,50.0,65.0
20405,2012,62.5,81.5,85.0,60.0,75.5
20405,2013,60.0,62.5,81.5,85.0,76.33333333333333
20405,2014,55.0,60.0,62.5,81.5,68.0
20405,2015,50.0,55.0,60.0,62.5,59.166666666666664
20405,2016,37.1,50.0,55.0,60.0,55.0
20405,2017,33.7,37.1,50.0,55.0,47.36666666666667
20405,2018,30.3,33.7,37.1,50.0,40.26666666666667
20405,2019,30.75,30.3,33.7,37.1,33.7
20405,2020,30.88,30.75,30.3,33.7,31.583333333333332
20405,2021,31.12,30.88,30.75,30.3,30.643333333333334
20405,2022,31.51,31.12,30.88,30.75,30.916666666666668
20405,2023,33.29,31.51,31.12,30.88,31.17
20405,2025,34.4,,33.29,31.51,
20410,2004,360.0,,,,
20410,2005,475.0,360.0,,,
20410,2006,700.0,475.0,360.0,,
20410,2007,800.0,700.0,475.0,360.0,511.6666666666667
20410,2008,1140.0,800.0,700.0,475.0,658.3333333333334
20410,2009,800.0,1140.0,800.0,700.0,880.0
20410,2010,925.0,800.0,1140.0,800.0,913.3333333333334
20410,2011,1035.0,925.0,800.0,1140.0,955.0
20410,2012,1131.6,1035.0,925.0,800.0,920.0
20410,2013,1371.0,1131.6,1035.0,925.0,1030.5333333333333
20410,2014,1721.98,1371.0,1131.6,1035.0,1179.2
20410,2015,1833.3,1721.98,1371.0,1131.6,1408.1933333333334
20410,2016,1891.5,1833.3,1721.98,1371.0,1642.0933333333332
20410,2017,1920.6,1891.5,1833.3,1721.98,1815.5933333333332
20410,2018,1979.6,1920.6,1891.5,1833.3,1881.8
20410,2019,2234.31,1979.6,1920.6,1891.5,1930.5666666666666
20410,2020,2544.78,2234.31,1979.6,1920.6,2044.8366666666664
20410,2021,3123.69,2544.78,2234.31,1979.6,2252.896666666667
20410,2022,3154.16,3123.69,2544.78,2234.31,2634.2599999999998
20410,2023,3177.58,3154.16,3123.69,2544.78,2940.876666666667
20410,2025,2073.66,,3177.58,3154.16,
20416,2007,0.0,,,,
20416,2009,0.0,,0.0,,
20416,2010,2.7,0.0,,0.0,
20416,2011,2.95,2.7,0.0,,
20416,2012,10.79,2.95,2.7,0.0,1.8833333333333335
20416,2013,10.62,10.79,2.95,2.7,5.4799999999999995
20416,2014,10.55,10.62,10.79,2.95,8.12
20416,2015,18.1,10.55,10.62,10.79,10.653333333333332
20416,2016,16.36,18.1,10.55,10.62,13.090000000000002
20416,2017,18.55,16.36,18.1,10.55,15.003333333333336
20416,2018,18.88,18.55,16.36,18.1,17.67
20416,2019,17.61,18.88,18.55,16.36,17.929999999999996
20416,2020,17.3,17.61,18.88,18.55,18.346666666666664
20416,2021,18.26,17.3,17.61,18.88,17.93
20416,2022,20.25,18.26,17.3,17.61,17.723333333333333
20416,2023,24.3,20.25,18.26,17.3,18.603333333333335
20416,2025,36.75,,24.3,20.25,
20424,2012,0.0,,,,
20424,2013,0.0,0.0,,,
20424,2014,0.0,0.0,0.0,,
20424,2015,24.68,0.0,0.0,0.0,0.0
20424,2016,25.91,24.68,0.0,0.0,8.226666666666667
20424,2017,26.29,25.91,24.68,0.0,16.863333333333333
20424,2018,29.12,26.29,25.91,24.68,25.626666666666665
20424,2019,36.0,29.12,26.29,25.91,27.106666666666666
20424,2020,42.9,36.0,29.12,26.29,30.47
20424,2021,45.49,42.9,36.0,29.12,36.00666666666667
20424,2022,46.66,45.49,42.9,36.0,41.46333333333334
20424,2023,46.1,46.66,45.49,42.9,45.01666666666667
20424,2025,47.57,,46.1,46.66,
20425,2003,21.0,,,,
20425,2004,5.96,21.0,,,
20425,2005,6.56,5.96,21.0,,
20425,2006,5.84,6.56,5.96,21.0,11.173333333333332
20425,2007,6.2,5.84,6.56,5.96,6.12
20425,2008,6.4,6.2,5.84,6.56,6.199999999999999
20425,2009,6.6,6.4,6.2,5.84,6.146666666666667
20425,2010,6.6,6.6,6.4,6.2,6.3999999999999995
20425,2011,6.44,6.6,6.6,6.4,6.533333333333334
20425,2012,6.39,6.44,6.6,6.6,6.546666666666667
20425,2013,6.33,6.39,6.44,6.6,6.476666666666667
20425,2014,5.85,6.33,6.39,6.44,6.386666666666667
20425,2015,25.51,5.85,6.33,6.39,6.19
20425,2016,48.54,25.51,5.85,6.33,12.563333333333333
20425,2017,64.5,48.54,25.51,5.85,26.633333333333336
20425,2018,65.63,64.5,48.54,25.51,46.18333333333334
20425,2019,63.14,65.63,64.5,48.54,59.55666666666667
20425,2020,62.160000000000004,63.14,65.63,64.5,64.42333333333333
20425,2021,63.1,62.160000000000004,63.14,65.63,63.643333333333324
20425,2022,67.54,63.1,62.160000000000004,63.14,62.800000000000004
20425,2023,96.02,67.54,63.1,62.160000000000004,64.26666666666667
20425,2025,194.34,,96.02,67.54,
20428,2006,0.0,,,,
20428,2007,0.0,0.0,,,
20428,2008,0.0,0.0,0.0,,
20428,2009,0.0,0.0,0.0,0.0,0.0
20428,2010,64.75,0.0,0.0,0.0,0.0
20428,2011,76.5,64.75,0.0,0.0,21.583333333333332
20428,2012,163.8,76.5,64.75,0.0,47.083333333333336
20428,2013,228.0,163.8,76.5,64.75,101.68333333333334
20428,2014,528.55,228.0,163.8,76.5,156.1
20428,2015,707.25,528.55,228.0,163.8,306.7833333333333
20428,2016,735.0,707.25,528.55,228.0,487.93333333333334
20428,2017,759.75,735.0,707.25,528.55,656.9333333333333
20428,2018,798.0,759.75,735.0,707.25,734.0
20428,2019,998.4,798.0,759.75,735.0,764.25
20428,2020,1136.16,998.4,798.0,759.75,852.0500000000001
20428,2021,1272.71,1136.16,998.4,798.0,977.52
20428,2022,1285.99,1272.71,1136.16,998.4,1135.7566666666667
20428,2023,1289.61,1285.99,1272.71,1136.16,1231.62
20428,2025,821.1,,1289.61,1285.99,
20429,2003,54.0,,,,
20429,2004,22.5,54.0,,,
20430,2018,0.0,,,,
20430,2019,1.15,0.0,,,
20430,2020,6.1,1.15,0.0,,
20430,2021,12.94,6.1,1.15,0.0,2.4166666666666665
20430,2022,16.0,12.94,6.1,1.15,6.7299999999999995
20430,2023,16.5,16.0,12.94,6.1,11.68
20430,2025,38.36,,16.5,16.0,
20431,2003,3.5,,,,
20431,2004,17.2,3.5,,,
20431,2005,18.96,17.2,3.5,,
20431,2006,16.98,18.96,17.2,3.5,13.219999999999999
20431,2007,18.6,16.98,18.96,17.2,17.713333333333335
20431,2009,18.6,,18.6,16.98,
20431,2010,17.4,18.6,,18.6,
20431,2011,17.94,17.4,18.6,,
20431,2012,20.92,17.94,17.4,18.6,17.98
20431,2013,21.08,20.92,17.94,17.4,18.753333333333334
20431,2014,20.07,21.08,20.92,17.94,19.98
20431,2015,20.56,20.07,21.08,20.92,20.69
20431,2016,18.74,20.56,20.07,21.08,20.57
20431,2017,20.96,18.74,20.56,20.07,19.789999999999996
20431,2018,21.24,20.96,18.74,20.56,20.08666666666667
20431,2019,21.06,21.24,20.96,18.74,20.313333333333333
20431,2020,21.0,21.06,21.24,20.96,21.08666666666667
20431,2021,21.0,21.0,21.06,21.24,21.099999999999998
20431,2022,21.18,21.0,21.0,21.06,21.02
20431,2023,24.0,21.18,21.0,21.0,21.06
20431,2025,96.38,,24.0,21.18,
20432,2003,4.0,,,,
20432,2004,3.55,4.0,,,
20432,2005,3.42,3.55,4.0,,
20432,2006,4.0,3.42,3.55,4.0,3.6566666666666663
20432,2007,4.0,4.0,3.42,3.55,3.6566666666666663
20432,2008,4.0,4.0,4.0,3.42,3.8066666666666666
20432,2009,4.0,4.0,4.0,4.0,4.0
20432,2010,4.13,4.0,4.0,4.0,4.0
20432,2011,3.99,4.13,4.0,4.0,4.043333333333333
20432,2012,4.0,3.99,4.13,4.0,4.04
20432,2013,4.01,4.0,3.99,4.13,4.04
20432,2014,3.9,4.01,4.0,3.99,4.0
20432,2015,3.95,3.9,4.01,4.0,3.97
20432,2016,4.06,3.95,3.9,4.01,3.953333333333333
20432,2017,4.17,4.06,3.95,3.9,3.97
20432,2018,4.72,4.17,4.06,3.95,4.06
20432,2019,4.51,4.72,4.17,4.06,4.316666666666666
20432,2020,4.65,4.51,4.72,4.17,4.466666666666666
20432,2021,4.7,4.65,4.51,4.72,4.626666666666666
20432,2022,4.72,4.7,4.65,4.51,4.62
20432,2023,4.39,4.72,4.7,4.65,4.69
20432,2025,3.52,,4.39,4.72,
20434,2003,28.0,,,,
20434,2004,60.0,28.0,,,
20434,2005,64.6,60.0,28.0,,
20434,2006,58.6,64.6,60.0,28.0,50.86666666666667
20434,2007,62.0,58.6,64.6,60.0,61.06666666666666
20434,2009,60.0,,62.0,58.6,
20434,2010,72.5,60.0,,62.0,
20434,2011,74.0,72.5,60.0,,
20434,2012,91.05,74.0,72.5,60.0,68.83333333333333
20434,2013,98.0,91.05,74.0,72.5,79.18333333333334
20434,2014,98.07,98.0,91.05,74.0,87.68333333333334
20434,2015,175.79,98.07,98.0,91.05,95.70666666666666
20434,2016,196.45,175.79,98.07,98.0,123.95333333333332
20434,2017,233.03,196.45,175.79,98.07,156.76999999999998
20434,2018,233.26999999999998,233.03,196.45,175.79,201.75666666666666
20434,2019,431.78,233.26999999999998,233.03,196.45,220.91666666666666
20434,2020,431.6,431.78,233.26999999999998,233.03,299.35999999999996
20434,2021,432.43,431.6,431.78,233.26999999999998,365.55
20434,2022,421.55,432.43,431.6,431.78,431.93666666666667
20434,2023,526.97,421.55,432.43,431.6,428.5266666666667
20434,2025,975.39,,526.97,421.55,
20435,2003,60.0,,,,
20435,2004,14.2,60.0,,,
20435,2005,13.68,14.2,60.0,,
20435,2006,60.0,13.68,14.2,60.0,29.293333333333333
20435,2007,60.0,60.0,13.68,14.2,29.293333333333333
20435,2008,60.0,60.0,60.0,13.68,44.56
20435,2009,60.0,60.0,60.0,60.0,60.0
20435,2010,60.45,60.0,60.0,60.0,60.0
20435,2011,60.02,60.45,60.0,60.0,60.15
20435,2012,60.75,60.02,60.45,60.0,60.156666666666666
20435,2013,67.5,60.75,60.02,60.45,60.406666666666666
20435,2014,58.95,67.5,60.75,60.02,62.75666666666666
20435,2015,59.25,58.95,67.5,60.75,62.4
20435,2016,53.25,59.25,58.95,67.5,61.9
20435,2017,66.06,53.25,59.25,58.95,57.15
20435,2018,59.32,66.06,53.25,59.25,59.52
20435,2019,60.04,59.32,66.06,53.25,59.54333333333333
20435,2020,66.08,60.04,59.32,66.06,61.806666666666665
20435,2021,69.04,66.08,60.04,59.32,61.81333333333333
20435,2022,68.88,69.04,66.08,60.04,65.05333333333333
20435,2023,72.12,68.88,69.04,66.08,68.0
20435,2025,85.18,,72.12,68.88,
20436,2011,0.0,,,,
20436,2012,0.0,0.0,,,
20436,2013,0.0,0.0,0.0,,
20436,2014,10.47,0.0,0.0,0.0,0.0
20436,2015,48.03,10.47,0.0,0.0,3.49
20436,2016,49.96,48.03,10.47,0.0,19.5
20436,2017,51.72,49.96,48.03,10.47,36.153333333333336
20436,2018,51.84,51.72,49.96,48.03,49.903333333333336
20436,2019,50.46,51.84,51.72,49.96,51.17333333333334
20436,2020,50.96,50.46,51.84,51.72,51.339999999999996
20436,2021,46.13,50.96,50.46,51.84,51.086666666666666
20436,2022,52.91,46.13,50.96,50.46,49.18333333333334
20436,2023,74.06,52.91,46.13,50.96,50.0
20436,2025,202.14,,74.06,52.91,
20437,2003,40.0,,,,
20437,2004,0.0,40.0,,,
20437,2005,0.0,0.0,40.0,,
20437,2006,20.0,0.0,0.0,40.0,13.333333333333334
20437,2007,20.0,20.0,0.0,0.0,6.666666666666667
20437,2008,21.0,20.0,20.0,0.0,13.333333333333334
20437,2009,20.0,21.0,20.0,20.0,20.333333333333332
20437,2010,20.1,20.0,21.0,20.0,20.333333333333332
20437,2011,19.9,20.1,20.0,21.0,20.366666666666667
20437,2012,20.5,19.9,20.1,20.0,20.0
20437,2013,20.0,20.5,19.9,20.1,20.166666666666668
20437,2014,19.5,20.0,20.5,19.9,20.133333333333333
20437,2015,19.4,19.5,20.0,20.5,20.0
20437,2016,18.0,19.4,19.5,20.0,19.633333333333333
20437,2017,36.51,18.0,19.4,19.5,18.966666666666665
20437,2018,36.98,36.51,18.0,19.4,24.636666666666667
20437,2019,37.82,36.98,36.51,18.0,30.496666666666666
20437,2020,38.26,37.82,36.98,36.51,37.10333333333333
20437,2021,40.1,38.26,37.82,36.98,37.68666666666667
20437,2022,48.99,40.1,38.26,37.82,38.72666666666667
20437,2023,49.21,48.99,40.1,38.26,42.45
20437,2025,120.22,,49.21,48.99,
20438,2003,7.0,,,,
20438,2004,5.93,7.0,,,
20438,2005,6.56,5.93,7.0,,
20438,2006,5.86,6.56,5.93,7.0,6.496666666666666
20438,2007,6.0,5.86,6.56,5.93,6.116666666666667
20438,2008,6.4,6.0,5.86,6.56,6.140000000000001
20438,2009,6.6,6.4,6.0,5.86,6.086666666666667
20438,2010,6.6,6.6,6.4,6.0,6.333333333333333
20438,2011,6.48,6.6,6.6,6.4,6.533333333333334
20438,2012,6.29,6.48,6.6,6.6,6.56
20438,2013,6.44,6.29,6.48,6.6,6.456666666666667
20438,2014,6.25,6.44,6.29,6.48,6.403333333333333
20438,2015,60.7,6.25,6.44,6.29,6.326666666666667
20438,2016,61.78,60.7,6.25,6.44,24.463333333333335
20438,2017,64.31,61.78,60.7,6.25,42.910000000000004
20438,2018,64.89,64.31,61.78,60.7,62.26333333333334
20438,2019,63.7,64.89,64.31,61.78,63.660000000000004
20438,2020,63.55,63.7,64.89,64.31,64.3
20438,2021,63.92,63.55,63.7,64.89,64.04666666666667
20438,2022,67.32,63.92,63.55,63.7,63.723333333333336
20438,2023,93.91,67.32,63.92,63.55,64.92999999999999
20438,2025,195.85,,93.91,67.32,
20445,2018,0.0,,,,
20445,2019,0.0,0.0,,,
20445,2020,0.0,0.0,0.0,,
20445,2021,0.0,0.0,0.0,0.0,0.0
20445,2022,0.0,0.0,0.0,0.0,0.0
20445,2023,8.03,0.0,0.0,0.0,0.0
20445,2025,10.96,,8.03,0.0,
20446,2013,0.0,,,,
20446,2014,0.0,0.0,,,
20446,2015,0.0,0.0,0.0,,
20446,2018,0.0,,,0.0,
20446,2019,0.0,0.0,,,
20446,2020,0.0,0.0,0.0,,
20446,2021,0.0,0.0,0.0,0.0,0.0
20446,2022,0.0,0.0,0.0,0.0,0.0
20446,2023,9.58,0.0,0.0,0.0,0.0
20446,2025,13.7,,9.58,0.0,
20448,2012,0.0,,,,
20448,2013,12.06,0.0,,,
20448,2014,12.25,12.06,0.0,,
20448,2015,24.65,12.25,12.06,0.0,8.103333333333333
20448,2016,24.95,24.65,12.25,12.06,16.32
20448,2017,18.75,24.95,24.65,12.25,20.616666666666664
20448,2018,28.48,18.75,24.95,24.65,22.78333333333333
20448,2019,36.19,28.48,18.75,24.95,24.060000000000002
20448,2020,37.52,36.19,28.48,18.75,27.80666666666666
20448,2021,45.24,37.52,36.19,28.48,34.06333333333333
20448,2022,45.76,45.24,37.52,36.19,39.650000000000006
20448,2023,46.74,45.76,45.24,37.52,42.84
20448,2025,65.89,,46.74,45.76,
20451,2020,4.48,,,,
20451,2021,5.86,4.48,,,
20451,2022,7.14,5.86,4.48,,
20451,2023,9.9,7.14,5.86,4.48,5.826666666666667
20451,2025,13.4,,9.9,7.14,
20454,2016,0.0,,,,
20454,2017,0.0,0.0,,,
20454,2018,0.0,0.0,0.0,,
20454,2019,8.24,0.0,0.0,0.0,0.0
20454,2020,8.76,8.24,0.0,0.0,2.7466666666666666
20454,2021,8.96,8.76,8.24,0.0,5.666666666666667
20454,2022,9.04,8.96,8.76,8.24,8.653333333333334
20454,2023,8.84,9.04,8.96,8.76,8.92
20454,2025,31.4,,8.84,9.04,
20457,2003,20.0,,,,
20457,2004,17.75,20.0,,,
20457,2005,17.1,17.75,20.0,,
20457,2006,20.0,17.1,17.75,20.0,18.283333333333335
20457,2007,20.0,20.0,17.1,17.75,18.283333333333335
20457,2008,20.0,20.0,20.0,17.1,19.033333333333335
20457,2009,20.0,20.0,20.0,20.0,20.0
20457,2010,20.6,20.0,20.0,20.0,20.0
20457,2011,20.0,20.6,20.0,20.0,20.2
20457,2012,19.9,20.0,20.6,20.0,20.2
20457,2013,19.94,19.9,20.0,20.6,20.166666666666668
20457,2014,19.75,19.94,19.9,20.0,19.94666666666667
20457,2015,19.85,19.75,19.94,19.9,19.863333333333333
20457,2016,18.45,19.85,19.75,19.94,19.846666666666668
20457,2017,18.7,18.45,19.85,19.75,19.35
20457,2018,20.29,18.7,18.45,19.85,19.0
20457,2019,20.6,20.29,18.7,18.45,19.146666666666665
20457,2020,20.5,20.6,20.29,18.7,19.863333333333333
20457,2021,20.45,20.5,20.6,20.29,20.463333333333335
20457,2022,20.35,20.45,20.5,20.6,20.51666666666667
20457,2023,19.5,20.35,20.45,20.5,20.433333333333334
20457,2025,17.95,,19.5,20.35,
20458,2016,0.0,,,,
20458,2017,0.0,0.0,,,
20458,2018,0.0,0.0,0.0,,
20458,2019,6.08,0.0,0.0,0.0,0.0
20458,2020,5.95,6.08,0.0,0.0,2.026666666666667
20458,2021,6.03,5.95,6.08,0.0,4.010000000000001
20458,2022,10.4,6.03,5.95,6.08,6.0200000000000005
20458,2023,10.58,10.4,6.03,5.95,7.460000000000001
20458,2025,43.18,,10.58,10.4,
20462,2010,8.6,,,,
20462,2011,8.86,8.6,,,
20462,2012,8.9,8.86,8.6,,
20462,2013,5.8,8.9,8.86,8.6,8.786666666666667
20462,2014,7.2,5.8,8.9,8.86,7.853333333333333
20462,2015,7.4,7.2,5.8,8.9,7.3
20462,2016,6.35,7.4,7.2,5.8,6.8
20462,2017,5.7,6.35,7.4,7.2,6.983333333333333
20462,2018,5.35,5.7,6.35,7.4,6.483333333333333
20462,2019,5.45,5.35,5.7,6.35,5.8
20462,2020,5.69,5.45,5.35,5.7,5.5
20462,2021,6.0,5.69,5.45,5.35,5.496666666666667
20462,2022,8.85,6.0,5.69,5.45,5.713333333333334
20462,2023,9.7,8.85,6.0,5.69,6.846666666666667
20462,2025,13.94,,9.7,8.85,
20469,2012,0.0,,,,
20469,2013,0.0,0.0,,,
20469,2014,0.0,0.0,0.0,,
20469,2015,0.0,0.0,0.0,0.0,0.0
20469,2016,0.0,0.0,0.0,0.0,0.0
20469,2017,0.0,0.0,0.0,0.0,0.0
20469,2018,0.0,0.0,0.0,0.0,0.0
20469,2019,0.0,0.0,0.0,0.0,0.0
20469,2020,5.1,0.0,0.0,0.0,0.0
20469,2021,14.55,5.1,0.0,0.0,1.7
20469,2022,30.8,14.55,5.1,0.0,6.55
20469,2023,36.18,30.8,14.55,5.1,16.816666666666666
20469,2025,82.0,,36.18,30.8,
20473,2003,35.0,,,,
20473,2004,31.95,35.0,,,
20473,2005,30.78,31.95,35.0,,
20473,2006,40.0,30.78,31.95,35.0,32.57666666666667
20473,2008,40.0,,40.0,30.78,
20473,2009,40.0,40.0,,40.0,
20473,2010,40.0,40.0,40.0,,
20473,2011,40.1,40.0,40.0,40.0,40.0
20473,2012,40.0,40.1,40.0,40.0,40.03333333333333
20473,2013,39.99,40.0,40.1,40.0,40.03333333333333
20473,2014,39.3,39.99,40.0,40.1,40.03
20473,2015,39.5,39.3,39.99,40.0,39.763333333333335
20473,2016,40.2,39.5,39.3,39.99,39.596666666666664
20473,2017,41.5,40.2,39.5,39.3,39.666666666666664
20473,2018,42.36,41.5,40.2,39.5,40.4
20473,2019,42.8,42.36,41.5,40.2,41.35333333333333
20473,2020,40.8,42.8,42.36,41.5,42.22
20473,2021,41.1,40.8,42.8,42.36,41.986666666666665
20473,2022,41.4,41.1,40.8,42.8,41.56666666666666
20473,2023,39.8,41.4,41.1,40.8,41.1
20473,2025,36.5,,39.8,41.4,
20475,2008,0.0,,,,
20475,2009,0.0,0.0,,,
20475,2010,6.0,0.0,0.0,,
20475,2011,0.0,6.0,0.0,0.0,2.0
20475,2012,0.0,0.0,6.0,0.0,2.0
20475,2013,6.02,0.0,0.0,6.0,2.0
20475,2014,12.15,6.02,0.0,0.0,2.0066666666666664
20475,2015,12.5,12.15,6.02,0.0,6.0566666666666675
20475,2016,10.95,12.5,12.15,6.02,10.223333333333334
20475,2017,12.83,10.95,12.5,12.15,11.866666666666667
20475,2018,13.11,12.83,10.95,12.5,12.093333333333334
20475,2019,20.13,13.11,12.83,10.95,12.296666666666667
20475,2020,27.92,20.13,13.11,12.83,15.356666666666664
20475,2021,29.12,27.92,20.13,13.11,20.386666666666667
20475,2022,25.9,29.12,27.92,20.13,25.723333333333333
20475,2023,26.67,25.9,29.12,27.92,27.646666666666665
20475,2025,64.0,,26.67,25.9,
20476,2010,8.7,,,,
20476,2011,8.85,8.7,,,
20476,2012,8.8,8.85,8.7,,
20476,2013,5.1,8.8,8.85,8.7,8.783333333333333
20476,2014,5.15,5.1,8.8,8.85,7.583333333333333
20476,2015,5.2,5.15,5.1,8.8,6.3500000000000005
20476,2016,5.25,5.2,5.15,5.1,5.1499999999999995
20476,2017,5.32,5.25,5.2,5.15,5.2
20476,2018,3.85,5.32,5.25,5.2,5.256666666666667
20476,2019,3.9,3.85,5.32,5.25,4.8066666666666675
20476,2020,3.8,3.9,3.85,5.32,4.3566666666666665
20476,2021,4.5,3.8,3.9,3.85,3.85
20476,2022,3.99,4.5,3.8,3.9,4.066666666666666
20476,2023,4.4,3.99,4.5,3.8,4.096666666666667
20476,2025,6.56,,4.4,3.99,
20477,2013,0.0,,,,
20477,2014,0.0,0.0,,,
20477,2015,0.0,0.0,0.0,,
20477,2016,3.22,0.0,0.0,0.0,0.0
20477,2017,3.25,3.22,0.0,0.0,1.0733333333333335
20477,2018,3.29,3.25,3.22,0.0,2.1566666666666667
20477,2019,17.03,3.29,3.25,3.22,3.2533333333333334
20477,2020,17.65,17.03,3.29,3.25,7.8566666666666665
20477,2021,15.3,17.65,17.03,3.29,12.656666666666666
20477,2022,17.98,15.3,17.65,17.03,16.66
20477,2023,14.64,17.98,15.3,17.65,16.976666666666667
20477,2025,15.5,,14.64,17.98,
20478,2003,24.5,,,,
20478,2004,18.04,24.5,,,
20478,2005,19.92,18.04,24.5,,
20478,2006,17.7,19.92,18.04,24.5,20.82
20478,2007,18.6,17.7,19.92,18.04,18.55333333333333
20478,2008,20.4,18.6,17.7,19.92,18.74
20478,2009,20.4,20.4,18.6,17.7,18.900000000000002
20478,2010,33.0,20.4,20.4,18.6,19.799999999999997
20478,2011,32.9,33.0,20.4,20.4,24.599999999999998
20478,2012,32.97,32.9,33.0,20.4,28.766666666666662
20478,2013,53.83,32.97,32.9,33.0,32.95666666666667
20478,2014,47.71,53.83,32.97,32.9,39.9
20478,2015,85.57,47.71,53.83,32.97,44.836666666666666
20478,2016,168.02,85.57,47.71,53.83,62.37
20478,2017,171.31,168.02,85.57,47.71,100.43333333333334
20478,2018,174.23,171.31,168.02,85.57,141.63333333333333
20478,2019,167.31,174.23,171.31,168.02,171.18666666666664
20478,2020,165.77,167.31,174.23,171.31,170.95000000000002
20478,2021,166.17,165.77,167.31,174.23,169.10333333333332
20478,2022,181.78,166.17,165.77,167.31,166.41666666666666
20478,2023,250.25,181.78,166.17,165.77,171.24
20478,2025,521.76,,250.25,181.78,
20481,2013,0.0,,,,
20481,2014,0.0,0.0,,,
20483,2010,5.0,,,,
20483,2011,0.0,5.0,,,
20483,2012,0.0,0.0,5.0,,
20483,2013,2.91,0.0,0.0,5.0,1.6666666666666667
20483,2014,5.7,2.91,0.0,0.0,0.9700000000000001
20483,2015,5.75,5.7,2.91,0.0,2.8699999999999997
20483,2016,5.78,5.75,5.7,2.91,4.786666666666666
20483,2017,6.0,5.78,5.75,5.7,5.743333333333333
20483,2018,6.4,6.0,5.78,5.75,5.843333333333334
20483,2019,13.46,6.4,6.0,5.78,6.06
20483,2020,27.24,13.46,6.4,6.0,8.62
20483,2021,41.16,27.24,13.46,6.4,15.700000000000001
20483,2022,42.18,41.16,27.24,13.46,27.286666666666665
20483,2023,68.58,42.18,41.16,27.24,36.85999999999999
20483,2025,82.0,,68.58,42.18,
20487,2023,0.0,,,,
20487,2025,8.2,,0.0,,
20490,2003,17.5,,,,
20490,2004,69.05,17.5,,,
20490,2005,74.29,69.05,17.5,,
20490,2006,67.39,74.29,69.05,17.5,53.61333333333334
20490,2007,71.3,67.39,74.29,69.05,70.24333333333334
20490,2009,69.0,,71.3,67.39,
20490,2010,72.5,69.0,,71.3,
20490,2011,74.5,72.5,69.0,,
20490,2012,120.64,74.5,72.5,69.0,72.0
20490,2013,136.59,120.64,74.5,72.5,89.21333333333332
20490,2014,139.77,136.59,120.64,74.5,110.57666666666667
20490,2015,309.3,139.77,136.59,120.64,132.33333333333334
20490,2016,367.11,309.3,139.77,136.59,195.22000000000003
20490,2017,462.46,367.11,309.3,139.77,272.06
20490,2018,466.97,462.46,367.11,309.3,379.6233333333334
20490,2019,910.8,466.97,462.46,367.11,432.18
20490,2020,910.88,910.8,466.97,462.46,613.41
20490,2021,906.4,910.88,910.8,466.97,762.8833333333332
20490,2022,869.6600000000001,906.4,910.88,910.8,909.36
20490,2023,1012.79,869.6600000000001,906.4,910.88,895.6466666666666
20490,2025,2063.48,,1012.79,869.6600000000001,
20491,2012,0.0,,,,
20491,2013,41.62,0.0,,,
20491,2014,54.35,41.62,0.0,,
20491,2015,55.0,54.35,41.62,0.0,31.99
20491,2016,56.9,55.0,54.35,41.62,50.32333333333333
20491,2017,44.65,56.9,55.0,54.35,55.416666666666664
20491,2018,57.8,44.65,56.9,55.0,52.18333333333334
20491,2019,72.16,57.8,44.65,56.9,53.11666666666667
20491,2020,82.08,72.16,57.8,44.65,58.203333333333326
20491,2021,83.04,82.08,72.16,57.8,70.67999999999999
20491,2022,94.91,83.04,82.08,72.16,79.09333333333333
20491,2023,99.82,94.91,83.04,82.08,86.67666666666666
20491,2025,108.5,,99.82,94.91,
20495,2017,0.0,,,,
20495,2018,0.0,0.0,,,
20495,2019,8.34,0.0,0.0,,
20495,2020,17.88,8.34,0.0,0.0,2.78
20495,2021,18.51,17.88,8.34,0.0,8.74
20495,2022,19.48,18.51,17.88,8.34,14.910000000000002
20495,2023,19.39,19.48,18.51,17.88,18.62333333333333
20495,2025,20.91,,19.39,19.48,
20496,2003,3.0,,,,
20496,2004,3.55,3.0,,,
20496,2005,3.42,3.55,3.0,,
20496,2006,4.0,3.42,3.55,3.0,3.323333333333333
20496,2007,4.0,4.0,3.42,3.55,3.6566666666666663
20496,2008,4.0,4.0,4.0,3.42,3.8066666666666666
20496,2009,4.0,4.0,4.0,4.0,4.0
20496,2010,4.0,4.0,4.0,4.0,4.0
20496,2011,4.1,4.0,4.0,4.0,4.0
20496,2012,4.0,4.1,4.0,4.0,4.033333333333333
20496,2013,3.83,4.0,4.1,4.0,4.033333333333333
20496,2014,3.9,3.83,4.0,4.1,3.9766666666666666
20496,2015,3.94,3.9,3.83,4.0,3.91
20496,2016,4.08,3.94,3.9,3.83,3.89
20496,2017,4.18,4.08,3.94,3.9,3.973333333333333
20496,2018,5.38,4.18,4.08,3.94,4.066666666666666
20496,2019,5.24,5.38,4.18,4.08,4.546666666666667
20496,2020,4.96,5.24,5.38,4.18,4.933333333333334
20496,2021,5.04,4.96,5.24,5.38,5.193333333333333
20496,2022,9.8,5.04,4.96,5.24,5.079999999999999
20496,2023,8.78,9.8,5.04,4.96,6.6000000000000005
20496,2025,7.3,,8.78,9.8,
20500,2017,0.0,,,,
20500,2018,4.7,0.0,,,
20500,2019,4.95,4.7,0.0,,
20500,2020,5.9,4.95,4.7,0.0,3.216666666666667
20500,2021,11.78,5.9,4.95,4.7,5.183333333333334
20500,2022,19.0,11.78,5.9,4.95,7.543333333333334
20500,2023,20.21,19.0,11.78,5.9,12.226666666666667
20500,2025,54.8,,20.21,19.0,
20501,2019,5.0,,,,
20501,2020,5.3,5.0,,,
20501,2021,6.1,5.3,5.0,,
20501,2022,11.48,6.1,5.3,5.0,5.466666666666666
20501,2023,11.58,11.48,6.1,5.3,7.626666666666666
20501,2025,16.4,,11.58,11.48,
20502,2016,0.0,,,,
20502,2017,0.0,0.0,,,
20502,2018,0.0,0.0,0.0,,
20502,2019,8.8,0.0,0.0,0.0,0.0
20502,2020,9.2,8.8,0.0,0.0,2.9333333333333336
20502,2021,9.4,9.2,8.8,0.0,6.0
20502,2022,9.24,9.4,9.2,8.8,9.133333333333333
20502,2023,9.04,9.24,9.4,9.2,9.28
20502,2025,31.4,,9.04,9.24,
20504,2004,7.1,,,,
20504,2005,6.84,7.1,,,
20504,2006,8.0,6.84,7.1,,
20504,2007,8.0,8.0,6.84,7.1,7.313333333333333
20504,2008,8.0,8.0,8.0,6.84,7.613333333333333
20504,2009,8.0,8.0,8.0,8.0,8.0
20504,2010,8.22,8.0,8.0,8.0,8.0
20504,2011,8.0,8.22,8.0,8.0,8.073333333333332
20504,2012,8.02,8.0,8.22,8.0,8.073333333333332
20504,2013,21.37,8.02,8.0,8.22,8.08
20504,2014,23.7,21.37,8.02,8.0,12.463333333333333
20504,2015,23.52,23.7,21.37,8.02,17.69666666666667
20504,2016,22.2,23.52,23.7,21.37,22.863333333333333
20504,2017,23.58,22.2,23.52,23.7,23.14
20504,2018,24.96,23.58,22.2,23.52,23.099999999999998
20504,2019,25.26,24.96,23.58,22.2,23.58
20504,2020,24.36,25.26,24.96,23.58,24.599999999999998
20504,2021,24.72,24.36,25.26,24.96,24.86
20504,2022,24.6,24.72,24.36,25.26,24.78
20504,2023,23.58,24.6,24.72,24.36,24.560000000000002
20504,2025,21.9,,23.58,24.6,
20510,2017,0.0,,,,
20510,2018,0.0,0.0,,,
20510,2019,0.0,0.0,0.0,,
20510,2020,0.0,0.0,0.0,0.0,0.0
20510,2021,0.0,0.0,0.0,0.0,0.0
20510,2022,0.0,0.0,0.0,0.0,0.0
20510,2023,0.0,0.0,0.0,0.0,0.0
20510,2025,21.92,,0.0,0.0,
20512,2007,5.2,,,,
20512,2008,5.5,5.2,,,
20512,2009,6.0,5.5,5.2,,
20512,2017,0.0,,,,
20512,2018,0.0,0.0,,,
20512,2019,12.35,0.0,0.0,,
20512,2020,27.84,12.35,0.0,0.0,4.116666666666666
20512,2021,29.7,27.84,12.35,0.0,13.396666666666667
20512,2022,29.77,29.7,27.84,12.35,23.296666666666667
20512,2023,30.57,29.77,29.7,27.84,29.103333333333335
20512,2025,31.49,,30.57,29.77,
20516,2017,0.0,,,,
20516,2018,0.0,0.0,,,
20516,2019,0.0,0.0,0.0,,
20516,2020,12.54,0.0,0.0,0.0,0.0
20516,2021,13.1,12.54,0.0,0.0,4.18
20516,2022,12.9,13.1,12.54,0.0,8.546666666666667
20516,2023,14.22,12.9,13.1,12.54,12.846666666666666
20516,2025,23.25,,14.22,12.9,
20517,2003,320.0,,,,
20517,2004,394.05,320.0,,,
20517,2005,379.62,394.05,320.0,,
20517,2006,260.0,379.62,394.05,320.0,364.5566666666667
20517,2007,260.0,260.0,379.62,394.05,344.5566666666667
20517,2008,260.0,260.0,260.0,379.62,299.8733333333334
20517,2009,260.0,260.0,260.0,260.0,260.0
20517,2010,260.65,260.0,260.0,260.0,260.0
20517,2011,266.5,260.65,260.0,260.0,260.21666666666664
20517,2012,260.02,266.5,260.65,260.0,262.38333333333327
20517,2013,263.25,260.02,266.5,260.65,262.38999999999993
20517,2014,197.5,263.25,260.02,266.5,263.25666666666666
20517,2015,198.5,197.5,263.25,260.02,240.25666666666666
20517,2016,188.5,198.5,197.5,263.25,219.75
20517,2017,209.36,188.5,198.5,197.5,194.83333333333334
20517,2018,220.09,209.36,188.5,198.5,198.78666666666666
20517,2019,222.6,220.09,209.36,188.5,205.98333333333335
20517,2020,221.8,222.6,220.09,209.36,217.35
20517,2021,246.32,221.8,222.6,220.09,221.49666666666667
20517,2022,241.91,246.32,221.8,222.6,230.24
20517,2023,245.27,241.91,246.32,221.8,236.67666666666665
20517,2025,317.17,,245.27,241.91,
20520,2003,27.8,,,,
20520,2004,23.88,27.8,,,
20520,2005,23.56,23.88,27.8,,
20520,2006,19.52,23.56,23.88,27.8,25.08
20520,2007,23.0,19.52,23.56,23.88,22.320000000000004
20520,2008,16.0,23.0,19.52,23.56,22.026666666666667
20520,2009,43.2,16.0,23.0,19.52,19.506666666666664
20520,2010,46.0,43.2,16.0,23.0,27.400000000000002
20520,2011,47.94,46.0,43.2,16.0,35.06666666666667
20520,2012,48.1,47.94,46.0,43.2,45.71333333333333
20520,2013,42.7,48.1,47.94,46.0,47.346666666666664
20520,2014,52.4,42.7,48.1,47.94,46.24666666666667
20520,2015,54.2,52.4,42.7,48.1,47.73333333333333
20520,2016,52.0,54.2,52.4,42.7,49.76666666666667
20520,2017,52.8,52.0,54.2,52.4,52.86666666666667
20520,2018,53.5,52.8,52.0,54.2,53.0
20520,2019,55.2,53.5,52.8,52.0,52.76666666666667
20520,2020,61.0,55.2,53.5,52.8,53.833333333333336
20520,2021,68.75,61.0,55.2,53.5,56.56666666666666
20520,2022,94.0,68.75,61.0,55.2,61.65
20520,2023,103.05,94.0,68.75,61.0,74.58333333333333
20520,2025,131.2,,103.05,94.0,
20522,2003,4.0,,,,
20522,2004,3.55,4.0,,,
20522,2005,3.42,3.55,4.0,,
20522,2006,4.0,3.42,3.55,4.0,3.6566666666666663
20522,2007,4.0,4.0,3.42,3.55,3.6566666666666663
20522,2008,4.0,4.0,4.0,3.42,3.8066666666666666
20522,2009,4.0,4.0,4.0,4.0,4.0
20522,2010,4.1,4.0,4.0,4.0,4.0
20522,2011,4.0,4.1,4.0,4.0,4.033333333333333
20522,2012,4.0,4.0,4.1,4.0,4.033333333333333
20522,2013,3.91,4.0,4.0,4.1,4.033333333333333
20522,2014,3.98,3.91,4.0,4.0,3.97
20522,2015,4.02,3.98,3.91,4.0,3.9633333333333334
20522,2016,4.13,4.02,3.98,3.91,3.97
20522,2017,4.19,4.13,4.02,3.98,4.043333333333333
20522,2018,4.21,4.19,4.13,4.02,4.113333333333333
20522,2019,4.23,4.21,4.19,4.13,4.176666666666667
20522,2020,4.47,4.23,4.21,4.19,4.210000000000001
20522,2021,4.5,4.47,4.23,4.21,4.303333333333334
20522,2022,4.53,4.5,4.47,4.23,4.3999999999999995
20522,2023,4.15,4.53,4.5,4.47,4.5
20522,2025,3.52,,4.15,4.53,
20527,2003,24.5,,,,
20527,2004,11.98,24.5,,,
20527,2005,13.24,11.98,24.5,,
20527,2006,11.76,13.24,11.98,24.5,16.573333333333334
20527,2007,12.8,11.76,13.24,11.98,12.326666666666668
20527,2008,13.6,12.8,11.76,13.24,12.6
20527,2009,13.6,13.6,12.8,11.76,12.719999999999999
20527,2010,13.2,13.6,13.6,12.8,13.333333333333334
20527,2011,13.36,13.2,13.6,13.6,13.466666666666667
20527,2012,26.63,13.36,13.2,13.6,13.386666666666665
20527,2013,39.78,26.63,13.36,13.2,17.73
20527,2014,34.99,39.78,26.63,13.36,26.59
20527,2015,102.91,34.99,39.78,26.63,33.800000000000004
20527,2016,110.97,102.91,34.99,39.78,59.22666666666667
20527,2017,113.78,110.97,102.91,34.99,82.95666666666666
20527,2018,114.51,113.78,110.97,102.91,109.21999999999998
20527,2019,113.27,114.51,113.78,110.97,113.08666666666666
20527,2020,113.4,113.27,114.51,113.78,113.85333333333334
20527,2021,114.36,113.4,113.27,114.51,113.72666666666667
20527,2022,118.37,114.36,113.4,113.27,113.67666666666668
20527,2023,156.13,118.37,114.36,113.4,115.37666666666667
20527,2025,299.8,,156.13,118.37,
20528,2012,0.0,,,,
20528,2013,0.0,0.0,,,
20533,2010,12.0,,,,
20533,2011,12.25,12.0,,,
20533,2012,12.4,12.25,12.0,,
20533,2013,12.32,12.4,12.25,12.0,12.216666666666667
20533,2014,0.0,12.32,12.4,12.25,12.323333333333332
20533,2015,23.45,0.0,12.32,12.4,8.24
20533,2016,30.15,23.45,0.0,12.32,11.923333333333334
20533,2017,32.1,30.15,23.45,0.0,17.866666666666667
20533,2018,34.94,32.1,30.15,23.45,28.566666666666666
20533,2019,47.75,34.94,32.1,30.15,32.39666666666667
20533,2020,63.77,47.75,34.94,32.1,38.263333333333335
20533,2021,69.28,63.77,47.75,34.94,48.82
20533,2022,70.68,69.28,63.77,47.75,60.26666666666667
20533,2023,74.21,70.68,69.28,63.77,67.91000000000001
20533,2025,75.71,,74.21,70.68,
20537,2010,24.5,,,,
20537,2011,25.71,24.5,,,
20537,2012,25.71,25.71,24.5,,
20537,2013,25.8,25.71,25.71,24.5,25.30666666666667
20537,2014,26.75,25.8,25.71,25.71,25.74
20537,2015,21.6,26.75,25.8,25.71,26.08666666666667
20537,2016,19.1,21.6,26.75,25.8,24.71666666666667
20537,2017,19.5,19.1,21.6,26.75,22.483333333333334
20537,2018,19.9,19.5,19.1,21.6,20.066666666666666
20537,2019,20.1,19.9,19.5,19.1,19.5
20537,2020,23.6,20.1,19.9,19.5,19.833333333333332
20537,2021,36.0,23.6,20.1,19.9,21.200000000000003
20537,2022,50.0,36.0,23.6,20.1,26.566666666666666
20537,2023,50.24,50.0,36.0,23.6,36.53333333333334
20537,2025,75.03,,50.24,50.0,
20540,2003,138.8,,,,
20540,2004,119.48,138.8,,,
20540,2005,117.76,119.48,138.8,,
20540,2006,397.6,117.76,119.48,138.8,125.34666666666668
20540,2007,92.0,397.6,117.76,119.48,211.61333333333334
20540,2008,120.0,92.0,397.6,117.76,202.45333333333335
20540,2009,138.0,120.0,92.0,397.6,203.20000000000002
20540,2010,183.0,138.0,120.0,92.0,116.66666666666667
20540,2011,138.0,183.0,138.0,120.0,147.0
20540,2012,144.0,138.0,183.0,138.0,153.0
20540,2013,140.0,144.0,138.0,183.0,155.0
20540,2014,137.0,140.0,144.0,138.0,140.66666666666666
20540,2015,130.0,137.0,140.0,144.0,140.33333333333334
20540,2016,95.5,130.0,137.0,140.0,135.66666666666666
20540,2017,699.0,95.5,130.0,137.0,120.83333333333333
20540,2018,705.25,699.0,95.5,130.0,308.1666666666667
20540,2019,713.5,705.25,699.0,95.5,499.9166666666667
20540,2020,675.35,713.5,705.25,699.0,705.9166666666666
20540,2021,709.43,675.35,713.5,705.25,698.0333333333333
20540,2022,720.17,709.43,675.35,713.5,699.4266666666666
20540,2023,737.47,720.17,709.43,675.35,701.65
20540,2025,567.95,,737.47,720.17,
20541,2003,8.0,,,,
20541,2004,7.1,8.0,,,
20541,2005,6.84,7.1,8.0,,
20541,2006,8.0,6.84,7.1,8.0,7.313333333333333
20541,2007,8.0,8.0,6.84,7.1,7.313333333333333
20541,2008,8.0,8.0,8.0,6.84,7.613333333333333
20541,2009,8.0,8.0,8.0,8.0,8.0
20541,2010,8.0,8.0,8.0,8.0,8.0
20541,2011,7.97,8.0,8.0,8.0,8.0
20541,2012,8.0,7.97,8.0,8.0,7.989999999999999
20541,2013,8.05,8.0,7.97,8.0,7.989999999999999
20541,2014,7.9,8.05,8.0,7.97,8.006666666666666
20541,2015,7.86,7.9,8.05,8.0,7.983333333333334
20541,2016,7.42,7.86,7.9,8.05,7.936666666666667
20541,2017,7.7,7.42,7.86,7.9,7.726666666666667
20541,2018,8.63,7.7,7.42,7.86,7.66
20541,2019,8.52,8.63,7.7,7.42,7.916666666666667
20541,2020,8.4,8.52,8.63,7.7,8.283333333333333
20541,2021,8.44,8.4,8.52,8.63,8.516666666666667
20541,2022,8.5,8.44,8.4,8.52,8.453333333333333
20541,2023,7.9,8.5,8.44,8.4,8.446666666666665
20541,2025,7.39,,7.9,8.5,
20544,2013,0.0,,,,
20544,2014,0.0,0.0,,,
20544,2015,0.0,0.0,0.0,,
20544,2016,0.0,0.0,0.0,0.0,0.0
20544,2017,2.08,0.0,0.0,0.0,0.0
20544,2018,2.03,2.08,0.0,0.0,0.6933333333333334
20544,2019,2.69,2.03,2.08,0.0,1.3699999999999999
20544,2020,2.64,2.69,2.03,2.08,2.2666666666666666
20544,2021,2.75,2.64,2.69,2.03,2.453333333333333
20544,2022,5.95,2.75,2.64,2.69,2.6933333333333334
20544,2023,6.05,5.95,2.75,2.64,3.78
20544,2025,31.4,,6.05,5.95,
20545,2003,104.0,,,,
20545,2004,62.65,104.0,,,
20545,2005,60.14,62.65,104.0,,
20545,2006,44.39,60.14,62.65,104.0,75.59666666666666
20545,2007,109.1,44.39,60.14,62.65,55.72666666666667
20545,2008,90.0,109.1,44.39,60.14,71.21
20545,2009,60.0,90.0,109.1,44.39,81.16333333333334
20545,2010,51.2,60.0,90.0,109.1,86.36666666666667
20545,2011,58.56,51.2,60.0,90.0,67.06666666666666
20545,2012,121.78,58.56,51.2,60.0,56.586666666666666
20545,2013,126.13,121.78,58.56,51.2,77.18
20545,2014,124.99,126.13,121.78,58.56,102.15666666666668
20545,2015,127.32000000000001,124.99,126.13,121.78,124.3
20545,2016,126.30000000000001,127.32000000000001,124.99,126.13,126.14666666666666
20545,2017,135.03,126.30000000000001,127.32000000000001,124.99,126.20333333333333
20545,2018,135.04,135.03,126.30000000000001,127.32000000000001,129.54999999999998
20545,2019,131.69,135.04,135.03,126.30000000000001,132.12333333333333
20545,2020,131.04999999999998,131.69,135.04,135.03,133.92
20545,2021,132.65,131.04999999999998,131.69,135.04,132.59333333333333
20545,2022,134.64,132.65,131.04999999999998,131.69,131.79666666666665
20545,2023,130.07999999999998,134.64,132.65,131.04999999999998,132.77999999999997
20545,2025,100.92,,130.07999999999998,134.64,
20549,2003,13.9,,,,
20549,2004,11.94,13.9,,,
20549,2005,11.78,11.94,13.9,,
20549,2006,9.76,11.78,11.94,13.9,12.54
20549,2007,11.8,9.76,11.78,11.94,11.160000000000002
20549,2008,6.6,11.8,9.76,11.78,11.113333333333335
20549,2009,13.5,6.6,11.8,9.76,9.386666666666665
20549,2010,42.2,13.5,6.6,11.8,10.633333333333333
20549,2011,43.52,42.2,13.5,6.6,20.766666666666666
20549,2012,43.52,43.52,42.2,13.5,33.07333333333333
20549,2013,42.6,43.52,43.52,42.2,43.080000000000005
20549,2014,43.2,42.6,43.52,43.52,43.21333333333333
20549,2015,37.5,43.2,42.6,43.52,43.10666666666666
20549,2016,32.4,37.5,43.2,42.6,41.1
20549,2017,29.4,32.4,37.5,43.2,37.699999999999996
20549,2018,28.3,29.4,32.4,37.5,33.1
20549,2019,35.4,28.3,29.4,32.4,30.03333333333333
20549,2020,35.6,35.4,28.3,29.4,31.03333333333333
20549,2021,40.44,35.6,35.4,28.3,33.099999999999994
20549,2022,53.3,40.44,35.6,35.4,37.14666666666667
20549,2023,69.6,53.3,40.44,35.6,43.11333333333332
20549,2025,88.97,,69.6,53.3,
20551,2003,30.0,,,,
20551,2004,15.0,30.0,,,
20554,2003,60.0,,,,
20554,2004,0.0,60.0,,,
20554,2005,0.0,0.0,60.0,,
20554,2006,80.0,0.0,0.0,60.0,20.0
20554,2007,80.0,80.0,0.0,0.0,26.666666666666668
20554,2008,80.0,80.0,80.0,0.0,53.333333333333336
20554,2009,80.0,80.0,80.0,80.0,80.0
20554,2010,80.0,80.0,80.0,80.0,80.0
20554,2011,82.0,80.0,80.0,80.0,80.0
20554,2012,79.2,82.0,80.0,80.0,80.66666666666667
20554,2013,70.0,79.2,82.0,80.0,80.39999999999999
20554,2014,79.0,70.0,79.2,82.0,77.06666666666666
20554,2015,78.6,79.0,70.0,79.2,76.06666666666666
20554,2016,73.8,78.6,79.0,70.0,75.86666666666667
20554,2017,86.85,73.8,78.6,79.0,77.13333333333334
20554,2018,81.46,86.85,73.8,78.6,79.74999999999999
20554,2019,83.75,81.46,86.85,73.8,80.70333333333332
20554,2020,88.05,83.75,81.46,86.85,84.02
20554,2021,97.75,88.05,83.75,81.46,84.42
20554,2022,96.05,97.75,88.05,83.75,89.85000000000001
20554,2023,102.07,96.05,97.75,88.05,93.95
20554,2025,153.67,,102.07,96.05,
20555,2006,25.0,,,,
20555,2007,31.56,25.0,,,
20555,2008,30.0,31.56,25.0,,
20555,2009,30.0,30.0,31.56,25.0,28.853333333333335
20555,2010,29.76,30.0,30.0,31.56,30.52
20555,2011,30.6,29.76,30.0,30.0,29.919999999999998
20555,2012,37.8,30.6,29.76,30.0,30.12
20555,2013,34.47,37.8,30.6,29.76,32.72
20555,2014,34.32,34.47,37.8,30.6,34.29
20555,2015,39.97,34.32,34.47,37.8,35.53
20555,2016,45.71,39.97,34.32,34.47,36.25333333333333
20555,2017,49.0,45.71,39.97,34.32,40.0
20555,2018,50.05,49.0,45.71,39.97,44.89333333333334
20555,2019,67.81,50.05,49.0,45.71,48.25333333333333
20555,2020,94.08,67.81,50.05,49.0,55.620000000000005
20555,2021,102.96,94.08,67.81,50.05,70.64666666666666
20555,2022,80.8,102.96,94.08,67.81,88.28333333333332
20555,2023,158.4,80.8,102.96,94.08,92.61333333333333
20555,2025,139.4,,158.4,80.8,
20560,2003,36.0,,,,
20560,2004,15.0,36.0,,,
20560,2006,20.0,,15.0,36.0,
20560,2007,24.0,20.0,,15.0,
20560,2008,25.0,24.0,20.0,,
20560,2009,12.0,25.0,24.0,20.0,23.0
20560,2010,4.0,12.0,25.0,24.0,20.333333333333332
20560,2011,0.0,4.0,12.0,25.0,13.666666666666666
20560,2012,13.1,0.0,4.0,12.0,5.333333333333333
20560,2013,12.45,13.1,0.0,4.0,5.7
20560,2014,12.25,12.45,13.1,0.0,8.516666666666666
20560,2015,12.15,12.25,12.45,13.1,12.6
20560,2016,12.91,12.15,12.25,12.45,12.283333333333331
20560,2017,13.4,12.91,12.15,12.25,12.436666666666667
20560,2018,13.52,13.4,12.91,12.15,12.82
20560,2019,21.05,13.52,13.4,12.91,13.276666666666666
20560,2020,21.57,21.05,13.52,13.4,15.99
20560,2021,22.11,21.57,21.05,13.52,18.713333333333335
20560,2022,22.53,22.11,21.57,21.05,21.576666666666668
20560,2023,22.98,22.53,22.11,21.57,22.070000000000004
20560,2025,26.0,,22.98,22.53,
20564,2016,0.0,,,,
20564,2017,0.0,0.0,,,
20564,2018,0.0,0.0,0.0,,
20564,2019,0.0,0.0,0.0,0.0,0.0
20564,2020,23.0,0.0,0.0,0.0,0.0
20564,2021,30.06,23.0,0.0,0.0,7.666666666666667
20564,2022,29.69,30.06,23.0,0.0,17.686666666666667
20564,2023,30.26,29.69,30.06,23.0,27.583333333333332
20564,2025,36.73,,30.26,29.69,
20565,2006,5.0,,,,
20565,2007,5.0,5.0,,,
20565,2008,5.0,5.0,5.0,,
20565,2009,5.0,5.0,5.0,5.0,5.0
20565,2010,5.0,5.0,5.0,5.0,5.0
20565,2012,5.2,,5.0,5.0,
20565,2013,5.85,5.2,,5.0,
20565,2014,5.86,5.85,5.2,,
20565,2015,11.68,5.86,5.85,5.2,5.636666666666667
20565,2016,12.2,11.68,5.86,5.85,7.796666666666667
20565,2017,13.5,12.2,11.68,5.86,9.913333333333332
20565,2018,21.0,13.5,12.2,11.68,12.459999999999999
20565,2019,44.82,21.0,13.5,12.2,15.566666666666668
20565,2020,86.79,44.82,21.0,13.5,26.439999999999998
20565,2021,124.47,86.79,44.82,21.0,50.870000000000005
20565,2022,98.4,124.47,86.79,44.82,85.36
20565,2023,276.21,98.4,124.47,86.79,103.22000000000001
20565,2025,250.1,,276.21,98.4,
20566,2003,108.0,,,,
20566,2004,57.6,108.0,,,
21010,2012,27.0,,,,
21010,2013,23.7,27.0,,,
21010,2014,22.5,23.7,27.0,,
21010,2015,32.0,22.5,23.7,27.0,24.400000000000002
21010,2016,49.0,32.0,22.5,23.7,26.066666666666666
21010,2017,31.0,49.0,32.0,22.5,34.5
21010,2018,30.0,31.0,49.0,32.0,37.333333333333336
21010,2019,68.7,30.0,31.0,49.0,36.666666666666664
21010,2020,108.98,68.7,30.0,31.0,43.23333333333333
21010,2021,134.5,108.98,68.7,30.0,69.22666666666667
21010,2022,143.1,134.5,108.98,68.7,104.06
21010,2023,153.68,143.1,134.5,108.98,128.86
21010,2025,131.25,,153.68,143.1,
21016,2013,0.0,,,,
21016,2014,9.11,0.0,,,
21016,2015,9.45,9.11,0.0,,
21016,2016,5.6,9.45,9.11,0.0,6.1866666666666665
21016,2017,12.9,5.6,9.45,9.11,8.053333333333333
21016,2018,8.48,12.9,5.6,9.45,9.316666666666666
21016,2019,21.16,8.48,12.9,5.6,8.993333333333334
21016,2020,50.69,21.16,8.48,12.9,14.180000000000001
21016,2021,49.03,50.69,21.16,8.48,26.776666666666667
21016,2022,52.04,49.03,50.69,21.16,40.29333333333333
21016,2023,55.42,52.04,49.03,50.69,50.586666666666666
21016,2025,68.17,,55.42,52.04,
21017,2003,100.0,,,,
21017,2004,125.0,100.0,,,
21017,2005,200.0,125.0,100.0,,
21017,2006,150.0,200.0,125.0,100.0,141.66666666666666
21017,2007,135.0,150.0,200.0,125.0,158.33333333333334
21017,2008,40.0,135.0,150.0,200.0,161.66666666666666
21017,2009,30.0,40.0,135.0,150.0,108.33333333333333
21017,2010,35.0,30.0,40.0,135.0,68.33333333333333
21017,2011,40.0,35.0,30.0,40.0,35.0
21017,2012,35.0,40.0,35.0,30.0,35.0
21017,2013,56.0,35.0,40.0,35.0,36.666666666666664
21017,2014,38.0,56.0,35.0,40.0,43.666666666666664
21017,2015,40.0,38.0,56.0,35.0,43.0
21017,2016,50.0,40.0,38.0,56.0,44.666666666666664
21017,2017,64.0,50.0,40.0,38.0,42.666666666666664
21017,2018,64.3,64.0,50.0,40.0,51.333333333333336
21017,2019,117.53,64.3,64.0,50.0,59.43333333333334
21017,2020,127.88,117.53,64.3,64.0,81.94333333333333
21017,2021,130.65,127.88,117.53,64.3,103.23666666666666
21017,2022,140.0,130.65,127.88,117.53,125.35333333333334
21017,2023,145.35,140.0,130.65,127.88,132.84333333333333
21017,2025,150.0,,145.35,140.0,
21018,2013,110.0,,,,
21018,2014,104.0,110.0,,,
21018,2015,101.8,104.0,110.0,,
21018,2016,98.45,101.8,104.0,110.0,105.26666666666667
21018,2017,118.94,98.45,101.8,104.0,101.41666666666667
21018,2018,118.2,118.94,98.45,101.8,106.39666666666666
21018,2019,114.22,118.2,118.94,98.45,111.86333333333333
21018,2020,112.5,114.22,118.2,118.94,117.12
21018,2021,115.6,112.5,114.22,118.2,114.97333333333334
21018,2022,124.65,115.6,112.5,114.22,114.10666666666667
21018,2023,128.55,124.65,115.6,112.5,117.58333333333333
21018,2025,106.6,,128.55,124.65,
21019,2003,1710.0,,,,
21019,2004,1400.0,1710.0,,,
21019,2005,1431.25,1400.0,1710.0,,
21019,2006,1431.25,1431.25,1400.0,1710.0,1513.75
21019,2007,1797.0,1431.25,1431.25,1400.0,1420.8333333333333
21019,2008,1200.0,1797.0,1431.25,1431.25,1553.1666666666667
21019,2009,1200.0,1200.0,1797.0,1431.25,1476.0833333333333
21019,2010,838.63,1200.0,1200.0,1797.0,1399.0
21019,2011,1400.4,838.63,1200.0,1200.0,1079.5433333333333
21019,2012,1456.04,1400.4,838.63,1200.0,1146.3433333333335
21019,2013,1522.6,1456.04,1400.4,838.63,1231.69
21019,2014,1488.07,1522.6,1456.04,1400.4,1459.68
21019,2015,1492.47,1488.07,1522.6,1456.04,1488.9033333333334
21019,2016,1606.3500000000001,1492.47,1488.07,1522.6,1501.0466666666664
21019,2017,1561.8999999999999,1606.3500000000001,1492.47,1488.07,1528.9633333333334
21019,2018,1536.8,1561.8999999999999,1606.3500000000001,1492.47,1553.5733333333335
21019,2019,1771.44,1536.8,1561.8999999999999,1606.3500000000001,1568.3500000000001
21019,2020,1120.79,1771.44,1536.8,1561.8999999999999,1623.3799999999999
21019,2021,1314.55,1120.79,1771.44,1536.8,1476.3433333333332
21019,2022,1361.8000000000002,1314.55,1120.79,1771.44,1402.26
21019,2023,1414.22,1361.8000000000002,1314.55,1120.79,1265.7133333333334
21019,2025,1393.21,,1414.22,1361.8000000000002,
21026,2018,6.0,,,,
21026,2019,14.52,6.0,,,
21026,2020,19.8,14.52,6.0,,
21026,2021,25.92,19.8,14.52,6.0,13.44
21026,2022,25.0,25.92,19.8,14.52,20.080000000000002
21026,2023,25.4,25.0,25.92,19.8,23.573333333333334
21026,2025,41.25,,25.4,25.0,
21027,2015,32.8,,,,
21027,2016,43.0,32.8,,,
21027,2017,43.25,43.0,32.8,,
21027,2018,45.6,43.25,43.0,32.8,39.68333333333333
21027,2019,49.98,45.6,43.25,43.0,43.949999999999996
21027,2020,62.4,49.98,45.6,43.25,46.276666666666664
21027,2021,72.99,62.4,49.98,45.6,52.66
21027,2022,81.0,72.99,62.4,49.98,61.79
21027,2023,88.99,81.0,72.99,62.4,72.13
21027,2025,53.75,,88.99,81.0,
21033,2012,72.0,,,,
21033,2013,73.6,72.0,,,
21033,2014,50.0,73.6,72.0,,
21033,2015,38.09,50.0,73.6,72.0,65.2
21033,2016,36.0,38.09,50.0,73.6,53.89666666666667
21033,2017,73.8,36.0,38.09,50.0,41.36333333333334
21033,2018,120.0,73.8,36.0,38.09,49.29666666666666
21033,2019,132.02,120.0,73.8,36.0,76.60000000000001
21033,2020,215.25,132.02,120.0,73.8,108.60666666666667
21033,2021,155.22,215.25,132.02,120.0,155.75666666666666
21033,2022,146.0,155.22,215.25,132.02,167.49666666666667
21033,2023,144.0,146.0,155.22,215.25,172.15666666666667
21033,2025,96.0,,144.0,146.0,
21035,2015,64.0,,,,
21035,2016,66.4,64.0,,,
21035,2017,52.5,66.4,64.0,,
21035,2018,55.0,52.5,66.4,64.0,60.96666666666667
21035,2019,47.85,55.0,52.5,66.4,57.96666666666667
21035,2020,45.8,47.85,55.0,52.5,51.78333333333333
21035,2021,45.7,45.8,47.85,55.0,49.550000000000004
21035,2022,58.84,45.7,45.8,47.85,46.449999999999996
21035,2023,61.9,58.84,45.7,45.8,50.11333333333334
21035,2025,64.36,,61.9,58.84,
21036,2019,26.8,,,,
21036,2020,48.0,26.8,,,
21036,2021,59.5,48.0,26.8,,
21036,2022,53.85,59.5,48.0,26.8,44.76666666666667
21036,2023,71.73,53.85,59.5,48.0,53.78333333333333
21036,2025,42.0,,71.73,53.85,
21039,2003,194.0,,,,
21039,2004,165.0,194.0,,,
21039,2005,163.0,165.0,194.0,,
21039,2006,184.0,163.0,165.0,194.0,174.0
21039,2007,178.2,184.0,163.0,165.0,170.66666666666666
21039,2008,96.0,178.2,184.0,163.0,175.0666666666667
21039,2009,76.4,96.0,178.2,184.0,152.73333333333332
21039,2010,92.94,76.4,96.0,178.2,116.86666666666667
21039,2011,88.5,92.94,76.4,96.0,88.44666666666667
21039,2012,93.6,88.5,92.94,76.4,85.94666666666667
21039,2013,110.7,93.6,88.5,92.94,91.67999999999999
21039,2014,71.07,110.7,93.6,88.5,97.60000000000001
21039,2015,80.26,71.07,110.7,93.6,91.79
21039,2016,138.31,80.26,71.07,110.7,87.34333333333332
21039,2017,185.61,138.31,80.26,71.07,96.54666666666667
21039,2018,120.0,185.61,138.31,80.26,134.7266666666667
21039,2019,341.98,120.0,185.61,138.31,147.97333333333336
21039,2020,368.56,341.98,120.0,185.61,215.86333333333334
21039,2021,410.0,368.56,341.98,120.0,276.84666666666664
21039,2022,445.26,410.0,368.56,341.98,373.5133333333333
21039,2023,464.21,445.26,410.0,368.56,407.94
21039,2025,532.12,,464.21,445.26,
21040,2003,60.0,,,,
21046,2012,32.0,,,,
21046,2013,37.5,32.0,,,
21046,2014,37.75,37.5,32.0,,
21046,2015,49.2,37.75,37.5,32.0,35.75
21046,2016,38.8,49.2,37.75,37.5,41.483333333333334
21046,2017,32.4,38.8,49.2,37.75,41.916666666666664
21046,2018,28.0,32.4,38.8,49.2,40.13333333333333
21046,2019,35.12,28.0,32.4,38.8,33.06666666666666
21046,2020,31.3,35.12,28.0,32.4,31.84
21046,2021,40.16,31.3,35.12,28.0,31.473333333333333
21046,2022,43.98,40.16,31.3,35.12,35.526666666666664
21046,2023,55.14,43.98,40.16,31.3,38.48
21046,2025,30.81,,55.14,43.98,
21050,2006,204.0,,,,
21050,2008,498.0,,204.0,,
21050,2009,691.0,498.0,,204.0,
21050,2010,498.0,691.0,498.0,,
21050,2011,523.0,498.0,691.0,498.0,562.3333333333334
21050,2012,772.0,523.0,498.0,691.0,570.6666666666666
21050,2013,862.0,772.0,523.0,498.0,597.6666666666666
21050,2014,861.0,862.0,772.0,523.0,719.0
21050,2015,1868.1,861.0,862.0,772.0,831.6666666666666
21050,2016,1911.6,1868.1,861.0,862.0,1197.0333333333333
21050,2017,1465.33,1911.6,1868.1,861.0,1546.8999999999999
21050,2018,1145.0,1465.33,1911.6,1868.1,1748.3433333333332
21050,2019,1095.36,1145.0,1465.33,1911.6,1507.3100000000002
21050,2020,1409.78,1095.36,1145.0,1465.33,1235.2299999999998
21050,2021,1537.6,1409.78,1095.36,1145.0,1216.7133333333334
21050,2022,1700.0,1537.6,1409.78,1095.36,1347.58
21050,2023,2008.36,1700.0,1537.6,1409.78,1549.1266666666668
21050,2025,1825.05,,2008.36,1700.0,
21051,2003,418.0,,,,
21051,2004,368.0,418.0,,,
21051,2005,414.0,368.0,418.0,,
21051,2025,83.1,,,,
21054,2003,100.0,,,,
21054,2004,125.0,100.0,,,
21054,2005,200.0,125.0,100.0,,
21054,2006,150.0,200.0,125.0,100.0,141.66666666666666
21054,2007,135.0,150.0,200.0,125.0,158.33333333333334
21054,2008,40.0,135.0,150.0,200.0,161.66666666666666
21054,2009,30.0,40.0,135.0,150.0,108.33333333333333
21054,2010,29.94,30.0,40.0,135.0,68.33333333333333
21054,2011,33.0,29.94,30.0,40.0,33.31333333333333
21054,2012,40.0,33.0,29.94,30.0,30.98
21054,2013,50.0,40.0,33.0,29.94,34.31333333333333
21054,2014,29.0,50.0,40.0,33.0,41.0
21054,2015,35.0,29.0,50.0,40.0,39.666666666666664
21054,2016,62.0,35.0,29.0,50.0,38.0
21054,2017,91.0,62.0,35.0,29.0,42.0
21054,2018,92.7,91.0,62.0,35.0,62.666666666666664
21054,2019,148.15,92.7,91.0,62.0,81.89999999999999
21054,2020,157.97,148.15,92.7,91.0,110.61666666666667
21054,2021,171.14,157.97,148.15,92.7,132.94000000000003
21054,2022,190.0,171.14,157.97,148.15,159.08666666666667
21054,2023,220.29,190.0,171.14,157.97,173.03666666666666
21054,2025,223.9,,220.29,190.0,
21055,2014,2.3,,,,
21055,2015,3.4,2.3,,,
21055,2016,3.5,3.4,2.3,,
21055,2017,3.42,3.5,3.4,2.3,3.0666666666666664
21055,2018,4.0,3.42,3.5,3.4,3.44
21055,2019,4.8,4.0,3.42,3.5,3.64
21055,2020,4.55,4.8,4.0,3.42,4.073333333333333
21055,2021,4.57,4.55,4.8,4.0,4.449999999999999
21055,2022,4.07,4.57,4.55,4.8,4.64
21055,2023,4.82,4.07,4.57,4.55,4.396666666666667
21055,2025,8.0,,4.82,4.07,
21058,2003,204.0,,,,
21058,2004,200.0,204.0,,,
21058,2005,204.0,200.0,204.0,,
21058,2007,307.2,,204.0,200.0,
21058,2008,153.6,307.2,,204.0,
21058,2009,185.4,153.6,307.2,,
21058,2010,195.6,185.4,153.6,307.2,215.4
21058,2011,204.0,195.6,185.4,153.6,178.20000000000002
21058,2012,345.0,204.0,195.6,185.4,195.0
21058,2013,192.0,345.0,204.0,195.6,248.20000000000002
21058,2014,196.8,192.0,345.0,204.0,247.0
21058,2015,462.5,196.8,192.0,345.0,244.6
21058,2016,380.7,462.5,196.8,192.0,283.76666666666665
21058,2017,465.14,380.7,462.5,196.8,346.6666666666667
21058,2018,366.95,465.14,380.7,462.5,436.1133333333334
21058,2019,347.53,366.95,465.14,380.7,404.2633333333333
21058,2020,400.45,347.53,366.95,465.14,393.20666666666665
21058,2021,529.26,400.45,347.53,366.95,371.64333333333326
21058,2022,455.0,529.26,400.45,347.53,425.7466666666666
21058,2023,530.4,455.0,529.26,400.45,461.57
21058,2025,582.09,,530.4,455.0,
21067,2012,45.0,,,,
21067,2014,45.0,,45.0,,
21067,2015,58.0,45.0,,45.0,
21067,2016,28.0,58.0,45.0,,
21067,2018,205.65,,28.0,58.0,
21067,2019,206.06,205.65,,28.0,
21069,2003,1840.0,,,,
21069,2004,1480.0,1840.0,,,
21069,2005,1480.0,1480.0,1840.0,,
21069,2006,1270.0,1480.0,1480.0,1840.0,1600.0
21069,2007,1322.85,1270.0,1480.0,1480.0,1410.0
21069,2008,320.0,1322.85,1270.0,1480.0,1357.6166666666666
21069,2009,320.0,320.0,1322.85,1270.0,970.9499999999999
21069,2010,900.2,320.0,320.0,1322.85,654.2833333333333
21069,2011,320.8,900.2,320.0,320.0,513.4
21069,2012,324.0,320.8,900.2,320.0,513.6666666666666
21069,2013,324.0,324.0,320.8,900.2,515.0
21069,2014,325.02,324.0,324.0,320.8,322.93333333333334
21069,2015,386.52,325.02,324.0,324.0,324.34
21069,2016,406.8,386.52,325.02,324.0,345.18
21069,2017,390.4,406.8,386.52,325.02,372.78000000000003
21069,2018,426.2,390.4,406.8,386.52,394.5733333333333
21069,2019,473.65999999999997,426.2,390.4,406.8,407.8
21069,2020,480.66,473.65999999999997,426.2,390.4,430.08666666666664
21069,2021,514.02,480.66,473.65999999999997,426.2,460.17333333333335
21069,2022,536.02,514.02,480.66,473.65999999999997,489.44666666666666
21069,2023,464.46000000000004,536.02,514.02,480.66,510.23333333333335
21069,2025,477.05,,464.46000000000004,536.02,
21071,2003,50.0,,,,
21071,2004,45.0,50.0,,,
21071,2005,43.0,45.0,50.0,,
21071,2006,22.0,43.0,45.0,50.0,46.0
21071,2007,30.0,22.0,43.0,45.0,36.666666666666664
21074,2021,0.0,,,,
21074,2022,0.0,0.0,,,
21074,2023,0.0,0.0,0.0,,
21074,2025,8.25,,0.0,0.0,
21075,2003,480.0,,,,
21075,2004,600.0,480.0,,,
21075,2005,960.0,600.0,480.0,,
21075,2006,720.0,960.0,600.0,480.0,680.0
21075,2007,600.0,720.0,960.0,600.0,760.0
21075,2008,160.0,600.0,720.0,960.0,760.0
21075,2009,120.0,160.0,600.0,720.0,493.3333333333333
21075,2010,160.0,120.0,160.0,600.0,293.3333333333333
21075,2011,140.0,160.0,120.0,160.0,146.66666666666666
21075,2012,150.4,140.0,160.0,120.0,140.0
21075,2013,188.0,150.4,140.0,160.0,150.13333333333333
21075,2014,140.0,188.0,150.4,140.0,159.46666666666667
21075,2015,160.0,140.0,188.0,150.4,159.46666666666667
21075,2016,192.0,160.0,140.0,188.0,162.66666666666666
21075,2017,260.0,192.0,160.0,140.0,164.0
21075,2018,277.0,260.0,192.0,160.0,204.0
21075,2019,467.95,277.0,260.0,192.0,243.0
21075,2020,477.24,467.95,277.0,260.0,334.98333333333335
21075,2021,470.97,477.24,467.95,277.0,407.3966666666667
21075,2022,490.0,470.97,477.24,467.95,472.05333333333334
21075,2023,498.95,490.0,470.97,477.24,479.40333333333336
21075,2025,498.0,,498.95,490.0,
21085,2003,612.0,,,,
21085,2004,240.0,612.0,,,
21085,2005,240.0,240.0,612.0,,
21085,2012,360.0,,,,
21085,2013,369.0,360.0,,,
21085,2014,40.5,369.0,360.0,,
21085,2015,80.0,40.5,369.0,360.0,256.5
21085,2016,76.59,80.0,40.5,369.0,163.16666666666666
21085,2017,81.0,76.59,80.0,40.5,65.69666666666667
21085,2018,90.0,81.0,76.59,80.0,79.19666666666667
21085,2019,91.8,90.0,81.0,76.59,82.53
21085,2020,92.25,91.8,90.0,81.0,87.60000000000001
21085,2021,80.24,92.25,91.8,90.0,91.35000000000001
21085,2022,166.0,80.24,92.25,91.8,88.09666666666665
21085,2023,177.3,166.0,80.24,92.25,112.83
21085,2025,171.45,,177.3,166.0,
21086,2025,0.0,,,,
21091,2003,7.2,,,,
21091,2004,7.2,7.2,,,
21091,2005,8.7,7.2,7.2,,
21098,2012,14.0,,,,
21098,2013,19.0,14.0,,,
21098,2014,16.4,19.0,14.0,,
21098,2015,18.0,16.4,19.0,14.0,16.466666666666665
21098,2016,18.1,18.0,16.4,19.0,17.8
21098,2017,20.63,18.1,18.0,16.4,17.5
21098,2018,20.25,20.63,18.1,18.0,18.91
21098,2019,19.48,20.25,20.63,18.1,19.66
21098,2020,18.61,19.48,20.25,20.63,20.12
21098,2021,20.0,18.61,19.48,20.25,19.44666666666667
21098,2022,29.6,20.0,18.61,19.48,19.363333333333333
21098,2023,29.85,29.6,20.0,18.61,22.736666666666668
21098,2025,25.3,,29.85,29.6,
21102,2003,153.0,,,,
21102,2004,170.0,153.0,,,
21102,2005,170.0,170.0,153.0,,
21102,2006,170.0,170.0,170.0,153.0,164.33333333333334
21102,2007,127.63,170.0,170.0,170.0,170.0
21102,2010,105.12,,,127.63,
21102,2011,115.2,105.12,,,
21102,2012,0.0,115.2,105.12,,
21102,2013,120.0,0.0,115.2,105.12,73.44
21102,2014,121.5,120.0,0.0,115.2,78.39999999999999
21102,2015,125.4,121.5,120.0,0.0,80.5
21102,2016,108.97,125.4,121.5,120.0,122.3
21102,2017,97.2,108.97,125.4,121.5,118.62333333333333
21102,2018,23.51,97.2,108.97,125.4,110.52333333333333
21102,2019,45.72,23.51,97.2,108.97,76.56
21102,2020,27.06,45.72,23.51,97.2,55.47666666666667
21102,2021,19.36,27.06,45.72,23.51,32.09666666666667
21102,2022,17.0,19.36,27.06,45.72,30.713333333333335
21102,2023,18.31,17.0,19.36,27.06,21.14
21102,2025,29.3,,18.31,17.0,
21112,2003,180.0,,,,
21112,2004,200.0,180.0,,,
21112,2005,160.0,200.0,180.0,,
21112,2006,180.0,160.0,200.0,180.0,180.0
21112,2007,180.0,180.0,160.0,200.0,180.0
21112,2008,180.0,180.0,180.0,160.0,173.33333333333334
21112,2014,2.4,,,,
21112,2015,4.8,2.4,,,
21112,2016,4.9,4.8,2.4,,
21112,2017,5.11,4.9,4.8,2.4,4.033333333333334
21112,2018,4.8,5.11,4.9,4.8,4.9366666666666665
21112,2019,5.2,4.8,5.11,4.9,4.936666666666667
21112,2020,4.78,5.2,4.8,5.11,5.036666666666667
21112,2021,4.8,4.78,5.2,4.8,4.926666666666667
21112,2022,4.63,4.8,4.78,5.2,4.926666666666667
21112,2023,4.01,4.63,4.8,4.78,4.736666666666667
21112,2025,8.0,,4.01,4.63,
21116,2003,90.0,,,,
21116,2004,92.0,90.0,,,
21116,2005,188.0,92.0,90.0,,
21116,2006,208.0,188.0,92.0,90.0,123.33333333333333
21116,2007,208.0,208.0,188.0,92.0,162.66666666666666
21116,2008,660.0,208.0,208.0,188.0,201.33333333333334
21116,2009,534.0,660.0,208.0,208.0,358.6666666666667
21116,2010,1123.32,534.0,660.0,208.0,467.3333333333333
21116,2011,570.0,1123.32,534.0,660.0,772.4399999999999
21116,2012,1670.0,570.0,1123.32,534.0,742.4399999999999
21116,2013,1430.0,1670.0,570.0,1123.32,1121.1066666666666
21116,2014,1226.2,1430.0,1670.0,570.0,1223.3333333333333
21116,2015,3292.8,1226.2,1430.0,1670.0,1442.0666666666668
21116,2016,3197.2,3292.8,1226.2,1430.0,1983.0
21116,2017,3394.0,3197.2,3292.8,1226.2,2572.066666666667
21116,2018,3845.6,3394.0,3197.2,3292.8,3294.6666666666665
21116,2019,3220.16,3845.6,3394.0,3197.2,3478.933333333333
21116,2020,3477.15,3220.16,3845.6,3394.0,3486.586666666666
21116,2021,3429.03,3477.15,3220.16,3845.6,3514.3033333333333
21116,2022,4482.0,3429.03,3477.15,3220.16,3375.4466666666667
21116,2023,7734.0,4482.0,3429.03,3477.15,3796.06
21116,2025,7395.6,,7734.0,4482.0,
21119,2003,336.0,,,,
21119,2004,80.0,336.0,,,
21119,2005,80.0,80.0,336.0,,
21119,2006,80.0,80.0,80.0,336.0,165.33333333333334
21119,2007,62.33,80.0,80.0,80.0,80.0
21119,2010,60.0,,,62.33,
21119,2011,67.5,60.0,,,
21119,2012,62.4,67.5,60.0,,
21119,2013,49.0,62.4,67.5,60.0,63.300000000000004
21119,2014,49.7,49.0,62.4,67.5,59.63333333333333
21119,2015,53.18,49.7,49.0,62.4,53.699999999999996
21119,2016,53.03,53.18,49.7,49.0,50.626666666666665
21119,2017,54.75,53.03,53.18,49.7,51.97
21119,2018,27.75,54.75,53.03,53.18,53.653333333333336
21119,2019,45.18,27.75,54.75,53.03,45.17666666666667
21119,2020,51.48,45.18,27.75,54.75,42.56
21119,2021,48.93,51.48,45.18,27.75,41.47
21119,2022,50.0,48.93,51.48,45.18,48.53
21119,2023,49.01,50.0,48.93,51.48,50.13666666666666
21119,2025,52.0,,49.01,50.0,
21126,2003,35.0,,,,
21126,2004,35.0,35.0,,,
21126,2005,35.0,35.0,35.0,,
21126,2006,37.19,35.0,35.0,35.0,35.0
21126,2007,35.75,37.19,35.0,35.0,35.73
21126,2008,35.0,35.75,37.19,35.0,35.98
21126,2009,21.0,35.0,35.75,37.19,35.98
21126,2010,39.34,21.0,35.0,35.75,30.583333333333332
21126,2011,23.94,39.34,21.0,35.0,31.78
21126,2012,22.8,23.94,39.34,21.0,28.093333333333334
21126,2013,16.5,22.8,23.94,39.34,28.69333333333334
21126,2014,17.4,16.5,22.8,23.94,21.080000000000002
21126,2015,18.01,17.4,16.5,22.8,18.9
21126,2016,18.04,18.01,17.4,16.5,17.30333333333333
21126,2017,18.6,18.04,18.01,17.4,17.816666666666666
21126,2018,19.5,18.6,18.04,18.01,18.21666666666667
21126,2019,29.45,19.5,18.6,18.04,18.713333333333335
21126,2020,33.1,29.45,19.5,18.6,22.51666666666667
21126,2021,28.57,33.1,29.45,19.5,27.349999999999998
21126,2022,25.0,28.57,33.1,29.45,30.373333333333335
21126,2023,24.7,25.0,28.57,33.1,28.89
21126,2025,30.0,,24.7,25.0,
21140,2003,30.0,,,,
21148,2003,100.0,,,,
21148,2004,80.0,100.0,,,
21148,2005,80.0,80.0,100.0,,
21148,2006,80.0,80.0,80.0,100.0,86.66666666666667
21148,2007,60.9,80.0,80.0,80.0,80.0
21148,2010,60.0,,,60.9,
21148,2011,64.0,60.0,,,
21148,2012,56.7,64.0,60.0,,
21148,2013,72.9,56.7,64.0,60.0,60.23333333333333
21148,2014,73.02,72.9,56.7,64.0,64.53333333333335
21148,2015,78.03,73.02,72.9,56.7,67.54
21148,2016,86.07,78.03,73.02,72.9,74.65
21148,2017,87.4,86.07,78.03,73.02,79.04
21148,2018,73.7,87.4,86.07,78.03,83.83333333333333
21148,2019,83.4,73.7,87.4,86.07,82.39
21148,2020,85.2,83.4,73.7,87.4,81.5
21148,2021,89.96,85.2,83.4,73.7,80.76666666666667
21148,2022,83.0,89.96,85.2,83.4,86.18666666666667
21148,2023,83.99,83.0,89.96,85.2,86.05333333333333
21148,2025,93.0,,83.99,83.0,
21156,2013,20.0,,,,
21156,2014,32.0,20.0,,,
21156,2015,25.5,32.0,20.0,,
21156,2016,28.5,25.5,32.0,20.0,25.833333333333332
21156,2017,16.3,28.5,25.5,32.0,28.666666666666668
21156,2018,15.2,16.3,28.5,25.5,23.433333333333334
21156,2019,14.8,15.2,16.3,28.5,20.0
21156,2020,16.0,14.8,15.2,16.3,15.433333333333332
21156,2021,17.0,16.0,14.8,15.2,15.333333333333334
21156,2022,17.4,17.0,16.0,14.8,15.933333333333332
21156,2023,34.0,17.4,17.0,16.0,16.8
21156,2025,15.0,,34.0,17.4,
21164,2019,39.0,,,,
21164,2020,41.3,39.0,,,
21164,2021,41.09,41.3,39.0,,
21164,2022,34.6,41.09,41.3,39.0,40.46333333333333
21164,2023,40.39,34.6,41.09,41.3,38.99666666666667
21164,2025,42.95,,40.39,34.6,
21169,2003,1729.0,,,,
21169,2004,1729.0,1729.0,,,
21169,2005,1729.0,1729.0,1729.0,,
21169,2006,800.0,1729.0,1729.0,1729.0,1729.0
21169,2007,1220.0,800.0,1729.0,1729.0,1419.3333333333333
21169,2008,1220.0,1220.0,800.0,1729.0,1249.6666666666667
21169,2009,1120.0,1220.0,1220.0,800.0,1080.0
21169,2010,1220.0,1120.0,1220.0,1220.0,1186.6666666666667
21169,2011,840.0,1220.0,1120.0,1220.0,1186.6666666666667
21169,2012,915.0,840.0,1220.0,1120.0,1060.0
21169,2013,1210.0,915.0,840.0,1220.0,991.6666666666666
21169,2014,978.5,1210.0,915.0,840.0,988.3333333333334
21169,2015,945.0,978.5,1210.0,915.0,1034.5
21169,2016,785.0,945.0,978.5,1210.0,1044.5
21169,2017,918.6,785.0,945.0,978.5,902.8333333333334
21169,2018,914.5,918.6,785.0,945.0,882.8666666666667
21169,2019,828.3,914.5,918.6,785.0,872.6999999999999
21169,2020,839.13,828.3,914.5,918.6,887.1333333333333
21169,2021,889.5,839.13,828.3,914.5,860.6433333333334
21169,2022,906.3,889.5,839.13,828.3,852.3100000000001
21169,2023,930.15,906.3,889.5,839.13,878.31
21169,2025,707.3,,930.15,906.3,
21172,2003,306.0,,,,
21172,2004,285.0,306.0,,,
21172,2005,257.0,285.0,306.0,,
21172,2006,276.0,257.0,285.0,306.0,282.6666666666667
21172,2007,1010.4,276.0,257.0,285.0,272.6666666666667
21172,2008,160.0,1010.4,276.0,257.0,514.4666666666667
21172,2009,131.7,160.0,1010.4,276.0,482.1333333333334
21172,2010,155.0,131.7,160.0,1010.4,434.0333333333333
21172,2011,150.0,155.0,131.7,160.0,148.9
21172,2012,156.0,150.0,155.0,131.7,145.56666666666666
21172,2013,173.08,156.0,150.0,155.0,153.66666666666666
21172,2014,128.12,173.08,156.0,150.0,159.69333333333336
21172,2015,129.7,128.12,173.08,156.0,152.4
21172,2016,105.11,129.7,128.12,173.08,143.63333333333333
21172,2017,118.95,105.11,129.7,128.12,120.97666666666665
21172,2018,18.91,118.95,105.11,129.7,117.92
21172,2019,173.09,18.91,118.95,105.11,80.99
21172,2020,171.99,173.09,18.91,118.95,103.65000000000002
21172,2021,170.34,171.99,173.09,18.91,121.33
21172,2022,182.16,170.34,171.99,173.09,171.80666666666664
21172,2023,189.63,182.16,170.34,171.99,174.83
21172,2025,244.79,,189.63,182.16,
21173,2003,128.0,,,,
21173,2004,160.0,128.0,,,
21173,2005,256.0,160.0,128.0,,
21173,2006,192.0,256.0,160.0,128.0,181.33333333333334
21173,2007,150.0,192.0,256.0,160.0,202.66666666666666
21173,2008,50.0,150.0,192.0,256.0,199.33333333333334
21173,2009,37.5,50.0,150.0,192.0,130.66666666666666
21173,2010,50.0,37.5,50.0,150.0,79.16666666666667
21173,2011,37.5,50.0,37.5,50.0,45.833333333333336
21173,2012,40.0,37.5,50.0,37.5,41.666666666666664
21173,2013,60.0,40.0,37.5,50.0,42.5
21173,2014,37.0,60.0,40.0,37.5,45.833333333333336
21173,2015,43.75,37.0,60.0,40.0,45.666666666666664
21173,2016,34.5,43.75,37.0,60.0,46.916666666666664
21173,2017,45.0,34.5,43.75,37.0,38.416666666666664
21173,2018,50.6,45.0,34.5,43.75,41.083333333333336
21173,2019,86.47,50.6,45.0,34.5,43.36666666666667
21173,2020,85.55,86.47,50.6,45.0,60.69
21173,2021,90.67,85.55,86.47,50.6,74.20666666666666
21173,2022,101.0,90.67,85.55,86.47,87.56333333333333
21173,2023,86.8,101.0,90.67,85.55,92.40666666666668
21173,2025,90.0,,86.8,101.0,
21174,2003,858.0,,,,
21174,2004,1072.5,858.0,,,
21174,2005,1716.0,1072.5,858.0,,
21174,2006,1287.0,1716.0,1072.5,858.0,1215.5
21174,2007,1200.0,1287.0,1716.0,1072.5,1358.5
21174,2008,300.0,1200.0,1287.0,1716.0,1401.0
21174,2009,195.0,300.0,1200.0,1287.0,929.0
21174,2010,169.0,195.0,300.0,1200.0,565.0
21174,2011,240.0,169.0,195.0,300.0,221.33333333333334
21174,2012,201.25,240.0,169.0,195.0,201.33333333333334
21174,2013,322.5,201.25,240.0,169.0,203.41666666666666
21174,2014,215.7,322.5,201.25,240.0,254.58333333333334
21174,2015,245.96,215.7,322.5,201.25,246.48333333333335
21174,2016,620.5,245.96,215.7,322.5,261.38666666666666
21174,2017,806.8,620.5,245.96,215.7,360.71999999999997
21174,2018,594.0,806.8,620.5,245.96,557.7533333333332
21174,2019,1062.07,594.0,806.8,620.5,673.7666666666665
21174,2020,925.16,1062.07,594.0,806.8,820.9566666666666
21174,2021,1031.64,925.16,1062.07,594.0,860.41
21174,2022,1057.0,1031.64,925.16,1062.07,1006.2900000000001
21174,2023,1082.21,1057.0,1031.64,925.16,1004.6
21174,2025,1235.92,,1082.21,1057.0,
21175,2003,252.0,,,,
21175,2004,224.0,252.0,,,
21175,2005,224.0,224.0,252.0,,
21175,2006,224.0,224.0,224.0,252.0,233.33333333333334
21175,2007,223.58,224.0,224.0,224.0,224.0
21175,2008,224.0,223.58,224.0,224.0,223.86
21175,2009,224.0,224.0,223.58,224.0,223.86
21175,2010,168.17,224.0,224.0,223.58,223.86
21175,2011,98.0,168.17,224.0,224.0,205.39
21175,2012,114.4,98.0,168.17,224.0,163.39
21175,2013,144.0,114.4,98.0,168.17,126.85666666666664
21175,2014,158.06,144.0,114.4,98.0,118.8
21175,2015,182.9,158.06,144.0,114.4,138.82000000000002
21175,2016,201.12,182.9,158.06,144.0,161.65333333333334
21175,2017,190.6,201.12,182.9,158.06,180.69333333333336
21175,2018,174.39,190.6,201.12,182.9,191.54
21175,2019,186.92000000000002,174.39,190.6,201.12,188.70333333333335
21175,2020,189.61,186.92000000000002,174.39,190.6,183.97
21175,2021,194.96,189.61,186.92000000000002,174.39,183.64
21175,2022,196.5,194.96,189.61,186.92000000000002,190.49666666666667
21175,2023,177.03,196.5,194.96,189.61,193.69000000000003
21175,2025,172.7,,177.03,196.5,
21181,2003,16.0,,,,
21186,2003,180.0,,,,
21186,2004,225.0,180.0,,,
21186,2005,360.0,225.0,180.0,,
21186,2006,270.0,360.0,225.0,180.0,255.0
21186,2007,270.0,270.0,360.0,225.0,285.0
21186,2008,100.0,270.0,270.0,360.0,300.0
21186,2009,75.0,100.0,270.0,270.0,213.33333333333334
21186,2010,100.0,75.0,100.0,270.0,148.33333333333334
21186,2011,100.0,100.0,75.0,100.0,91.66666666666667
21186,2012,97.5,100.0,100.0,75.0,91.66666666666667
21186,2013,150.0,97.5,100.0,100.0,99.16666666666667
21186,2014,95.0,150.0,97.5,100.0,115.83333333333333
21186,2015,100.0,95.0,150.0,97.5,114.16666666666667
21186,2016,208.0,100.0,95.0,150.0,115.0
21186,2017,337.74,208.0,100.0,95.0,134.33333333333334
21186,2018,306.0,337.74,208.0,100.0,215.24666666666667
21186,2019,548.7,306.0,337.74,208.0,283.91333333333336
21186,2020,527.16,548.7,306.0,337.74,397.48
21186,2021,546.63,527.16,548.7,306.0,460.62000000000006
21186,2022,574.0,546.63,527.16,548.7,540.83
21186,2023,543.74,574.0,546.63,527.16,549.2633333333333
21186,2025,588.26,,543.74,574.0,
21188,2003,1030.0,,,,
21188,2004,1004.96,1030.0,,,
21188,2005,973.75,1004.96,1030.0,,
21188,2006,973.75,973.75,1004.96,1030.0,1002.9033333333333
21188,2007,1054.04,973.75,973.75,1004.96,984.1533333333333
21188,2008,720.0,1054.04,973.75,973.75,1000.5133333333333
21188,2009,720.0,720.0,1054.04,973.75,915.93
21188,2010,647.0,720.0,720.0,1054.04,831.3466666666667
21188,2011,469.59999999999997,647.0,720.0,720.0,695.6666666666666
21188,2012,3238.6,469.59999999999997,647.0,720.0,612.1999999999999
21188,2013,3352.1,3238.6,469.59999999999997,647.0,1451.7333333333333
21188,2014,3473.62,3352.1,3238.6,469.59999999999997,2353.433333333333
21188,2015,3536.08,3473.62,3352.1,3238.6,3354.773333333333
21188,2016,3838.94,3536.08,3473.62,3352.1,3453.933333333333
21188,2017,3642.5,3838.94,3536.08,3473.62,3616.213333333333
21188,2018,2296.02,3642.5,3838.94,3536.08,3672.5066666666667
21188,2019,2278.04,2296.02,3642.5,3838.94,3259.1533333333336
21188,2020,2295.15,2278.04,2296.02,3642.5,2738.853333333333
21188,2021,2584.53,2295.15,2278.04,2296.02,2289.7366666666667
21188,2022,2617.99,2584.53,2295.15,2278.04,2385.906666666667
21188,2023,2590.14,2617.99,2584.53,2295.15,2499.2233333333334
21188,2025,1843.68,,2590.14,2617.99,
21194,2025,0.0,,,,
21195,2012,40.0,,,,
21195,2013,41.0,40.0,,,
21195,2014,35.55,41.0,40.0,,
21195,2015,63.0,35.55,41.0,40.0,38.85
21195,2016,41.5,63.0,35.55,41.0,46.51666666666667
21195,2017,29.4,41.5,63.0,35.55,46.68333333333334
21195,2018,27.6,29.4,41.5,63.0,44.63333333333333
21195,2019,25.0,27.6,29.4,41.5,32.833333333333336
21195,2020,26.22,25.0,27.6,29.4,27.333333333333332
21195,2021,34.79,26.22,25.0,27.6,26.27333333333333
21195,2022,60.0,34.79,26.22,25.0,28.669999999999998
21195,2023,61.16,60.0,34.79,26.22,40.336666666666666
21195,2025,42.0,,61.16,60.0,
21199,2003,214.0,,,,
21199,2004,267.5,214.0,,,
21199,2005,428.0,267.5,214.0,,
21199,2006,321.0,428.0,267.5,214.0,303.1666666666667
21199,2007,300.0,321.0,428.0,267.5,338.8333333333333
21199,2008,140.0,300.0,321.0,428.0,349.6666666666667
21199,2009,105.0,140.0,300.0,321.0,253.66666666666666
21199,2010,129.5,105.0,140.0,300.0,181.66666666666666
21199,2011,105.0,129.5,105.0,140.0,124.83333333333333
21199,2012,129.5,105.0,129.5,105.0,113.16666666666667
21199,2013,212.0,129.5,105.0,129.5,121.33333333333333
21199,2014,133.7,212.0,129.5,105.0,148.83333333333334
21199,2015,159.95,133.7,212.0,129.5,158.4
21199,2016,300.0,159.95,133.7,212.0,168.54999999999998
21199,2017,365.25,300.0,159.95,133.7,197.88333333333333
21199,2018,301.0,365.25,300.0,159.95,275.06666666666666
21199,2019,560.45,301.0,365.25,300.0,322.0833333333333
21199,2020,516.16,560.45,301.0,365.25,408.90000000000003
21199,2021,560.11,516.16,560.45,301.0,459.2033333333334
21199,2022,585.0,560.11,516.16,560.45,545.5733333333334
21199,2023,571.4,585.0,560.11,516.16,553.7566666666667
21199,2025,634.75,,571.4,585.0,
21200,2003,84.0,,,,
21200,2004,105.0,84.0,,,
21200,2005,168.0,105.0,84.0,,
21200,2006,126.0,168.0,105.0,84.0,119.0
21200,2008,20.0,,126.0,168.0,
21200,2009,15.0,20.0,,126.0,
21200,2010,21.5,15.0,20.0,,
21200,2011,15.0,21.5,15.0,20.0,18.833333333333332
21200,2012,15.88,15.0,21.5,15.0,17.166666666666668
21200,2013,1.5,15.88,15.0,21.5,17.46
21200,2014,14.5,1.5,15.88,15.0,10.793333333333335
21200,2015,36.5,14.5,1.5,15.88,10.626666666666667
21200,2016,34.43,36.5,14.5,1.5,17.5
21200,2017,76.5,34.43,36.5,14.5,28.47666666666667
21200,2018,120.5,76.5,34.43,36.5,49.14333333333334
21200,2019,218.88,120.5,76.5,34.43,77.14333333333333
21200,2020,225.88,218.88,120.5,76.5,138.62666666666667
21200,2021,243.95,225.88,218.88,120.5,188.42
21200,2022,269.0,243.95,225.88,218.88,229.57000000000002
21200,2023,309.55,269.0,243.95,225.88,246.27666666666664
21200,2025,317.61,,309.55,269.0,
21204,2003,120.0,,,,
21204,2004,150.0,120.0,,,
21204,2005,240.0,150.0,120.0,,
21204,2006,180.0,240.0,150.0,120.0,170.0
21204,2007,180.0,180.0,240.0,150.0,190.0
21204,2008,80.0,180.0,180.0,240.0,200.0
21204,2009,60.0,80.0,180.0,180.0,146.66666666666666
21204,2010,80.0,60.0,80.0,180.0,106.66666666666667
21204,2011,48.0,80.0,60.0,80.0,73.33333333333333
21204,2012,72.0,48.0,80.0,60.0,62.666666666666664
21204,2013,119.2,72.0,48.0,80.0,66.66666666666667
21204,2014,86.25,119.2,72.0,48.0,79.73333333333333
21204,2015,104.06,86.25,119.2,72.0,92.48333333333333
21204,2016,194.7,104.06,86.25,119.2,103.17
21204,2017,257.0,194.7,104.06,86.25,128.33666666666667
21204,2018,185.6,257.0,194.7,104.06,185.25333333333333
21204,2019,340.49,185.6,257.0,194.7,212.4333333333333
21204,2020,303.0,340.49,185.6,257.0,261.03
21204,2021,367.13,303.0,340.49,185.6,276.3633333333333
21204,2022,387.9,367.13,303.0,340.49,336.8733333333333
21204,2023,365.0,387.9,367.13,303.0,352.6766666666667
21204,2025,422.29,,365.0,387.9,
21206,2003,896.0,,,,
21206,2004,896.0,896.0,,,
21206,2005,896.0,896.0,896.0,,
21206,2006,800.0,896.0,896.0,896.0,896.0
21206,2007,1255.0,800.0,896.0,896.0,864.0
21206,2008,1255.0,1255.0,800.0,896.0,983.6666666666666
21206,2009,1155.0,1255.0,1255.0,800.0,1103.3333333333333
21206,2010,1255.0,1155.0,1255.0,1255.0,1221.6666666666667
21206,2011,1155.0,1255.0,1155.0,1255.0,1221.6666666666667
21206,2012,1255.0,1155.0,1255.0,1155.0,1188.3333333333333
21206,2013,1245.0,1255.0,1155.0,1255.0,1221.6666666666667
21206,2014,1219.0,1245.0,1255.0,1155.0,1218.3333333333333
21206,2015,1094.5,1219.0,1245.0,1255.0,1239.6666666666667
21206,2016,941.9,1094.5,1219.0,1245.0,1186.1666666666667
21206,2017,1061.97,941.9,1094.5,1219.0,1085.1333333333334
21206,2018,1077.7,1061.97,941.9,1094.5,1032.79
21206,2019,1001.13,1077.7,1061.97,941.9,1027.1899999999998
21206,2020,1007.1,1001.13,1077.7,1061.97,1046.9333333333332
21206,2021,1025.0,1007.1,1001.13,1077.7,1028.6433333333334
21206,2022,1039.1,1025.0,1007.1,1001.13,1011.0766666666667
21206,2023,1073.05,1039.1,1025.0,1007.1,1023.7333333333332
21206,2025,838.2,,1073.05,1039.1,
21207,2003,102.0,,,,
21207,2004,127.5,102.0,,,
21207,2005,240.0,127.5,102.0,,
21207,2006,153.0,240.0,127.5,102.0,156.5
21207,2008,40.0,,153.0,240.0,
21207,2009,30.0,40.0,,153.0,
21207,2010,29.97,30.0,40.0,,
21207,2011,20.0,29.97,30.0,40.0,33.32333333333333
21207,2012,32.18,20.0,29.97,30.0,26.656666666666666
21207,2013,50.0,32.18,20.0,29.97,27.383333333333336
21207,2014,46.6,50.0,32.18,20.0,34.06
21207,2015,84.14,46.6,50.0,32.18,42.92666666666667
21207,2016,72.8,84.14,46.6,50.0,60.24666666666667
21207,2017,130.4,72.8,84.14,46.6,67.84666666666666
21207,2018,209.0,130.4,72.8,84.14,95.78000000000002
21207,2019,318.71,209.0,130.4,72.8,137.4
21207,2020,384.83,318.71,209.0,130.4,219.36999999999998
21207,2021,517.24,384.83,318.71,209.0,304.18
21207,2022,541.0,517.24,384.83,318.71,406.9266666666667
21207,2023,598.05,541.0,517.24,384.83,481.0233333333333
21207,2025,608.6,,598.05,541.0,
21208,2005,0.0,,,,
21208,2006,0.28,0.0,,,
21208,2007,1203.21,0.28,0.0,,
21208,2008,96.0,1203.21,0.28,0.0,401.16333333333336
21208,2009,79.2,96.0,1203.21,0.28,433.16333333333336
21208,2010,92.94,79.2,96.0,1203.21,459.47
21208,2011,84.75,92.94,79.2,96.0,89.38
21208,2012,90.9,84.75,92.94,79.2,85.63
21208,2013,84.7,90.9,84.75,92.94,89.53000000000002
21208,2014,74.81,84.7,90.9,84.75,86.78333333333335
21208,2015,91.8,74.81,84.7,90.9,83.47000000000001
21208,2016,93.02,91.8,74.81,84.7,83.77
21208,2017,101.96,93.02,91.8,74.81,86.54333333333334
21208,2018,22.25,101.96,93.02,91.8,95.59333333333332
21208,2019,156.66,22.25,101.96,93.02,72.40999999999998
21208,2020,169.0,156.66,22.25,101.96,93.62333333333333
21208,2021,186.3,169.0,156.66,22.25,115.97000000000001
21208,2022,223.9,186.3,169.0,156.66,170.65333333333334
21208,2023,241.06,223.9,186.3,169.0,193.0666666666667
21208,2025,274.58,,241.06,223.9,
21209,2013,5.0,,,,
21209,2014,12.0,5.0,,,
21209,2015,15.6,12.0,5.0,,
21209,2016,16.0,15.6,12.0,5.0,10.866666666666667
21209,2017,16.4,16.0,15.6,12.0,14.533333333333333
21209,2018,14.0,16.4,16.0,15.6,16.0
21209,2019,13.5,14.0,16.4,16.0,15.466666666666667
21209,2020,17.8,13.5,14.0,16.4,14.633333333333333
21209,2021,17.2,17.8,13.5,14.0,15.1
21209,2022,17.4,17.2,17.8,13.5,16.166666666666668
21209,2023,31.4,17.4,17.2,17.8,17.466666666666665
21209,2025,15.0,,31.4,17.4,
21212,2003,34.0,,,,
21212,2004,42.5,34.0,,,
21212,2005,68.0,42.5,34.0,,
21212,2006,51.0,68.0,42.5,34.0,48.166666666666664
21212,2007,45.0,51.0,68.0,42.5,53.833333333333336
21212,2008,20.0,45.0,51.0,68.0,54.666666666666664
21212,2009,15.0,20.0,45.0,51.0,38.666666666666664
21212,2010,11.0,15.0,20.0,45.0,26.666666666666668
21212,2011,12.0,11.0,15.0,20.0,15.333333333333334
21212,2012,15.0,12.0,11.0,15.0,12.666666666666666
21212,2013,27.5,15.0,12.0,11.0,12.666666666666666
21212,2014,15.9,27.5,15.0,12.0,18.166666666666668
21212,2015,18.0,15.9,27.5,15.0,19.466666666666665
21212,2016,20.0,18.0,15.9,27.5,20.466666666666665
21212,2017,25.0,20.0,18.0,15.9,17.966666666666665
21212,2018,30.7,25.0,20.0,18.0,21.0
21212,2019,49.06,30.7,25.0,20.0,25.233333333333334
21212,2020,48.03,49.06,30.7,25.0,34.92
21212,2021,48.8,48.03,49.06,30.7,42.59666666666667
21212,2022,57.0,48.8,48.03,49.06,48.629999999999995
21212,2023,306.8,57.0,48.8,48.03,51.276666666666664
21212,2025,60.0,,306.8,57.0,
21217,2012,24.0,,,,
21217,2013,12.0,24.0,,,
21217,2014,35.0,12.0,24.0,,
21217,2015,59.2,35.0,12.0,24.0,23.666666666666668
21217,2016,78.0,59.2,35.0,12.0,35.4
21217,2017,91.2,78.0,59.2,35.0,57.4
21217,2018,102.0,91.2,78.0,59.2,76.13333333333334
21217,2019,96.2,102.0,91.2,78.0,90.39999999999999
21217,2020,89.08,96.2,102.0,91.2,96.46666666666665
21217,2021,95.56,89.08,96.2,102.0,95.75999999999999
21217,2022,108.95,95.56,89.08,96.2,93.61333333333334
21217,2023,120.84,108.95,95.56,89.08,97.86333333333334
21217,2025,130.49,,120.84,108.95,
22002,2018,0.0,,,,
22002,2019,0.0,0.0,,,
22002,2020,37.5,0.0,0.0,,
22002,2021,60.0,37.5,0.0,0.0,12.5
22002,2022,60.0,60.0,37.5,0.0,32.5
22002,2023,70.0,60.0,60.0,37.5,52.5
22002,2025,357.2,,70.0,60.0,
22004,2003,71.0,,,,
22004,2004,77.0,71.0,,,
22004,2005,107.5,77.0,71.0,,
22004,2006,80.5,107.5,77.0,71.0,85.16666666666667
22004,2007,102.5,80.5,107.5,77.0,88.33333333333333
22004,2008,77.5,102.5,80.5,107.5,96.83333333333333
22004,2009,80.0,77.5,102.5,80.5,86.83333333333333
22004,2010,95.0,80.0,77.5,102.5,86.66666666666667
22004,2011,95.0,95.0,80.0,77.5,84.16666666666667
22004,2012,92.5,95.0,95.0,80.0,90.0
22004,2013,113.4,92.5,95.0,95.0,94.16666666666667
22004,2014,55.2,113.4,92.5,95.0,100.3
22004,2015,64.8,55.2,113.4,92.5,87.03333333333335
22004,2016,74.4,64.8,55.2,113.4,77.8
22004,2017,72.0,74.4,64.8,55.2,64.8
22004,2018,194.4,72.0,74.4,64.8,70.39999999999999
22004,2019,102.0,194.4,72.0,74.4,113.60000000000001
22004,2020,95.88,102.0,194.4,72.0,122.8
22004,2021,96.0,95.88,102.0,194.4,130.76
22004,2022,101.42,96.0,95.88,102.0,97.96
22004,2023,103.66,101.42,96.0,95.88,97.76666666666667
22004,2025,346.04,,103.66,101.42,
22006,2003,28.0,,,,
22006,2004,16.0,28.0,,,
22006,2005,20.0,16.0,28.0,,
22006,2006,22.0,20.0,16.0,28.0,21.333333333333332
22006,2007,26.0,22.0,20.0,16.0,19.333333333333332
22006,2008,22.0,26.0,22.0,20.0,22.666666666666668
22006,2009,4.8,22.0,26.0,22.0,23.333333333333332
22006,2010,10.0,4.8,22.0,26.0,17.599999999999998
22006,2011,3.2,10.0,4.8,22.0,12.266666666666666
22006,2012,2.4,3.2,10.0,4.8,6.0
22006,2013,0.0,2.4,3.2,10.0,5.2
22009,2018,0.0,,,,
22009,2019,0.0,0.0,,,
22009,2020,12.5,0.0,0.0,,
22009,2021,15.0,12.5,0.0,0.0,4.166666666666667
22009,2022,15.0,15.0,12.5,0.0,9.166666666666666
22009,2023,24.8,15.0,15.0,12.5,14.166666666666666
22009,2025,71.44,,24.8,15.0,
22013,2003,43.0,,,,
22013,2004,81.0,43.0,,,
22013,2005,97.0,81.0,43.0,,
22013,2006,104.0,97.0,81.0,43.0,73.66666666666667
22013,2007,109.05,104.0,97.0,81.0,94.0
22013,2008,107.3,109.05,104.0,97.0,103.35000000000001
22013,2009,99.5,107.3,109.05,104.0,106.78333333333335
22013,2010,103.0,99.5,107.3,109.05,105.28333333333335
22013,2011,95.7,103.0,99.5,107.3,103.26666666666665
22013,2012,87.0,95.7,103.0,99.5,99.39999999999999
22013,2013,111.6,87.0,95.7,103.0,95.23333333333333
22013,2014,99.2,111.6,87.0,95.7,98.10000000000001
22013,2015,93.0,99.2,111.6,87.0,99.26666666666667
22013,2016,65.1,93.0,99.2,111.6,101.26666666666667
22013,2017,105.6,65.1,93.0,99.2,85.76666666666665
22013,2018,99.0,105.6,65.1,93.0,87.89999999999999
22013,2019,100.65,99.0,105.6,65.1,89.89999999999999
22013,2020,102.3,100.65,99.0,105.6,101.75
22013,2021,102.96,102.3,100.65,99.0,100.64999999999999
22013,2022,102.96,102.96,102.3,100.65,101.96999999999998
22013,2023,104.94,102.96,102.96,102.3,102.74
22013,2025,312.55,,104.94,102.96,
22015,2003,21.0,,,,
22015,2004,20.0,21.0,,,
22015,2005,17.4,20.0,21.0,,
22015,2006,17.4,17.4,20.0,21.0,19.466666666666665
22015,2007,18.3,17.4,17.4,20.0,18.266666666666666
22015,2008,16.8,18.3,17.4,17.4,17.7
22015,2009,18.6,16.8,18.3,17.4,17.5
22015,2010,39.2,18.6,16.8,18.3,17.900000000000002
22015,2011,23.0,39.2,18.6,16.8,24.86666666666667
22015,2012,20.3,23.0,39.2,18.6,26.933333333333337
22015,2013,17.5,20.3,23.0,39.2,27.5
22015,2014,9.8,17.5,20.3,23.0,20.266666666666666
22015,2015,12.25,9.8,17.5,20.3,15.866666666666667
22015,2016,16.5,12.25,9.8,17.5,13.183333333333332
22015,2017,33.6,16.5,12.25,9.8,12.85
22015,2018,64.0,33.6,16.5,12.25,20.783333333333335
22015,2019,66.15,64.0,33.6,16.5,38.03333333333334
22015,2020,66.36,66.15,64.0,33.6,54.583333333333336
22015,2021,66.78,66.36,66.15,64.0,65.50333333333334
22015,2022,67.2,66.78,66.36,66.15,66.43
22015,2023,68.46,67.2,66.78,66.36,66.78000000000002
22015,2025,236.32,,68.46,67.2,
22018,2003,38.0,,,,
22018,2004,69.0,38.0,,,
22018,2005,87.5,69.0,38.0,,
22018,2006,80.0,87.5,69.0,38.0,64.83333333333333
22018,2007,94.0,80.0,87.5,69.0,78.83333333333333
22018,2008,98.0,94.0,80.0,87.5,87.16666666666667
22018,2009,85.0,98.0,94.0,80.0,90.66666666666667
22018,2010,84.3,85.0,98.0,94.0,92.33333333333333
22018,2011,72.5,84.3,85.0,98.0,89.10000000000001
22018,2012,77.5,72.5,84.3,85.0,80.60000000000001
22018,2013,78.3,77.5,72.5,84.3,78.10000000000001
22018,2014,79.65,78.3,77.5,72.5,76.1
22018,2015,62.1,79.65,78.3,77.5,78.48333333333333
22018,2016,65.07,62.1,79.65,78.3,73.35
22018,2017,64.8,65.07,62.1,79.65,68.94
22018,2018,62.1,64.8,65.07,62.1,63.98999999999999
22018,2019,62.37,62.1,64.8,65.07,63.99
22018,2020,62.1,62.37,62.1,64.8,63.089999999999996
22018,2021,62.1,62.1,62.37,62.1,62.19
22018,2022,62.64,62.1,62.1,62.37,62.19
22018,2023,63.99,62.64,62.1,62.1,62.28
22018,2025,227.88,,63.99,62.64,
23004,2003,247.5,,,,
23004,2004,247.5,247.5,,,
23004,2005,247.5,247.5,247.5,,
23004,2006,247.0,247.5,247.5,247.5,247.5
23004,2007,247.5,247.0,247.5,247.5,247.33333333333334
23004,2008,341.0,247.5,247.0,247.5,247.33333333333334
23004,2010,68.0,,341.0,247.5,
23004,2011,71.4,68.0,,341.0,
23004,2012,27.3,71.4,68.0,,
23007,2025,24.15,,,,
23010,2015,450.0,,,,
23010,2016,400.0,450.0,,,
24006,2006,15.0,,,,
24006,2007,10.0,15.0,,,
24006,2008,7.5,10.0,15.0,,
24006,2009,15.0,7.5,10.0,15.0,10.833333333333334
24006,2010,0.0,15.0,7.5,10.0,10.833333333333334
24006,2011,12.0,0.0,15.0,7.5,7.5
24006,2012,7.5,12.0,0.0,15.0,9.0
24006,2013,8.0,7.5,12.0,0.0,6.5
24006,2014,10.5,8.0,7.5,12.0,9.166666666666666
24006,2015,17.5,10.5,8.0,7.5,8.666666666666666
24006,2016,18.2,17.5,10.5,8.0,12.0
24006,2017,19.95,18.2,17.5,10.5,15.4
24006,2018,23.1,19.95,18.2,17.5,18.55
24006,2019,19.81,23.1,19.95,18.2,20.416666666666668
24006,2020,21.0,19.81,23.1,19.95,20.953333333333333
24006,2021,20.3,21.0,19.81,23.1,21.30333333333333
24006,2022,17.5,20.3,21.0,19.81,20.37
24006,2023,16.8,17.5,20.3,21.0,19.599999999999998
24006,2025,27.0,,16.8,17.5,
24011,2015,30.0,,,,
24011,2016,40.0,30.0,,,
24011,2017,55.0,40.0,30.0,,
24011,2018,56.0,55.0,40.0,30.0,41.666666666666664
24011,2019,69.0,56.0,55.0,40.0,50.333333333333336
24011,2020,72.0,69.0,56.0,55.0,60.0
24011,2021,78.0,72.0,69.0,56.0,65.66666666666667
24011,2022,79.2,78.0,72.0,69.0,73.0
24011,2023,322.0,79.2,78.0,72.0,76.39999999999999
24011,2025,580.45,,322.0,79.2,
24032,2003,720.0,,,,
24032,2004,400.0,720.0,,,
24032,2005,240.0,400.0,720.0,,
24032,2006,96.0,240.0,400.0,720.0,453.3333333333333
24032,2007,40.0,96.0,240.0,400.0,245.33333333333334
24032,2008,64.0,40.0,96.0,240.0,125.33333333333333
24032,2009,64.0,64.0,40.0,96.0,66.66666666666667
24032,2010,48.0,64.0,64.0,40.0,56.0
24032,2011,47.52,48.0,64.0,64.0,58.666666666666664
24032,2012,64.0,47.52,48.0,64.0,53.17333333333334
24032,2013,64.0,64.0,47.52,48.0,53.17333333333334
24032,2014,68.0,64.0,64.0,47.52,58.50666666666667
24032,2015,62.4,68.0,64.0,64.0,65.33333333333333
24032,2016,95.38,62.4,68.0,64.0,64.8
24032,2017,84.0,95.38,62.4,68.0,75.26
24032,2018,72.0,84.0,95.38,62.4,80.59333333333333
24032,2019,50.0,72.0,84.0,95.38,83.79333333333334
24032,2020,27.84,50.0,72.0,84.0,68.66666666666667
24032,2021,14.25,27.84,50.0,72.0,49.946666666666665
24047,2013,12.6,,,,
24047,2014,15.6,12.6,,,
24047,2015,15.0,15.6,12.6,,
24047,2016,15.78,15.0,15.6,12.6,14.4
24047,2017,15.6,15.78,15.0,15.6,15.459999999999999
24047,2018,19.8,15.6,15.78,15.0,15.459999999999999
24047,2019,16.5,19.8,15.6,15.78,17.06
24047,2020,26.7,16.5,19.8,15.6,17.3
24047,2021,18.6,26.7,16.5,19.8,21.0
24047,2022,18.3,18.6,26.7,16.5,20.599999999999998
24047,2023,18.0,18.3,18.6,26.7,21.2
24047,2025,18.0,,18.0,18.3,
24048,2020,6.85,,,,
24048,2021,5.8,6.85,,,
24048,2022,5.6,5.8,6.85,,
24048,2023,6.1,5.6,5.8,6.85,6.083333333333333
24048,2025,0.0,,6.1,5.6,
24054,2017,30.0,,,,
24054,2018,21.72,30.0,,,
24054,2019,21.6,21.72,30.0,,
24054,2020,30.6,21.6,21.72,30.0,24.439999999999998
24054,2021,131.1,30.6,21.6,21.72,24.64
24054,2022,133.44,131.1,30.6,21.6,61.1
24054,2023,66.0,133.44,131.1,30.6,98.38
24054,2025,259.05,,66.0,133.44,
25001,2003,0.0,,,,
25001,2013,0.0,,,,
25001,2014,266.0,0.0,,,
25001,2015,35.6,266.0,0.0,,
25001,2016,37.22,35.6,266.0,0.0,100.53333333333335
25001,2017,33.5,37.22,35.6,266.0,112.94
25001,2018,31.55,33.5,37.22,35.6,35.44
25001,2019,30.6,31.55,33.5,37.22,34.09
25001,2020,31.5,30.6,31.55,33.5,31.883333333333336
25001,2021,41.21,31.5,30.6,31.55,31.21666666666667
25001,2022,36.5,41.21,31.5,30.6,34.43666666666667
25001,2023,315.07,36.5,41.21,31.5,36.40333333333333
25001,2025,341.33000000000004,,315.07,36.5,
25002,2020,0.0,,,,
25002,2021,0.0,0.0,,,
25002,2022,30.53,0.0,0.0,,
25002,2023,28.02,30.53,0.0,0.0,10.176666666666668
25002,2025,17.86,,28.02,30.53,
25004,2007,16.0,,,,
25004,2008,16.0,16.0,,,
25004,2009,12.0,16.0,16.0,,
25004,2011,24.0,,12.0,16.0,
25004,2012,24.0,24.0,,12.0,
25004,2013,16.0,24.0,24.0,,
25004,2014,17.0,16.0,24.0,24.0,21.333333333333332
25004,2015,27.2,17.0,16.0,24.0,19.0
25004,2016,34.6,27.2,17.0,16.0,20.066666666666666
25004,2017,36.4,34.6,27.2,17.0,26.266666666666666
25004,2018,39.0,36.4,34.6,27.2,32.73333333333333
25004,2019,41.3,39.0,36.4,34.6,36.666666666666664
25004,2020,82.26,41.3,39.0,36.4,38.9
25004,2021,58.68,82.26,41.3,39.0,54.18666666666667
25004,2022,2489.22,58.68,82.26,41.3,60.74666666666667
25004,2023,2256.75,2489.22,58.68,82.26,876.7199999999999
25004,2025,2183.73,,2256.75,2489.22,
25006,2003,242.0,,,,
25006,2004,113.99000000000001,242.0,,,
25006,2005,54.0,113.99000000000001,242.0,,
25006,2006,37.0,54.0,113.99000000000001,242.0,136.66333333333333
25007,2003,0.0,,,,
25010,2003,0.0,,,,
25011,2003,324.0,,,,
25011,2004,596.0,324.0,,,
25011,2005,665.0,596.0,324.0,,
25011,2006,220.0,665.0,596.0,324.0,528.3333333333334
25011,2009,1088.6,,,220.0,
25013,2008,522.0,,,,
25013,2009,504.0,522.0,,,
25013,2020,91.0,,,,
25013,2021,87.57,91.0,,,
25013,2022,105.18,87.57,91.0,,
25013,2023,101.57,105.18,87.57,91.0,94.58333333333333
25013,2025,89.3,,101.57,105.18,
25016,2020,1202.0,,,,
25016,2021,0.0,1202.0,,,
25016,2022,0.0,0.0,1202.0,,
25016,2023,1500.0,0.0,0.0,1202.0,400.6666666666667
25016,2025,893.0,,1500.0,0.0,
25017,2003,672.0,,,,
25017,2004,827.0,672.0,,,
25017,2005,1022.0,827.0,672.0,,
25017,2006,733.0,1022.0,827.0,672.0,840.3333333333334
25017,2009,1170.0,,,733.0,
25018,2003,640.0,,,,
25018,2004,310.0,640.0,,,
25018,2005,291.0,310.0,640.0,,
25018,2006,189.0,291.0,310.0,640.0,413.6666666666667
25018,2007,226.0,189.0,291.0,310.0,263.3333333333333
25018,2008,194.0,226.0,189.0,291.0,235.33333333333334
25018,2009,339.5,194.0,226.0,189.0,203.0
25018,2010,53.0,339.5,194.0,226.0,253.16666666666666
25018,2011,0.0,53.0,339.5,194.0,195.5
25018,2012,170.4,0.0,53.0,339.5,130.83333333333334
25018,2013,126.0,170.4,0.0,53.0,74.46666666666667
25018,2014,42.75,126.0,170.4,0.0,98.8
25018,2015,68.0,42.75,126.0,170.4,113.05
25018,2016,76.87,68.0,42.75,126.0,78.91666666666667
25018,2017,63.8,76.87,68.0,42.75,62.54
25018,2018,65.0,63.8,76.87,68.0,69.55666666666667
25018,2019,75.8,65.0,63.8,76.87,68.55666666666667
25018,2020,69.67,75.8,65.0,63.8,68.2
25018,2021,67.95,69.67,75.8,65.0,70.15666666666668
25018,2022,125.6,67.95,69.67,75.8,71.14
25018,2023,101.75,125.6,67.95,69.67,87.74000000000001
25018,2025,189.64,,101.75,125.6,
26012,2020,0.0,,,,
26012,2021,0.0,0.0,,,
26012,2022,0.0,0.0,0.0,,
26012,2023,0.0,0.0,0.0,0.0,0.0
26012,2025,0.0,,0.0,0.0,
26026,2003,25.0,,,,
26026,2004,75.0,25.0,,,
26026,2005,25.0,75.0,25.0,,
26026,2006,50.0,25.0,75.0,25.0,41.666666666666664
26026,2007,48.0,50.0,25.0,75.0,50.0
26026,2008,65.0,48.0,50.0,25.0,41.0
26026,2009,65.0,65.0,48.0,50.0,54.333333333333336
26026,2010,67.0,65.0,65.0,48.0,59.333333333333336
26026,2011,67.0,67.0,65.0,65.0,65.66666666666667
26026,2012,68.1,67.0,67.0,65.0,66.33333333333333
26026,2013,64.35,68.1,67.0,67.0,67.36666666666666
26026,2014,67.0,64.35,68.1,67.0,66.48333333333333
26026,2015,81.24,67.0,64.35,68.1,66.48333333333333
26026,2016,81.0,81.24,67.0,64.35,70.86333333333333
26026,2017,79.98,81.0,81.24,67.0,76.41333333333334
26026,2018,71.88,79.98,81.0,81.24,80.74
26026,2019,81.78,71.88,79.98,81.0,77.62
26026,2020,77.4,81.78,71.88,79.98,77.88000000000001
26026,2021,81.0,77.4,81.78,71.88,77.02
26026,2022,87.0,81.0,77.4,81.78,80.06
26026,2023,85.8,87.0,81.0,77.4,81.8
26026,2025,53.58,,85.8,87.0,
26030,2019,0.0,,,,
26030,2020,0.0,0.0,,,
26030,2021,0.0,0.0,0.0,,
26030,2022,0.0,0.0,0.0,0.0,0.0
26030,2023,0.0,0.0,0.0,0.0,0.0
26030,2025,0.0,,0.0,0.0,
26033,2003,25.0,,,,
26033,2005,25.0,,25.0,,
26033,2006,50.0,25.0,,25.0,
26033,2007,48.0,50.0,25.0,,
26033,2008,91.0,48.0,50.0,25.0,41.0
26033,2009,91.0,91.0,48.0,50.0,63.0
26033,2010,89.6,91.0,91.0,48.0,76.66666666666667
26033,2011,95.2,89.6,91.0,91.0,90.53333333333335
26033,2012,96.6,95.2,89.6,91.0,91.93333333333334
26033,2013,91.0,96.6,95.2,89.6,93.8
26033,2014,98.35,91.0,96.6,95.2,94.26666666666667
26033,2015,108.64,98.35,91.0,96.6,95.31666666666666
26033,2016,107.2,108.64,98.35,91.0,99.33
26033,2017,109.04,107.2,108.64,98.35,104.73
26033,2018,97.84,109.04,107.2,108.64,108.29333333333334
26033,2019,109.76,97.84,109.04,107.2,104.69333333333334
26033,2020,104.0,109.76,97.84,109.04,105.54666666666668
26033,2021,108.0,104.0,109.76,97.84,103.86666666666667
26033,2022,113.6,108.0,104.0,109.76,107.25333333333333
26033,2023,117.6,113.6,108.0,104.0,108.53333333333335
26033,2025,71.44,,117.6,113.6,
26042,2003,200.0,,,,
26042,2005,200.0,,200.0,,
26042,2006,312.5,200.0,,200.0,
26042,2007,180.0,312.5,200.0,,
26042,2008,195.0,180.0,312.5,200.0,230.83333333333334
26042,2009,190.5,195.0,180.0,312.5,229.16666666666666
26042,2010,197.25,190.5,195.0,180.0,188.5
26042,2011,201.3,197.25,190.5,195.0,194.25
26042,2012,204.0,201.3,197.25,190.5,196.35
26042,2013,194.25,204.0,201.3,197.25,200.85
26042,2014,201.0,194.25,204.0,201.3,199.85
26042,2015,218.08,201.0,194.25,204.0,199.75
26042,2016,216.8,218.08,201.0,194.25,204.44333333333336
26042,2017,217.6,216.8,218.08,201.0,211.96
26042,2018,190.4,217.6,216.8,218.08,217.49333333333334
26042,2019,221.12,190.4,217.6,216.8,208.26666666666665
26042,2020,208.0,221.12,190.4,217.6,209.70666666666668
26042,2021,211.2,208.0,221.12,190.4,206.50666666666666
26042,2022,230.4,211.2,208.0,221.12,213.44000000000003
26042,2023,232.0,230.4,211.2,208.0,216.53333333333333
26042,2025,142.88,,232.0,230.4,
26072,2020,0.0,,,,
26072,2021,0.0,0.0,,,
26072,2022,0.0,0.0,0.0,,
26072,2023,0.0,0.0,0.0,0.0,0.0
26072,2025,0.0,,0.0,0.0,
27001,2003,5.0,,,,
27001,2004,5.0,5.0,,,
27001,2005,5.0,5.0,5.0,,
27001,2006,10.0,5.0,5.0,5.0,5.0
27001,2007,8.0,10.0,5.0,5.0,6.666666666666667
27001,2008,10.0,8.0,10.0,5.0,7.666666666666667
27001,2009,20.0,10.0,8.0,10.0,9.333333333333334
27001,2010,10.0,20.0,10.0,8.0,12.666666666666666
27001,2011,10.0,10.0,20.0,10.0,13.333333333333334
27001,2012,0.0,10.0,10.0,20.0,13.333333333333334
27002,2003,95.0,,,,
27002,2004,122.0,95.0,,,
27002,2005,122.0,122.0,95.0,,
27002,2006,125.0,122.0,122.0,95.0,113.0
27002,2007,93.0,125.0,122.0,122.0,123.0
27002,2008,139.0,93.0,125.0,122.0,113.33333333333333
27002,2009,107.0,139.0,93.0,125.0,119.0
27002,2010,100.0,107.0,139.0,93.0,113.0
27002,2011,103.0,100.0,107.0,139.0,115.33333333333333
27002,2012,110.0,103.0,100.0,107.0,103.33333333333333
27002,2013,100.0,110.0,103.0,100.0,104.33333333333333
27002,2014,103.0,100.0,110.0,103.0,104.33333333333333
27002,2015,95.0,103.0,100.0,110.0,104.33333333333333
27002,2016,99.0,95.0,103.0,100.0,99.33333333333333
27002,2017,99.82,99.0,95.0,103.0,99.0
27002,2018,90.0,99.82,99.0,95.0,97.94
27002,2019,95.9,90.0,99.82,99.0,96.27333333333333
27002,2020,95.2,95.9,90.0,99.82,95.24000000000001
27002,2021,96.25,95.2,95.9,90.0,93.7
27002,2022,96.95,96.25,95.2,95.9,95.78333333333335
27002,2023,96.6,96.95,96.25,95.2,96.13333333333333
27002,2025,103.95,,96.6,96.95,
27003,2003,217.0,,,,
27003,2004,176.0,217.0,,,
27003,2005,120.0,176.0,217.0,,
27003,2006,180.0,120.0,176.0,217.0,171.0
27003,2007,158.0,180.0,120.0,176.0,158.66666666666666
27003,2008,176.0,158.0,180.0,120.0,152.66666666666666
27003,2009,200.0,176.0,158.0,180.0,171.33333333333334
27003,2010,230.0,200.0,176.0,158.0,178.0
27003,2011,202.4,230.0,200.0,176.0,202.0
27003,2012,181.0,202.4,230.0,200.0,210.79999999999998
27003,2013,160.0,181.0,202.4,230.0,204.46666666666667
27003,2014,118.0,160.0,181.0,202.4,181.13333333333333
27003,2015,236.16,118.0,160.0,181.0,153.0
27003,2016,121.0,236.16,118.0,160.0,171.38666666666668
27003,2017,182.89,121.0,236.16,118.0,158.38666666666668
27003,2018,255.2,182.89,121.0,236.16,180.01666666666665
27003,2019,206.8,255.2,182.89,121.0,186.36333333333332
27003,2020,205.26,206.8,255.2,182.89,214.96333333333334
27003,2021,203.72,205.26,206.8,255.2,222.42
27003,2022,202.62,203.72,205.26,206.8,205.26
27003,2023,202.4,202.62,203.72,205.26,203.86666666666667
27003,2025,202.62,,202.4,202.62,
27006,2003,8.0,,,,
27006,2004,6.0,8.0,,,
27006,2005,6.0,6.0,8.0,,
27006,2006,6.0,6.0,6.0,8.0,6.666666666666667
27006,2007,6.0,6.0,6.0,6.0,6.0
27006,2008,6.0,6.0,6.0,6.0,6.0
27006,2009,6.0,6.0,6.0,6.0,6.0
27006,2010,6.0,6.0,6.0,6.0,6.0
27006,2011,5.94,6.0,6.0,6.0,6.0
27006,2012,6.0,5.94,6.0,6.0,5.98
27006,2013,5.0,6.0,5.94,6.0,5.98
27006,2014,5.5,5.0,6.0,5.94,5.646666666666667
27006,2015,5.75,5.5,5.0,6.0,5.5
27006,2016,5.35,5.75,5.5,5.0,5.416666666666667
27006,2017,6.78,5.35,5.75,5.5,5.533333333333332
27006,2018,5.23,6.78,5.35,5.75,5.96
27006,2019,5.8,5.23,6.78,5.35,5.786666666666666
27006,2020,5.72,5.8,5.23,6.78,5.936666666666667
27006,2021,5.84,5.72,5.8,5.23,5.583333333333333
27006,2022,5.88,5.84,5.72,5.8,5.786666666666666
27006,2023,5.92,5.88,5.84,5.72,5.813333333333333
27006,2025,5.94,,5.92,5.88,
27007,2003,5.0,,,,
27007,2004,5.0,5.0,,,
27007,2005,1.0,5.0,5.0,,
27007,2006,5.0,1.0,5.0,5.0,3.6666666666666665
27007,2007,25.0,5.0,1.0,5.0,3.6666666666666665
27007,2008,5.0,25.0,5.0,1.0,10.333333333333334
27007,2009,5.0,5.0,25.0,5.0,11.666666666666666
27007,2010,5.0,5.0,5.0,25.0,11.666666666666666
27007,2011,5.0,5.0,5.0,5.0,5.0
27007,2012,6.0,5.0,5.0,5.0,5.0
27008,2003,100.0,,,,
27008,2004,100.0,100.0,,,
27008,2005,70.0,100.0,100.0,,
27008,2006,120.0,70.0,100.0,100.0,90.0
27008,2007,110.0,120.0,70.0,100.0,96.66666666666667
27008,2008,125.0,110.0,120.0,70.0,100.0
27008,2009,100.0,125.0,110.0,120.0,118.33333333333333
27008,2010,110.0,100.0,125.0,110.0,111.66666666666667
27008,2011,98.0,110.0,100.0,125.0,111.66666666666667
27010,2003,42.0,,,,
27010,2004,39.0,42.0,,,
27010,2005,18.0,39.0,42.0,,
27011,2003,75.0,,,,
27011,2004,67.0,75.0,,,
27011,2005,70.0,67.0,75.0,,
27011,2006,70.0,70.0,67.0,75.0,70.66666666666667
27011,2007,75.0,70.0,70.0,67.0,69.0
27011,2008,150.0,75.0,70.0,70.0,71.66666666666667
27011,2009,75.0,150.0,75.0,70.0,98.33333333333333
27011,2010,60.0,75.0,150.0,75.0,100.0
27011,2011,75.0,60.0,75.0,150.0,95.0
27011,2012,82.5,75.0,60.0,75.0,70.0
27017,2003,55.0,,,,
27017,2004,55.0,55.0,,,
27017,2005,55.0,55.0,55.0,,
27017,2006,50.0,55.0,55.0,55.0,55.0
27017,2007,55.0,50.0,55.0,55.0,53.333333333333336
27017,2008,77.0,55.0,50.0,55.0,53.333333333333336
27017,2009,77.0,77.0,55.0,50.0,60.666666666666664
27017,2010,55.0,77.0,77.0,55.0,69.66666666666667
27017,2011,66.0,55.0,77.0,77.0,69.66666666666667
27017,2012,77.0,66.0,55.0,77.0,66.0
28012,2003,270.0,,,,
28012,2004,225.0,270.0,,,
28012,2005,180.0,225.0,270.0,,
28012,2006,127.5,180.0,225.0,270.0,225.0
28012,2007,180.0,127.5,180.0,225.0,177.5
28012,2008,247.5,180.0,127.5,180.0,162.5
28012,2009,253.5,247.5,180.0,127.5,185.0
28012,2010,300.0,253.5,247.5,180.0,227.0
28012,2011,270.0,300.0,253.5,247.5,267.0
28012,2012,225.0,270.0,300.0,253.5,274.5
28012,2013,0.0,225.0,270.0,300.0,265.0
28017,2003,7.0,,,,
28017,2004,49.0,7.0,,,
28017,2005,2.7,49.0,7.0,,
28017,2006,38.0,2.7,49.0,7.0,19.566666666666666
28017,2007,22.5,38.0,2.7,49.0,29.900000000000002
28017,2008,30.0,22.5,38.0,2.7,21.066666666666666
28017,2009,0.0,30.0,22.5,38.0,30.166666666666668
28017,2019,0.0,,,,
28017,2020,0.0,0.0,,,
28017,2021,0.0,0.0,0.0,,
28017,2022,9.0,0.0,0.0,0.0,0.0
28017,2023,28.19,9.0,0.0,0.0,3.0
28017,2025,15.91,,28.19,9.0,
28019,2003,178.0,,,,
28019,2004,333.75,178.0,,,
28019,2005,178.0,333.75,178.0,,
28019,2006,178.0,178.0,333.75,178.0,229.91666666666666
28019,2007,155.75,178.0,178.0,333.75,229.91666666666666
28029,2003,40.0,,,,
28029,2004,90.0,40.0,,,
28029,2005,30.0,90.0,40.0,,
28029,2006,5.0,30.0,90.0,40.0,53.333333333333336
28029,2007,28.0,5.0,30.0,90.0,41.666666666666664
28029,2008,22.0,28.0,5.0,30.0,21.0
28029,2009,19.25,22.0,28.0,5.0,18.333333333333332
28029,2010,19.25,19.25,22.0,28.0,23.083333333333332
28029,2011,22.0,19.25,19.25,22.0,20.166666666666668
28029,2012,0.0,22.0,19.25,19.25,20.166666666666668
29029,2015,90.0,,,,
29029,2016,130.0,90.0,,,
29029,2017,140.0,130.0,90.0,,
29029,2018,174.5,140.0,130.0,90.0,120.0
29029,2019,182.5,174.5,140.0,130.0,148.16666666666666
29029,2020,197.5,182.5,174.5,140.0,165.66666666666666
29029,2021,207.9,197.5,182.5,174.5,184.83333333333334
29029,2022,210.6,207.9,197.5,182.5,195.96666666666667
29029,2023,217.56,210.6,207.9,197.5,205.33333333333334
29029,2025,133.95,,217.56,210.6,
30008,2003,320.0,,,,
30008,2004,320.0,320.0,,,
30008,2005,320.0,320.0,320.0,,
30008,2006,320.0,320.0,320.0,320.0,320.0
30008,2007,320.0,320.0,320.0,320.0,320.0
30008,2008,320.0,320.0,320.0,320.0,320.0
30008,2009,0.0,320.0,320.0,320.0,320.0
30008,2010,256.0,0.0,320.0,320.0,213.33333333333334
30008,2011,256.32,256.0,0.0,320.0,192.0
30008,2012,288.0,256.32,256.0,0.0,170.7733333333333
30008,2013,272.0,288.0,256.32,256.0,266.7733333333333
30008,2014,420.0,272.0,288.0,256.32,272.1066666666666
30008,2015,428.4,420.0,272.0,288.0,326.6666666666667
30008,2016,432.6,428.4,420.0,272.0,373.4666666666667
30008,2017,462.0,432.6,428.4,420.0,427.0
30008,2018,546.0,462.0,432.6,428.4,441.0
30008,2019,504.0,546.0,462.0,432.6,480.2
30008,2020,483.0,504.0,546.0,462.0,504.0
30008,2021,598.0,483.0,504.0,546.0,511.0
30008,2022,598.75,598.0,483.0,504.0,528.3333333333334
30008,2023,610.25,598.75,598.0,483.0,559.9166666666666
30008,2025,618.47,,610.25,598.75,
30010,2003,125.0,,,,
30010,2004,170.6,125.0,,,
30010,2005,370.0,170.6,125.0,,
30010,2006,400.0,370.0,170.6,125.0,221.86666666666667
30010,2007,450.0,400.0,370.0,170.6,313.53333333333336
30010,2008,400.0,450.0,400.0,370.0,406.6666666666667
30010,2009,462.0,400.0,450.0,400.0,416.6666666666667
30010,2010,760.0,462.0,400.0,450.0,437.3333333333333
30010,2011,450.0,760.0,462.0,400.0,540.6666666666666
30010,2012,532.0,450.0,760.0,462.0,557.3333333333334
30010,2013,760.0,532.0,450.0,760.0,580.6666666666666
30010,2014,1164.0,760.0,532.0,450.0,580.6666666666666
30010,2015,1403.6,1164.0,760.0,532.0,818.6666666666666
30010,2016,1722.8,1403.6,1164.0,760.0,1109.2
30010,2017,1932.8,1722.8,1403.6,1164.0,1430.1333333333332
30010,2018,1932.0,1932.8,1722.8,1403.6,1686.3999999999999
30010,2019,1899.5,1932.0,1932.8,1722.8,1862.5333333333335
30010,2020,1574.62,1899.5,1932.0,1932.8,1921.4333333333332
30010,2021,899.96,1574.62,1899.5,1932.0,1802.04
30010,2022,1812.0,899.96,1574.62,1899.5,1458.0266666666666
30010,2023,1966.5,1812.0,899.96,1574.62,1428.86
30010,2025,1898.1,,1966.5,1812.0,
30017,2014,0.0,,,,
30021,2012,0.0,,,,
30021,2013,0.0,0.0,,,
30023,2013,24.0,,,,
30023,2014,42.0,24.0,,,
30023,2015,81.6,42.0,24.0,,
30023,2016,98.4,81.6,42.0,24.0,49.199999999999996
30023,2017,561.0,98.4,81.6,42.0,74.0
30023,2018,660.0,561.0,98.4,81.6,247.0
30023,2019,792.0,660.0,561.0,98.4,439.8
30023,2020,810.16,792.0,660.0,561.0,671.0
30023,2021,1073.8,810.16,792.0,660.0,754.0533333333333
30023,2022,1035.0,1073.8,810.16,792.0,891.9866666666667
30023,2023,1044.0,1035.0,1073.8,810.16,972.9866666666667
30023,2025,999.0,,1044.0,1035.0,
30024,2013,0.0,,,,
30024,2014,0.0,0.0,,,
30024,2015,0.0,0.0,0.0,,
30024,2016,60.0,0.0,0.0,0.0,0.0
30024,2017,77.0,60.0,0.0,0.0,20.0
30024,2018,84.0,77.0,60.0,0.0,45.666666666666664
30024,2019,70.0,84.0,77.0,60.0,73.66666666666667
30024,2020,65.1,70.0,84.0,77.0,77.0
30024,2021,66.5,65.1,70.0,84.0,73.03333333333333
30024,2022,79.56,66.5,65.1,70.0,67.2
30024,2023,72.15,79.56,66.5,65.1,70.38666666666667
30024,2025,84.81,,72.15,79.56,
30025,2003,30.0,,,,
30025,2004,39.0,30.0,,,
30025,2005,51.0,39.0,30.0,,
30025,2006,90.0,51.0,39.0,30.0,40.0
30025,2007,75.0,90.0,51.0,39.0,60.0
30025,2008,40.0,75.0,90.0,51.0,72.0
30025,2009,50.0,40.0,75.0,90.0,68.33333333333333
30025,2010,35.0,50.0,40.0,75.0,55.0
30025,2011,52.5,35.0,50.0,40.0,41.666666666666664
30025,2012,32.5,52.5,35.0,50.0,45.833333333333336
30025,2013,30.0,32.5,52.5,35.0,40.0
30025,2014,49.0,30.0,32.5,52.5,38.333333333333336
30025,2015,43.5,49.0,30.0,32.5,37.166666666666664
30025,2016,35.0,43.5,49.0,30.0,40.833333333333336
30025,2017,45.0,35.0,43.5,49.0,42.5
30025,2018,46.0,45.0,35.0,43.5,41.166666666666664
30025,2019,50.0,46.0,45.0,35.0,42.0
30025,2020,50.05,50.0,46.0,45.0,47.0
30025,2021,50.0,50.05,50.0,46.0,48.68333333333334
30025,2022,52.5,50.0,50.05,50.0,50.01666666666667
30025,2023,52.55,52.5,50.0,50.05,50.85
30025,2025,256.38,,52.55,52.5,
30029,2003,375.0,,,,
30029,2004,350.0,375.0,,,
30029,2005,350.0,350.0,375.0,,
30029,2006,450.0,350.0,350.0,375.0,358.3333333333333
30029,2007,500.0,450.0,350.0,350.0,383.3333333333333
30029,2008,500.0,500.0,450.0,350.0,433.3333333333333
30029,2009,0.0,500.0,500.0,450.0,483.3333333333333
30029,2010,400.0,0.0,500.0,500.0,333.3333333333333
30029,2011,401.0,400.0,0.0,500.0,300.0
30029,2012,450.0,401.0,400.0,0.0,267.0
30029,2013,425.0,450.0,401.0,400.0,417.0
30029,2014,484.0,425.0,450.0,401.0,425.3333333333333
30029,2015,506.0,484.0,425.0,450.0,453.0
30029,2016,550.0,506.0,484.0,425.0,471.6666666666667
30029,2017,605.0,550.0,506.0,484.0,513.3333333333334
30029,2018,715.0,605.0,550.0,506.0,553.6666666666666
30029,2019,660.0,715.0,605.0,550.0,623.3333333333334
30029,2020,632.5,660.0,715.0,605.0,660.0
30029,2021,632.5,632.5,660.0,715.0,669.1666666666666
30029,2022,633.35,632.5,632.5,660.0,641.6666666666666
30029,2023,823.98,633.35,632.5,632.5,632.7833333333333
30029,2025,774.79,,823.98,633.35,
30047,2003,1530.0,,,,
30047,2004,1530.0,1530.0,,,
30047,2005,1530.0,1530.0,1530.0,,
30047,2006,1350.0,1530.0,1530.0,1530.0,1530.0
30047,2007,900.0,1350.0,1530.0,1530.0,1470.0
30047,2008,900.0,900.0,1350.0,1530.0,1260.0
30047,2009,0.0,900.0,900.0,1350.0,1050.0
30047,2011,990.0,,0.0,900.0,
30047,2012,810.0,990.0,,0.0,
30047,2013,1170.0,810.0,990.0,,
30047,2014,1425.0,1170.0,810.0,990.0,990.0
30047,2015,1444.0,1425.0,1170.0,810.0,1135.0
30047,2016,1140.0,1444.0,1425.0,1170.0,1346.3333333333333
30047,2017,1235.0,1140.0,1444.0,1425.0,1336.3333333333333
30047,2018,1125.0,1235.0,1140.0,1444.0,1273.0
30047,2019,1235.0,1125.0,1235.0,1140.0,1166.6666666666667
30047,2020,1187.5,1235.0,1125.0,1235.0,1198.3333333333333
30047,2021,1187.5,1187.5,1235.0,1125.0,1182.5
30047,2022,1138.79,1187.5,1187.5,1235.0,1203.3333333333333
30047,2023,1545.04,1138.79,1187.5,1187.5,1171.2633333333333
30047,2025,1443.0,,1545.04,1138.79,
30065,2012,0.0,,,,
30071,2011,0.0,,,,
30071,2012,0.0,0.0,,,
30071,2013,650.0,0.0,0.0,,
30071,2014,0.0,650.0,0.0,0.0,216.66666666666666
30071,2015,0.0,0.0,650.0,0.0,216.66666666666666
30071,2016,756.0,0.0,0.0,650.0,216.66666666666666
30071,2017,783.0,756.0,0.0,0.0,252.0
30071,2018,637.0,783.0,756.0,0.0,513.0
30071,2019,729.0,637.0,783.0,756.0,725.3333333333334
30071,2020,702.0,729.0,637.0,783.0,716.3333333333334
30071,2021,702.0,702.0,729.0,637.0,689.3333333333334
30071,2022,702.85,702.0,702.0,729.0,711.0
30071,2023,1545.45,702.85,702.0,702.0,702.2833333333333
30071,2025,1093.35,,1545.45,702.85,
30079,2014,0.0,,,,
30079,2017,136.5,,,0.0,
30079,2018,583.0,136.5,,,
30079,2020,175.0,,583.0,136.5,
30079,2021,150.85,175.0,,583.0,
30079,2022,281.5,150.85,175.0,,
30079,2023,272.65,281.5,150.85,175.0,202.45000000000002
30079,2025,799.2,,272.65,281.5,
30080,2013,0.0,,,,
30080,2014,0.0,0.0,,,
30080,2015,0.0,0.0,0.0,,
30080,2016,380.0,0.0,0.0,0.0,0.0
30080,2017,418.0,380.0,0.0,0.0,126.66666666666667
30080,2018,427.0,418.0,380.0,0.0,266.0
30080,2019,513.0,427.0,418.0,380.0,408.3333333333333
30080,2020,494.0,513.0,427.0,418.0,452.6666666666667
30080,2021,494.0,494.0,513.0,427.0,478.0
30080,2022,498.82,494.0,494.0,513.0,500.3333333333333
30080,2023,662.69,498.82,494.0,494.0,495.6066666666666
30080,2025,594.96,,662.69,498.82,
30086,2003,184.0,,,,
30086,2004,322.9,184.0,,,
30086,2005,707.0,322.9,184.0,,
30086,2006,782.0,707.0,322.9,184.0,404.6333333333334
30086,2007,920.0,782.0,707.0,322.9,603.9666666666667
30086,2008,759.0,920.0,782.0,707.0,803.0
30086,2009,450.0,759.0,920.0,782.0,820.3333333333334
30086,2018,180.0,,,,
30086,2019,780.0,180.0,,,
30086,2020,780.6,780.0,180.0,,
30086,2021,720.0,780.6,780.0,180.0,580.1999999999999
30086,2022,1300.0,720.0,780.6,780.0,760.1999999999999
30086,2023,1350.0,1300.0,720.0,780.6,933.5333333333333
30086,2025,1322.5,,1350.0,1300.0,
30092,2014,0.0,,,,
30092,2015,0.0,0.0,,,
30092,2016,93.0,0.0,0.0,,
30092,2017,120.0,93.0,0.0,0.0,31.0
30092,2018,304.0,120.0,93.0,0.0,71.0
30092,2019,85.0,304.0,120.0,93.0,172.33333333333334
30092,2020,200.0,85.0,304.0,120.0,169.66666666666666
30092,2021,231.0,200.0,85.0,304.0,196.33333333333334
30092,2022,264.0,231.0,200.0,85.0,172.0
30092,2023,258.0,264.0,231.0,200.0,231.66666666666666
30092,2025,666.0,,258.0,264.0,
30107,2011,0.0,,,,
30107,2019,67.2,,,,
30107,2020,67.26,67.2,,,
30107,2021,66.0,67.26,67.2,,
30107,2022,72.0,66.0,67.26,67.2,66.82000000000001
30107,2023,67.8,72.0,66.0,67.26,68.42
30107,2025,66.6,,67.8,72.0,
30137,2003,15.0,,,,
30137,2004,11.49,15.0,,,
30137,2005,11.7,11.49,15.0,,
30137,2006,11.49,11.7,11.49,15.0,12.729999999999999
30137,2007,9.0,11.49,11.7,11.49,11.56
30137,2008,11.91,9.0,11.49,11.7,10.729999999999999
30137,2009,0.0,11.91,9.0,11.49,10.800000000000002
30137,2010,8.01,0.0,11.91,9.0,6.97
30137,2011,9.0,8.01,0.0,11.91,6.640000000000001
30137,2012,8.49,9.0,8.01,0.0,5.669999999999999
30137,2014,10.5,,8.49,9.0,
30137,2015,12.0,10.5,,8.49,
30137,2016,9.6,12.0,10.5,,
30137,2017,18.0,9.6,12.0,10.5,10.700000000000001
30137,2018,26.0,18.0,9.6,12.0,13.200000000000001
30137,2019,35.0,26.0,18.0,9.6,17.866666666666667
30137,2020,22.5,35.0,26.0,18.0,26.333333333333332
30137,2021,22.5,22.5,35.0,26.0,27.833333333333332
30137,2022,27.6,22.5,22.5,35.0,26.666666666666668
30137,2023,24.63,27.6,22.5,22.5,24.2
30137,2025,108.79,,24.63,27.6,
30159,2003,20.0,,,,
30159,2004,20.0,20.0,,,
30159,2005,19.5,20.0,20.0,,
30159,2006,16.0,19.5,20.0,20.0,19.833333333333332
30159,2007,16.0,16.0,19.5,20.0,18.5
30159,2008,19.8,16.0,16.0,19.5,17.166666666666668
30159,2009,0.0,19.8,16.0,16.0,17.266666666666666
30159,2010,15.0,0.0,19.8,16.0,11.933333333333332
30159,2011,16.0,15.0,0.0,19.8,11.6
30159,2012,15.0,16.0,15.0,0.0,10.333333333333334
30159,2013,14.0,15.0,16.0,15.0,15.333333333333334
30159,2014,19.0,14.0,15.0,16.0,15.0
30159,2015,20.0,19.0,14.0,15.0,16.0
30159,2016,16.0,20.0,19.0,14.0,17.666666666666668
30159,2017,27.0,16.0,20.0,19.0,18.333333333333332
30159,2018,26.0,27.0,16.0,20.0,21.0
30159,2019,33.0,26.0,27.0,16.0,23.0
30159,2020,23.0,33.0,26.0,27.0,28.666666666666668
30159,2021,23.0,23.0,33.0,26.0,27.333333333333332
30159,2022,25.25,23.0,23.0,33.0,26.333333333333332
30159,2023,24.22,25.25,23.0,23.0,23.75
30159,2025,25.55,,24.22,25.25,
30171,2003,30.0,,,,
30171,2004,23.52,30.0,,,
30171,2005,23.4,23.52,30.0,,
30171,2006,24.0,23.4,23.52,30.0,25.64
30171,2007,18.0,24.0,23.4,23.52,23.64
30171,2008,24.48,18.0,24.0,23.4,21.8
30171,2009,0.0,24.48,18.0,24.0,22.159999999999997
30171,2010,16.98,0.0,24.48,18.0,14.159999999999998
30171,2011,19.02,16.98,0.0,24.48,13.82
30171,2012,18.0,19.02,16.98,0.0,12.0
30171,2013,19.02,18.0,19.02,16.98,18.0
30171,2014,21.6,19.02,18.0,19.02,18.679999999999996
30171,2015,21.0,21.6,19.02,18.0,19.540000000000003
30171,2016,24.0,21.0,21.6,19.02,20.540000000000003
30171,2017,31.5,24.0,21.0,21.6,22.200000000000003
30171,2018,36.4,31.5,24.0,21.0,25.5
30171,2019,48.0,36.4,31.5,24.0,30.63333333333333
30171,2020,30.8,48.0,36.4,31.5,38.63333333333333
30171,2021,32.2,30.8,48.0,36.4,38.4
30171,2022,32.31,32.2,30.8,48.0,37.0
30171,2023,33.73,32.31,32.2,30.8,31.77
30171,2025,34.54,,33.73,32.31,
30184,2003,30.0,,,,
30184,2004,27.0,30.0,,,
30184,2005,23.4,27.0,30.0,,
30184,2006,23.88,23.4,27.0,30.0,26.8
30184,2007,18.0,23.88,23.4,27.0,24.76
30184,2008,23.82,18.0,23.88,23.4,21.76
30184,2009,0.0,23.82,18.0,23.88,21.900000000000002
30184,2010,16.98,0.0,23.82,18.0,13.940000000000003
30184,2011,18.84,16.98,0.0,23.82,13.6
30184,2012,18.0,18.84,16.98,0.0,11.94
30184,2013,17.16,18.0,18.84,16.98,17.94
30184,2014,21.6,17.16,18.0,18.84,18.0
30184,2015,24.0,21.6,17.16,18.0,18.92
30184,2016,19.2,24.0,21.6,17.16,20.92
30184,2017,31.5,19.2,24.0,21.6,21.600000000000005
30184,2018,41.6,31.5,19.2,24.0,24.899999999999995
30184,2019,46.0,41.6,31.5,19.2,30.766666666666666
30184,2020,32.2,46.0,41.6,31.5,39.699999999999996
30184,2021,32.2,32.2,46.0,41.6,39.93333333333333
30184,2022,32.89,32.2,32.2,46.0,36.800000000000004
30184,2023,33.53,32.89,32.2,32.2,32.43
30184,2025,34.54,,33.53,32.89,
30186,2013,0.0,,,,
30186,2014,0.0,0.0,,,
30186,2015,0.0,0.0,0.0,,
30186,2016,30.0,0.0,0.0,0.0,0.0
30186,2017,44.0,30.0,0.0,0.0,10.0
30186,2018,48.0,44.0,30.0,0.0,24.666666666666668
30186,2019,44.0,48.0,44.0,30.0,40.666666666666664
30186,2020,40.42,44.0,48.0,44.0,45.333333333333336
30186,2021,42.0,40.42,44.0,48.0,44.14000000000001
30186,2022,42.92,42.0,40.42,44.0,42.14
30186,2023,51.91,42.92,42.0,40.42,41.78
30186,2025,47.18,,51.91,42.92,
30201,2003,20.0,,,,
30201,2004,15.8,20.0,,,
30201,2005,15.6,15.8,20.0,,
30201,2006,15.52,15.6,15.8,20.0,17.133333333333333
30201,2007,12.0,15.52,15.6,15.8,15.64
30201,2008,16.2,12.0,15.52,15.6,14.373333333333333
30201,2009,0.0,16.2,12.0,15.52,14.573333333333332
30201,2010,12.0,0.0,16.2,12.0,9.4
30201,2011,12.52,12.0,0.0,16.2,9.4
30201,2012,12.0,12.52,12.0,0.0,8.173333333333334
30201,2013,12.0,12.0,12.52,12.0,12.173333333333332
30201,2014,14.8,12.0,12.0,12.52,12.173333333333332
30201,2015,16.0,14.8,12.0,12.0,12.933333333333332
30201,2016,12.8,16.0,14.8,12.0,14.266666666666666
30201,2017,22.5,12.8,16.0,14.8,14.533333333333333
30201,2018,31.2,22.5,12.8,16.0,17.099999999999998
30201,2019,37.0,31.2,22.5,12.8,22.166666666666668
30201,2020,22.0,37.0,31.2,22.5,30.233333333333334
30201,2021,22.5,22.0,37.0,31.2,30.066666666666666
30201,2022,22.95,22.5,22.0,37.0,27.166666666666668
30201,2023,23.61,22.95,22.5,22.0,22.483333333333334
30201,2025,145.22,,23.61,22.95,
31001,2003,32.0,,,,
31001,2004,32.0,32.0,,,
31001,2005,32.0,32.0,32.0,,
31001,2006,24.0,32.0,32.0,32.0,32.0
31001,2007,15.0,24.0,32.0,32.0,29.333333333333332
31001,2008,30.0,15.0,24.0,32.0,23.666666666666668
31001,2009,28.0,30.0,15.0,24.0,23.0
31001,2010,13.0,28.0,30.0,15.0,24.333333333333332
31001,2011,9.6,13.0,28.0,30.0,23.666666666666668
31002,2003,18.0,,,,
31002,2004,20.0,18.0,,,
31002,2005,20.0,20.0,18.0,,
31002,2006,16.0,20.0,20.0,18.0,19.333333333333332
31002,2007,10.0,16.0,20.0,20.0,18.666666666666668
31002,2008,14.0,10.0,16.0,20.0,15.333333333333334
31002,2009,12.0,14.0,10.0,16.0,13.333333333333334
31002,2010,0.0,12.0,14.0,10.0,12.0
31002,2011,12.0,0.0,12.0,14.0,8.666666666666666
31003,2003,1360.0,,,,
31003,2004,1700.0,1360.0,,,
31003,2005,2500.0,1700.0,1360.0,,
31003,2006,1820.0,2500.0,1700.0,1360.0,1853.3333333333333
31003,2007,1878.0,1820.0,2500.0,1700.0,2006.6666666666667
31003,2008,1875.0,1878.0,1820.0,2500.0,2066.0
31003,2009,1860.0,1875.0,1878.0,1820.0,1857.6666666666667
31003,2010,1755.0,1860.0,1875.0,1878.0,1871.0
31003,2011,1917.0,1755.0,1860.0,1875.0,1830.0
31003,2012,2112.8,1917.0,1755.0,1860.0,1844.0
31003,2013,2725.7,2112.8,1917.0,1755.0,1928.2666666666667
31003,2014,2227.8,2725.7,2112.8,1917.0,2251.8333333333335
31003,2015,2212.0,2227.8,2725.7,2112.8,2355.4333333333334
31003,2016,2040.0,2212.0,2227.8,2725.7,2388.5
31003,2017,2025.1,2040.0,2212.0,2227.8,2159.9333333333334
31003,2018,2172.5,2025.1,2040.0,2212.0,2092.366666666667
31003,2019,2263.2,2172.5,2025.1,2040.0,2079.2000000000003
31003,2020,1993.78,2263.2,2172.5,2025.1,2153.6
31003,2021,2301.6,1993.78,2263.2,2172.5,2143.16
31003,2022,2373.6,2301.6,1993.78,2263.2,2186.193333333333
31003,2023,2736.25,2373.6,2301.6,1993.78,2222.9933333333333
31003,2025,2761.13,,2736.25,2373.6,
31006,2003,72.0,,,,
31006,2004,36.0,72.0,,,
31006,2005,36.0,36.0,72.0,,
31006,2006,12.0,36.0,36.0,72.0,48.0
31006,2007,31.0,12.0,36.0,36.0,28.0
31006,2008,24.0,31.0,12.0,36.0,26.333333333333332
31006,2009,34.0,24.0,31.0,12.0,22.333333333333332
31006,2011,48.5,,34.0,24.0,
31006,2012,27.0,48.5,,34.0,
31006,2013,8.0,27.0,48.5,,
31006,2014,3.0,8.0,27.0,48.5,27.833333333333332
31006,2015,3.5,3.0,8.0,27.0,12.666666666666666
31006,2016,3.5,3.5,3.0,8.0,4.833333333333333
31007,2003,42.0,,,,
31007,2004,42.0,42.0,,,
31007,2005,42.0,42.0,42.0,,
31007,2006,42.0,42.0,42.0,42.0,42.0
31007,2007,42.0,42.0,42.0,42.0,42.0
31007,2008,6.0,42.0,42.0,42.0,42.0
31007,2009,4.0,6.0,42.0,42.0,30.0
31008,2003,28.0,,,,
31008,2004,21.4,28.0,,,
31008,2005,0.0,21.4,28.0,,
31008,2006,0.0,0.0,21.4,28.0,16.466666666666665
31008,2007,6.0,0.0,0.0,21.4,7.133333333333333
31008,2008,5.5,6.0,0.0,0.0,2.0
31008,2009,5.3,5.5,6.0,0.0,3.8333333333333335
31008,2010,4.5,5.3,5.5,6.0,5.6000000000000005
31008,2011,12.5,4.5,5.3,5.5,5.1000000000000005
31008,2012,9.15,12.5,4.5,5.3,7.433333333333334
31008,2013,9.0,9.15,12.5,4.5,8.716666666666667
31008,2014,4.0,9.0,9.15,12.5,10.216666666666667
31008,2015,3.25,4.0,9.0,9.15,7.383333333333333
31008,2016,2.33,3.25,4.0,9.0,5.416666666666667
31008,2017,1.96,2.33,3.25,4.0,3.1933333333333334
31009,2003,8.0,,,,
31009,2004,8.0,8.0,,,
31009,2005,8.0,8.0,8.0,,
31009,2006,8.0,8.0,8.0,8.0,8.0
31009,2007,12.0,8.0,8.0,8.0,8.0
31009,2008,10.0,12.0,8.0,8.0,9.333333333333334
31009,2009,10.0,10.0,12.0,8.0,10.0
31009,2010,11.0,10.0,10.0,12.0,10.666666666666666
31009,2011,14.0,11.0,10.0,10.0,10.333333333333334
31010,2015,0.0,,,,
31010,2016,2.51,0.0,,,
31010,2017,5.0,2.51,0.0,,
31010,2018,3.68,5.0,2.51,0.0,2.5033333333333334
31010,2019,3.65,3.68,5.0,2.51,3.73
31010,2020,6.16,3.65,3.68,5.0,4.11
31010,2021,12.0,6.16,3.65,3.68,4.496666666666667
31010,2022,16.5,12.0,6.16,3.65,7.2700000000000005
31010,2023,16.84,16.5,12.0,6.16,11.553333333333335
31010,2025,16.1,,16.84,16.5,
31016,2003,10.0,,,,
31016,2004,40.0,10.0,,,
31016,2005,40.0,40.0,10.0,,
31016,2006,22.0,40.0,40.0,10.0,30.0
31016,2007,20.0,22.0,40.0,40.0,34.0
31016,2008,24.0,20.0,22.0,40.0,27.333333333333332
31016,2009,23.0,24.0,20.0,22.0,22.0
31016,2010,18.0,23.0,24.0,20.0,22.333333333333332
31016,2011,19.0,18.0,23.0,24.0,21.666666666666668
31023,2003,64.0,,,,
31023,2004,48.0,64.0,,,
31023,2005,32.0,48.0,64.0,,
31023,2006,32.0,32.0,48.0,64.0,48.0
31023,2007,22.5,32.0,32.0,48.0,37.333333333333336
31023,2008,22.5,22.5,32.0,32.0,28.833333333333332
31023,2009,11.0,22.5,22.5,32.0,25.666666666666668
31023,2010,21.0,11.0,22.5,22.5,18.666666666666668
31023,2011,18.0,21.0,11.0,22.5,18.166666666666668
31024,2003,40.0,,,,
31024,2004,50.0,40.0,,,
31024,2005,40.0,50.0,40.0,,
31024,2006,56.0,40.0,50.0,40.0,43.333333333333336
31024,2007,39.0,56.0,40.0,50.0,48.666666666666664
31024,2008,49.0,39.0,56.0,40.0,45.0
31024,2009,49.0,49.0,39.0,56.0,48.0
31024,2010,48.66,49.0,49.0,39.0,45.666666666666664
31024,2011,48.4,48.66,49.0,49.0,48.88666666666666
31024,2012,49.2,48.4,48.66,49.0,48.68666666666667
31024,2013,50.2,49.2,48.4,48.66,48.75333333333333
31024,2014,48.6,50.2,49.2,48.4,49.26666666666667
31024,2015,49.4,48.6,50.2,49.2,49.333333333333336
31025,2003,592.0,,,,
31025,2004,750.0,592.0,,,
31025,2005,765.0,750.0,592.0,,
31025,2006,784.0,765.0,750.0,592.0,702.3333333333334
31025,2007,811.0,784.0,765.0,750.0,766.3333333333334
31025,2008,787.0,811.0,784.0,765.0,786.6666666666666
31025,2009,783.0,787.0,811.0,784.0,794.0
31025,2011,772.8,,783.0,787.0,
31025,2012,767.2,772.8,,783.0,
31025,2013,768.5,767.2,772.8,,
31025,2014,777.2,768.5,767.2,772.8,769.5
31025,2015,780.1,777.2,768.5,767.2,770.9666666666667
31025,2016,759.8,780.1,777.2,768.5,775.2666666666668
31025,2017,884.4,759.8,780.1,777.2,772.3666666666667
31025,2018,962.05,884.4,759.8,780.1,808.1
31025,2019,992.8,962.05,884.4,759.8,868.75
31025,2020,804.65,992.8,962.05,884.4,946.4166666666666
31025,2021,996.45,804.65,992.8,962.05,919.8333333333334
31025,2022,1064.7,996.45,804.65,992.8,931.3000000000001
31025,2023,1182.5,1064.7,996.45,804.65,955.2666666666668
31025,2025,1193.25,,1182.5,1064.7,
31027,2003,8.0,,,,
31027,2004,8.0,8.0,,,
31027,2005,16.0,8.0,8.0,,
31027,2006,16.0,16.0,8.0,8.0,10.666666666666666
31027,2007,24.0,16.0,16.0,8.0,13.333333333333334
31027,2008,30.0,24.0,16.0,16.0,18.666666666666668
31027,2009,40.0,30.0,24.0,16.0,23.333333333333332
31027,2010,52.0,40.0,30.0,24.0,31.333333333333332
31027,2011,56.0,52.0,40.0,30.0,40.666666666666664
31029,2003,8.0,,,,
31029,2004,8.0,8.0,,,
31029,2005,8.0,8.0,8.0,,
31029,2006,8.0,8.0,8.0,8.0,8.0
31029,2007,12.0,8.0,8.0,8.0,8.0
31029,2008,20.0,12.0,8.0,8.0,9.333333333333334
31029,2009,30.0,20.0,12.0,8.0,13.333333333333334
31029,2010,29.94,30.0,20.0,12.0,20.666666666666668
31029,2011,36.0,29.94,30.0,20.0,26.646666666666665
31031,2003,8.0,,,,
31031,2004,8.0,8.0,,,
31031,2005,16.0,8.0,8.0,,
31031,2006,16.0,16.0,8.0,8.0,10.666666666666666
31031,2007,24.0,16.0,16.0,8.0,13.333333333333334
31031,2008,20.0,24.0,16.0,16.0,18.666666666666668
31031,2009,30.0,20.0,24.0,16.0,20.0
31031,2010,27.0,30.0,20.0,24.0,24.666666666666668
31031,2011,39.0,27.0,30.0,20.0,25.666666666666668
31034,2003,0.0,,,,
31034,2004,33.0,0.0,,,
31034,2005,26.4,33.0,0.0,,
31034,2006,26.4,26.4,33.0,0.0,19.8
31034,2007,26.4,26.4,26.4,33.0,28.599999999999998
31034,2008,26.4,26.4,26.4,26.4,26.4
31034,2009,19.8,26.4,26.4,26.4,26.4
31034,2010,0.0,19.8,26.4,26.4,24.2
31034,2011,21.0,0.0,19.8,26.4,15.4
31035,2003,28.0,,,,
31035,2004,28.0,28.0,,,
31035,2005,28.0,28.0,28.0,,
31035,2006,28.0,28.0,28.0,28.0,28.0
31035,2007,28.0,28.0,28.0,28.0,28.0
31035,2008,9.0,28.0,28.0,28.0,28.0
31035,2009,5.0,9.0,28.0,28.0,21.666666666666668
31036,2003,16.0,,,,
31036,2004,0.0,16.0,,,
31036,2005,0.0,0.0,16.0,,
31036,2006,0.0,0.0,0.0,16.0,5.333333333333333
31036,2007,5.0,0.0,0.0,0.0,0.0
31036,2008,7.0,5.0,0.0,0.0,1.6666666666666667
31036,2009,6.0,7.0,5.0,0.0,4.0
31036,2010,7.0,6.0,7.0,5.0,6.0
31036,2011,7.0,7.0,6.0,7.0,6.666666666666667
31037,2003,0.0,,,,
31037,2004,6.0,0.0,,,
31037,2005,8.0,6.0,0.0,,
31037,2006,8.0,8.0,6.0,0.0,4.666666666666667
31037,2007,4.0,8.0,8.0,6.0,7.333333333333333
31037,2008,7.0,4.0,8.0,8.0,6.666666666666667
31037,2009,7.0,7.0,4.0,8.0,6.333333333333333
31037,2010,7.01,7.0,7.0,4.0,6.0
31037,2011,7.0,7.01,7.0,7.0,7.003333333333333
31038,2003,12.0,,,,
31038,2004,298.0,12.0,,,
31038,2005,113.0,298.0,12.0,,
31038,2006,187.0,113.0,298.0,12.0,141.0
31038,2007,194.5,187.0,113.0,298.0,199.33333333333334
31038,2008,174.0,194.5,187.0,113.0,164.83333333333334
31038,2009,129.0,174.0,194.5,187.0,185.16666666666666
31038,2010,103.7,129.0,174.0,194.5,165.83333333333334
31038,2011,83.7,103.7,129.0,174.0,135.56666666666666
31038,2012,3.66,83.7,103.7,129.0,105.46666666666665
31038,2013,0.0,3.66,83.7,103.7,63.68666666666667
31038,2019,10.08,,,,
31038,2020,4.52,10.08,,,
31038,2021,3.75,4.52,10.08,,
31038,2022,3.75,3.75,4.52,10.08,6.116666666666667
31038,2023,3.83,3.75,3.75,4.52,4.006666666666667
31038,2025,4.04,,3.83,3.75,
31040,2003,140.0,,,,
31040,2004,140.0,140.0,,,
31040,2005,140.0,140.0,140.0,,
31040,2006,140.0,140.0,140.0,140.0,140.0
31040,2007,140.0,140.0,140.0,140.0,140.0
31040,2008,54.0,140.0,140.0,140.0,140.0
31040,2009,35.0,54.0,140.0,140.0,111.33333333333333
31040,2010,42.0,35.0,54.0,140.0,76.33333333333333
31040,2011,36.0,42.0,35.0,54.0,43.666666666666664
31041,2003,96.0,,,,
31041,2004,64.0,96.0,,,
31041,2005,64.0,64.0,96.0,,
31041,2006,64.0,64.0,64.0,96.0,74.66666666666667
31041,2007,45.0,64.0,64.0,64.0,64.0
31041,2008,32.0,45.0,64.0,64.0,57.666666666666664
31041,2009,30.0,32.0,45.0,64.0,47.0
31041,2010,26.0,30.0,32.0,45.0,35.666666666666664
31041,2011,23.0,26.0,30.0,32.0,29.333333333333332
31044,2003,2.0,,,,
31044,2004,40.0,2.0,,,
31044,2005,21.0,40.0,2.0,,
31044,2006,18.0,21.0,40.0,2.0,21.0
31044,2007,16.0,18.0,21.0,40.0,26.333333333333332
31044,2008,16.0,16.0,18.0,21.0,18.333333333333332
31044,2009,16.0,16.0,16.0,18.0,16.666666666666668
31044,2010,17.5,16.0,16.0,16.0,16.0
31044,2011,13.5,17.5,16.0,16.0,16.5
31047,2003,294.0,,,,
31047,2004,500.0,294.0,,,
31047,2005,546.0,500.0,294.0,,
31047,2006,560.0,546.0,500.0,294.0,446.6666666666667
31047,2007,579.0,560.0,546.0,500.0,535.3333333333334
31047,2008,560.0,579.0,560.0,546.0,561.6666666666666
31047,2009,558.2,560.0,579.0,560.0,566.3333333333334
31047,2010,557.0,558.2,560.0,579.0,565.7333333333333
31047,2011,548.0,557.0,558.2,560.0,558.4
31047,2012,564.0,548.0,557.0,558.2,554.4
31047,2013,564.0,564.0,548.0,557.0,556.3333333333334
31047,2014,558.0,564.0,564.0,548.0,558.6666666666666
31047,2015,556.0,558.0,564.0,564.0,562.0
31047,2016,546.0,556.0,558.0,564.0,559.3333333333334
31047,2017,603.0,546.0,556.0,558.0,553.3333333333334
31047,2018,708.9,603.0,546.0,556.0,568.3333333333334
31047,2019,814.2,708.9,603.0,546.0,619.3000000000001
31047,2020,725.09,814.2,708.9,603.0,708.6999999999999
31047,2021,948.75,725.09,814.2,708.9,749.3966666666666
31047,2022,990.0,948.75,725.09,814.2,829.3466666666667
31047,2023,1260.35,990.0,948.75,725.09,887.9466666666667
31047,2025,1267.18,,1260.35,990.0,
31050,2003,160.0,,,,
31050,2004,208.0,160.0,,,
31050,2005,208.0,208.0,160.0,,
31050,2006,224.0,208.0,208.0,160.0,192.0
31050,2007,225.0,224.0,208.0,208.0,213.33333333333334
31050,2008,180.0,225.0,224.0,208.0,219.0
31050,2009,153.0,180.0,225.0,224.0,209.66666666666666
31050,2010,144.0,153.0,180.0,225.0,186.0
31050,2011,132.0,144.0,153.0,180.0,159.0
31050,2017,56.4,,,,
31050,2018,58.75,56.4,,,
31050,2019,15.0,58.75,56.4,,
31050,2020,29.0,15.0,58.75,56.4,43.38333333333333
31050,2021,17.0,29.0,15.0,58.75,34.25
31050,2022,15.98,17.0,29.0,15.0,20.333333333333332
31050,2023,16.3,15.98,17.0,29.0,20.66
31050,2025,15.14,,16.3,15.98,
31053,2003,64.0,,,,
31053,2004,120.0,64.0,,,
31053,2005,136.0,120.0,64.0,,
31053,2006,136.0,136.0,120.0,64.0,106.66666666666667
31053,2007,153.0,136.0,136.0,120.0,130.66666666666666
31053,2008,272.0,153.0,136.0,136.0,141.66666666666666
31053,2009,153.0,272.0,153.0,136.0,187.0
31053,2010,90.0,153.0,272.0,153.0,192.66666666666666
31053,2011,180.0,90.0,153.0,272.0,171.66666666666666
31053,2012,450.0,180.0,90.0,153.0,141.0
31053,2013,84.0,450.0,180.0,90.0,240.0
31053,2014,143.0,84.0,450.0,180.0,238.0
31053,2015,143.72,143.0,84.0,450.0,225.66666666666666
31053,2016,182.73,143.72,143.0,84.0,123.57333333333334
31053,2017,175.0,182.73,143.72,143.0,156.48333333333332
31053,2018,183.75,175.0,182.73,143.72,167.15
31053,2019,415.92,183.75,175.0,182.73,180.49333333333334
31053,2020,411.84,415.92,183.75,175.0,258.22333333333336
31053,2021,654.5,411.84,415.92,183.75,337.17
31053,2022,673.75,654.5,411.84,415.92,494.08666666666664
31053,2023,680.0,673.75,654.5,411.84,580.03
31053,2025,690.0,,680.0,673.75,
31056,2003,2300.0,,,,
31056,2004,3250.0,2300.0,,,
31056,2005,3506.0,3250.0,2300.0,,
31056,2006,3806.0,3506.0,3250.0,2300.0,3018.6666666666665
31056,2007,3945.0,3806.0,3506.0,3250.0,3520.6666666666665
31056,2008,4024.0,3945.0,3806.0,3506.0,3752.3333333333335
31056,2009,3791.0,4024.0,3945.0,3806.0,3925.0
31056,2010,3857.0,3791.0,4024.0,3945.0,3920.0
31056,2011,3789.5,3857.0,3791.0,4024.0,3890.6666666666665
31056,2012,3905.7,3789.5,3857.0,3791.0,3812.5
31056,2013,3835.2,3905.7,3789.5,3857.0,3850.7333333333336
31056,2014,3877.5,3835.2,3905.7,3789.5,3843.4666666666667
31056,2015,3671.6,3877.5,3835.2,3905.7,3872.7999999999997
31056,2016,3697.65,3671.6,3877.5,3835.2,3794.7666666666664
31056,2017,3739.1,3697.65,3671.6,3877.5,3748.9166666666665
31056,2018,3849.7,3739.1,3697.65,3671.6,3702.7833333333333
31056,2019,3906.0,3849.7,3739.1,3697.65,3762.1499999999996
31056,2020,3360.74,3906.0,3849.7,3739.1,3831.6
31056,2021,4268.7,3360.74,3906.0,3849.7,3705.4799999999996
31056,2022,4519.8,4268.7,3360.74,3906.0,3845.146666666667
31056,2023,5921.4,4519.8,4268.7,3360.74,4049.7466666666674
31056,2025,5942.7,,5921.4,4519.8,
31057,2003,20.0,,,,
31057,2004,20.0,20.0,,,
31057,2005,6.3,20.0,20.0,,
31057,2006,15.3,6.3,20.0,20.0,15.433333333333332
31057,2007,14.4,15.3,6.3,20.0,13.866666666666667
31057,2008,23.0,14.4,15.3,6.3,12.0
31057,2009,12.3,23.0,14.4,15.3,17.566666666666666
31057,2011,22.0,,12.3,23.0,
31057,2012,10.5,22.0,,12.3,
31057,2013,14.0,10.5,22.0,,
31057,2014,11.0,14.0,10.5,22.0,15.5
31057,2015,3.0,11.0,14.0,10.5,11.833333333333334
31058,2003,40.0,,,,
31058,2004,160.0,40.0,,,
31058,2005,160.0,160.0,40.0,,
31058,2006,106.0,160.0,160.0,40.0,120.0
31058,2007,90.0,106.0,160.0,160.0,142.0
31058,2008,96.0,90.0,106.0,160.0,118.66666666666667
31058,2009,96.0,96.0,90.0,106.0,97.33333333333333
31058,2010,108.0,96.0,96.0,90.0,94.0
31058,2011,104.0,108.0,96.0,96.0,100.0
31062,2003,15.0,,,,
31062,2004,25.0,15.0,,,
31062,2005,30.0,25.0,15.0,,
31062,2006,18.0,30.0,25.0,15.0,23.333333333333332
31062,2007,25.0,18.0,30.0,25.0,24.333333333333332
31062,2008,28.0,25.0,18.0,30.0,24.333333333333332
31062,2009,25.0,28.0,25.0,18.0,23.666666666666668
31062,2010,20.0,25.0,28.0,25.0,26.0
31062,2011,265.1,20.0,25.0,28.0,24.333333333333332
31062,2012,298.0,265.1,20.0,25.0,103.36666666666667
31062,2013,289.0,298.0,265.1,20.0,194.36666666666667
31062,2014,288.0,289.0,298.0,265.1,284.03333333333336
31062,2015,286.0,288.0,289.0,298.0,291.6666666666667
31062,2016,273.0,286.0,288.0,289.0,287.6666666666667
31062,2017,278.25,273.0,286.0,288.0,282.3333333333333
31062,2018,618.75,278.25,273.0,286.0,279.0833333333333
31062,2019,371.25,618.75,278.25,273.0,390.0
31062,2020,427.8,371.25,618.75,278.25,422.75
31062,2021,495.0,427.8,371.25,618.75,472.59999999999997
31062,2022,524.4,495.0,427.8,371.25,431.34999999999997
31062,2023,687.5,524.4,495.0,427.8,482.40000000000003
31062,2025,692.5,,687.5,524.4,
31064,2003,4.0,,,,
31064,2004,4.0,4.0,,,
31064,2005,6.0,4.0,4.0,,
31064,2006,4.0,6.0,4.0,4.0,4.666666666666667
31064,2007,4.0,4.0,6.0,4.0,4.666666666666667
31064,2008,3.5,4.0,4.0,6.0,4.666666666666667
31064,2009,3.5,3.5,4.0,4.0,3.8333333333333335
31064,2010,0.0,3.5,3.5,4.0,3.6666666666666665
31064,2011,3.5,0.0,3.5,3.5,2.3333333333333335
31065,2003,4.5,,,,
31065,2004,5.0,4.5,,,
31065,2005,2.1,5.0,4.5,,
31065,2006,5.2,2.1,5.0,4.5,3.8666666666666667
31065,2007,5.1,5.2,2.1,5.0,4.1000000000000005
31065,2008,5.2,5.1,5.2,2.1,4.133333333333334
31065,2009,4.2,5.2,5.1,5.2,5.166666666666667
31065,2011,8.0,,4.2,5.2,
31065,2012,6.5,8.0,,4.2,
31066,2003,0.0,,,,
31066,2019,144.0,,,,
31066,2020,242.48,144.0,,,
31066,2021,348.0,242.48,144.0,,
31066,2022,379.6,348.0,242.48,144.0,244.82666666666668
31066,2023,435.0,379.6,348.0,242.48,323.36
31066,2025,241.5,,435.0,379.6,
31067,2003,10.0,,,,
31067,2004,10.0,10.0,,,
31067,2005,32.0,10.0,10.0,,
31067,2006,16.0,32.0,10.0,10.0,17.333333333333332
31067,2007,12.0,16.0,32.0,10.0,19.333333333333332
31067,2008,16.0,12.0,16.0,32.0,20.0
31067,2009,14.0,16.0,12.0,16.0,14.666666666666666
31067,2010,0.0,14.0,16.0,12.0,14.0
31067,2011,13.6,0.0,14.0,16.0,10.0
31070,2003,28.0,,,,
31070,2004,28.0,28.0,,,
31070,2005,13.0,28.0,28.0,,
31070,2006,23.0,13.0,28.0,28.0,23.0
31070,2007,36.9,23.0,13.0,28.0,21.333333333333332
31070,2008,0.0,36.9,23.0,13.0,24.3
31070,2009,4.5,0.0,36.9,23.0,19.966666666666665
31070,2011,48.0,,4.5,0.0,
31070,2012,25.0,48.0,,4.5,
31070,2013,12.5,25.0,48.0,,
31070,2014,5.5,12.5,25.0,48.0,28.5
31070,2015,4.8,5.5,12.5,25.0,14.333333333333334
31070,2016,6.0,4.8,5.5,12.5,7.6000000000000005
31070,2017,5.1,6.0,4.8,5.5,5.433333333333334
31070,2019,0.0,,5.1,6.0,
31070,2020,130.9,0.0,,5.1,
31070,2021,104.0,130.9,0.0,,
31070,2022,127.5,104.0,130.9,0.0,78.3
31070,2023,147.0,127.5,104.0,130.9,120.8
31070,2025,126.6,,147.0,127.5,
31072,2003,8.0,,,,
31072,2004,8.0,8.0,,,
31072,2005,8.0,8.0,8.0,,
31072,2006,8.0,8.0,8.0,8.0,8.0
31072,2007,12.0,8.0,8.0,8.0,8.0
31072,2008,10.0,12.0,8.0,8.0,9.333333333333334
31072,2009,10.0,10.0,12.0,8.0,10.0
31072,2010,9.0,10.0,10.0,12.0,10.666666666666666
31072,2011,14.0,9.0,10.0,10.0,9.666666666666666
31073,2003,10.0,,,,
31073,2004,40.0,10.0,,,
31073,2005,40.0,40.0,10.0,,
31073,2006,28.0,40.0,40.0,10.0,30.0
31073,2007,18.0,28.0,40.0,40.0,36.0
31073,2008,21.0,18.0,28.0,40.0,28.666666666666668
31073,2009,23.0,21.0,18.0,28.0,22.333333333333332
31073,2010,18.0,23.0,21.0,18.0,20.666666666666668
31073,2011,19.0,18.0,23.0,21.0,20.666666666666668
31076,2003,0.0,,,,
31076,2004,16.0,0.0,,,
31076,2005,16.0,16.0,0.0,,
31076,2006,16.0,16.0,16.0,0.0,10.666666666666666
31076,2007,8.0,16.0,16.0,16.0,16.0
31076,2008,14.0,8.0,16.0,16.0,13.333333333333334
31076,2009,12.0,14.0,8.0,16.0,12.666666666666666
31076,2010,14.0,12.0,14.0,8.0,11.333333333333334
31078,2003,28.0,,,,
31078,2004,28.0,28.0,,,
31078,2005,28.0,28.0,28.0,,
31078,2006,28.0,28.0,28.0,28.0,28.0
31078,2007,28.0,28.0,28.0,28.0,28.0
31078,2008,9.0,28.0,28.0,28.0,28.0
31078,2009,2.5,9.0,28.0,28.0,21.666666666666668
31079,2003,340.0,,,,
31079,2004,410.0,340.0,,,
31079,2005,410.0,410.0,340.0,,
31079,2006,420.0,410.0,410.0,340.0,386.6666666666667
31079,2007,190.0,420.0,410.0,410.0,413.3333333333333
31079,2008,320.0,190.0,420.0,410.0,340.0
31079,2009,320.0,320.0,190.0,420.0,310.0
31079,2010,475.6,320.0,320.0,190.0,276.6666666666667
31079,2011,270.0,475.6,320.0,320.0,371.8666666666666
31079,2012,310.0,270.0,475.6,320.0,355.2
31079,2013,310.0,310.0,270.0,475.6,351.8666666666666
31079,2014,285.0,310.0,310.0,270.0,296.6666666666667
31079,2015,307.78,285.0,310.0,310.0,301.6666666666667
31079,2016,408.0,307.78,285.0,310.0,300.9266666666667
31079,2017,407.5,408.0,307.78,285.0,333.5933333333333
31079,2018,389.2,407.5,408.0,307.78,374.4266666666667
31079,2019,360.0,389.2,407.5,408.0,401.56666666666666
31079,2020,336.0,360.0,389.2,407.5,385.56666666666666
31079,2021,316.65,336.0,360.0,389.2,361.73333333333335
31079,2022,352.5,316.65,336.0,360.0,337.54999999999995
31079,2023,418.29999999999995,352.5,316.65,336.0,335.04999999999995
31079,2025,274.68,,418.29999999999995,352.5,
31080,2003,14.0,,,,
31080,2004,20.0,14.0,,,
31080,2005,16.0,20.0,14.0,,
31080,2006,16.0,16.0,20.0,14.0,16.666666666666668
31080,2007,10.0,16.0,16.0,20.0,17.333333333333332
31080,2008,16.0,10.0,16.0,16.0,14.0
31080,2009,14.0,16.0,10.0,16.0,14.0
31080,2010,0.0,14.0,16.0,10.0,13.333333333333334
31080,2011,14.0,0.0,14.0,16.0,10.0
31084,2003,8.0,,,,
31084,2004,8.0,8.0,,,
31084,2005,8.0,8.0,8.0,,
31084,2006,8.0,8.0,8.0,8.0,8.0
31084,2007,12.0,8.0,8.0,8.0,8.0
31084,2008,10.0,12.0,8.0,8.0,9.333333333333334
31084,2009,20.0,10.0,12.0,8.0,10.0
31084,2010,22.0,20.0,10.0,12.0,14.0
31084,2011,26.0,22.0,20.0,10.0,17.333333333333332
31085,2003,11.5,,,,
31085,2004,7.2,11.5,,,
31085,2005,5.5,7.2,11.5,,
31085,2006,0.0,5.5,7.2,11.5,8.066666666666666
31085,2007,9.0,0.0,5.5,7.2,4.233333333333333
31085,2008,8.5,9.0,0.0,5.5,4.833333333333333
31085,2009,9.0,8.5,9.0,0.0,5.833333333333333
31085,2010,9.08,9.0,8.5,9.0,8.833333333333334
31085,2011,22.5,9.08,9.0,8.5,8.86
31085,2012,17.7,22.5,9.08,9.0,13.526666666666666
31085,2013,13.3,17.7,22.5,9.08,16.426666666666666
31085,2014,8.5,13.3,17.7,22.5,17.833333333333332
31085,2015,2.8,8.5,13.3,17.7,13.166666666666666
31085,2016,2.84,2.8,8.5,13.3,8.200000000000001
31087,2012,0.0,,,,
31087,2013,0.0,0.0,,,
31087,2014,0.0,0.0,0.0,,
31087,2015,0.0,0.0,0.0,0.0,0.0
31087,2016,0.0,0.0,0.0,0.0,0.0
31087,2017,0.0,0.0,0.0,0.0,0.0
31087,2018,6.0,0.0,0.0,0.0,0.0
31087,2019,6.25,6.0,0.0,0.0,2.0
31087,2020,4.05,6.25,6.0,0.0,4.083333333333333
31087,2021,3.3,4.05,6.25,6.0,5.433333333333334
31087,2022,3.3,3.3,4.05,6.25,4.533333333333333
31087,2023,3.37,3.3,3.3,4.05,3.5499999999999994
31087,2025,2.42,,3.37,3.3,
31089,2003,468.0,,,,
31089,2004,1725.0,468.0,,,
31089,2005,2060.0,1725.0,468.0,,
31089,2006,2004.0,2060.0,1725.0,468.0,1417.6666666666667
31089,2007,1590.0,2004.0,2060.0,1725.0,1929.6666666666667
31089,2008,2278.0,1590.0,2004.0,2060.0,1884.6666666666667
31089,2009,2522.0,2278.0,1590.0,2004.0,1957.3333333333333
31089,2010,2548.0,2522.0,2278.0,1590.0,2130.0
31089,2011,2465.0,2548.0,2522.0,2278.0,2449.3333333333335
31089,2012,2533.0,2465.0,2548.0,2522.0,2511.6666666666665
31089,2013,2482.0,2533.0,2465.0,2548.0,2515.3333333333335
31089,2014,2456.5,2482.0,2533.0,2465.0,2493.3333333333335
31089,2015,2439.5,2456.5,2482.0,2533.0,2490.5
31089,2016,2199.6,2439.5,2456.5,2482.0,2459.3333333333335
31089,2017,2115.6,2199.6,2439.5,2456.5,2365.2000000000003
31089,2018,1748.85,2115.6,2199.6,2439.5,2251.5666666666666
31089,2019,1164.5,1748.85,2115.6,2199.6,2021.3499999999997
31089,2020,1228.15,1164.5,1748.85,2115.6,1676.3166666666666
31089,2021,1624.35,1228.15,1164.5,1748.85,1380.5
31089,2022,1630.3,1624.35,1228.15,1164.5,1339.0
31089,2023,1959.6,1630.3,1624.35,1228.15,1494.2666666666667
31089,2025,1973.8,,1959.6,1630.3,
31092,2011,20.0,,,,
31092,2012,20.0,20.0,,,
31092,2013,20.0,20.0,20.0,,
31092,2014,18.0,20.0,20.0,20.0,20.0
31092,2015,2.0,18.0,20.0,20.0,19.333333333333332
31094,2003,10.0,,,,
31094,2004,40.0,10.0,,,
31094,2005,40.0,40.0,10.0,,
31094,2006,28.0,40.0,40.0,10.0,30.0
31094,2007,20.0,28.0,40.0,40.0,36.0
31094,2008,22.0,20.0,28.0,40.0,29.333333333333332
31094,2009,23.0,22.0,20.0,28.0,23.333333333333332
31094,2010,18.0,23.0,22.0,20.0,21.666666666666668
31094,2011,19.0,18.0,23.0,22.0,21.0
31096,2003,58.0,,,,
31096,2004,48.0,58.0,,,
31096,2005,0.0,48.0,58.0,,
31096,2006,2.5,0.0,48.0,58.0,35.333333333333336
31096,2007,24.0,2.5,0.0,48.0,16.833333333333332
31096,2008,6.0,24.0,2.5,0.0,8.833333333333334
31096,2009,24.0,6.0,24.0,2.5,10.833333333333334
31096,2010,23.0,24.0,6.0,24.0,18.0
31096,2011,39.0,23.0,24.0,6.0,17.666666666666668
31096,2012,36.5,39.0,23.0,24.0,28.666666666666668
31096,2013,34.7,36.5,39.0,23.0,32.833333333333336
31096,2014,32.4,34.7,36.5,39.0,36.733333333333334
31096,2015,17.6,32.4,34.7,36.5,34.53333333333333
31096,2016,12.77,17.6,32.4,34.7,28.233333333333334
31096,2017,6.44,12.77,17.6,32.4,20.923333333333332
31096,2018,5.66,6.44,12.77,17.6,12.270000000000001
31096,2019,16.23,5.66,6.44,12.77,8.290000000000001
31096,2020,0.0,16.23,5.66,6.44,9.443333333333333
31096,2021,0.0,0.0,16.23,5.66,7.296666666666667
31096,2022,0.0,0.0,0.0,16.23,5.41
31096,2023,0.0,0.0,0.0,0.0,0.0
31096,2025,0.0,,0.0,0.0,
31097,2003,10.0,,,,
31097,2004,16.0,10.0,,,
31097,2005,15.2,16.0,10.0,,
31097,2006,24.5,15.2,16.0,10.0,13.733333333333334
31097,2007,23.8,24.5,15.2,16.0,18.566666666666666
31097,2008,23.8,23.8,24.5,15.2,21.166666666666668
31097,2009,20.0,23.8,23.8,24.5,24.03333333333333
31097,2010,15.0,20.0,23.8,23.8,22.53333333333333
31097,2011,36.0,15.0,20.0,23.8,19.599999999999998
31097,2012,45.0,36.0,15.0,20.0,23.666666666666668
31097,2013,18.0,45.0,36.0,15.0,32.0
31097,2014,12.0,18.0,45.0,36.0,33.0
31098,2003,104.0,,,,
31098,2004,320.0,104.0,,,
31098,2005,320.0,320.0,104.0,,
31098,2006,258.0,320.0,320.0,104.0,248.0
31098,2007,179.0,258.0,320.0,320.0,299.3333333333333
31098,2008,199.0,179.0,258.0,320.0,252.33333333333334
31098,2009,215.0,199.0,179.0,258.0,212.0
31098,2010,228.0,215.0,199.0,179.0,197.66666666666666
31098,2011,354.0,228.0,215.0,199.0,214.0
31098,2012,240.0,354.0,228.0,215.0,265.6666666666667
31098,2013,240.0,240.0,354.0,228.0,274.0
31098,2014,224.0,240.0,240.0,354.0,278.0
31098,2015,224.8,224.0,240.0,240.0,234.66666666666666
31098,2016,300.0,224.8,224.0,240.0,229.6
31098,2017,320.0,300.0,224.8,224.0,249.6
31098,2018,260.0,320.0,300.0,224.8,281.59999999999997
31098,2019,240.0,260.0,320.0,300.0,293.3333333333333
31098,2020,231.0,240.0,260.0,320.0,273.3333333333333
31098,2021,234.88,231.0,240.0,260.0,243.66666666666666
31098,2022,265.5,234.88,231.0,240.0,235.29333333333332
31098,2023,340.4,265.5,234.88,231.0,243.79333333333332
31098,2025,342.7,,340.4,265.5,
31100,2003,2.6,,,,
31100,2004,30.0,2.6,,,
31100,2005,30.0,30.0,2.6,,
31100,2006,22.0,30.0,30.0,2.6,20.866666666666667
31100,2007,35.0,22.0,30.0,30.0,27.333333333333332
31100,2008,30.0,35.0,22.0,30.0,29.0
31100,2009,40.0,30.0,35.0,22.0,29.0
31100,2010,34.0,40.0,30.0,35.0,35.0
31100,2011,24.0,34.0,40.0,30.0,34.666666666666664
31101,2003,64.0,,,,
31101,2004,64.0,64.0,,,
31101,2005,96.0,64.0,64.0,,
31101,2006,80.0,96.0,64.0,64.0,74.66666666666667
31101,2007,60.0,80.0,96.0,64.0,80.0
31101,2008,45.0,60.0,80.0,96.0,78.66666666666667
31101,2009,42.0,45.0,60.0,80.0,61.666666666666664
31101,2010,36.0,42.0,45.0,60.0,49.0
31101,2011,72.0,36.0,42.0,45.0,41.0
31101,2017,149.4,,,,
31101,2018,155.63,149.4,,,
31101,2019,50.0,155.63,149.4,,
31101,2020,41.0,50.0,155.63,149.4,118.34333333333332
31101,2021,28.0,41.0,50.0,155.63,82.21
31101,2022,24.5,28.0,41.0,50.0,39.666666666666664
31101,2023,24.99,24.5,28.0,41.0,31.166666666666668
31101,2025,28.19,,24.99,24.5,
31106,2003,0.0,,,,
31106,2004,8.0,0.0,,,
31106,2005,8.0,8.0,0.0,,
31106,2006,8.0,8.0,8.0,0.0,5.333333333333333
31106,2007,12.0,8.0,8.0,8.0,8.0
31106,2008,10.0,12.0,8.0,8.0,9.333333333333334
31106,2009,10.0,10.0,12.0,8.0,10.0
31106,2010,9.0,10.0,10.0,12.0,10.666666666666666
31106,2011,12.0,9.0,10.0,10.0,9.666666666666666
32001,2003,175.0,,,,
32001,2004,175.0,175.0,,,
32001,2005,192.5,175.0,175.0,,
32001,2006,175.0,192.5,175.0,175.0,180.83333333333334
32001,2007,261.8,175.0,192.5,175.0,180.83333333333334
32001,2008,204.0,261.8,175.0,192.5,209.76666666666665
32001,2009,238.0,204.0,261.8,175.0,213.6
32001,2010,236.1,238.0,204.0,261.8,234.6
32001,2011,162.5,236.1,238.0,204.0,226.03333333333333
32001,2012,124.0,162.5,236.1,238.0,212.20000000000002
32001,2013,142.0,124.0,162.5,236.1,174.20000000000002
32001,2014,144.0,142.0,124.0,162.5,142.83333333333334
32001,2015,30.0,144.0,142.0,124.0,136.66666666666666
32001,2016,27.56,30.0,144.0,142.0,105.33333333333333
32001,2017,31.2,27.56,30.0,144.0,67.18666666666667
32001,2018,25.88,31.2,27.56,30.0,29.586666666666662
32001,2019,28.18,25.88,31.2,27.56,28.213333333333335
32001,2020,44.1,28.18,25.88,31.2,28.419999999999998
32001,2021,43.2,44.1,28.18,25.88,32.72
32001,2022,42.8,43.2,44.1,28.18,38.49333333333334
32001,2023,44.04,42.8,43.2,44.1,43.36666666666667
32001,2025,0.0,,44.04,42.8,
32019,2014,13.8,,,,
32019,2015,14.0,13.8,,,
32019,2016,14.42,14.0,13.8,,
32019,2017,14.44,14.42,14.0,13.8,14.073333333333332
32019,2018,15.62,14.44,14.42,14.0,14.286666666666667
32019,2019,14.68,15.62,14.44,14.42,14.826666666666666
32019,2020,16.87,14.68,15.62,14.44,14.913333333333332
32019,2021,18.1,16.87,14.68,15.62,15.723333333333334
32019,2022,18.5,18.1,16.87,14.68,16.55
32019,2023,21.5,18.5,18.1,16.87,17.823333333333334
32019,2025,33.36,,21.5,18.5,
32020,2008,95.0,,,,
32020,2009,95.0,95.0,,,
32020,2010,90.0,95.0,95.0,,
32020,2011,80.0,90.0,95.0,95.0,93.33333333333333
32020,2012,80.5,80.0,90.0,95.0,88.33333333333333
32020,2013,76.0,80.5,80.0,90.0,83.5
32020,2014,78.0,76.0,80.5,80.0,78.83333333333333
32020,2015,86.0,78.0,76.0,80.5,78.16666666666667
32020,2016,80.0,86.0,78.0,76.0,80.0
32020,2017,98.0,80.0,86.0,78.0,81.33333333333333
32020,2018,90.0,98.0,80.0,86.0,88.0
32020,2019,80.0,90.0,98.0,80.0,89.33333333333333
32020,2020,75.0,80.0,90.0,98.0,89.33333333333333
32020,2021,109.0,75.0,80.0,90.0,81.66666666666667
32020,2022,123.0,109.0,75.0,80.0,88.0
32020,2023,125.58,123.0,109.0,75.0,102.33333333333333
32020,2025,128.8,,125.58,123.0,
32023,2003,12.0,,,,
32023,2004,16.0,12.0,,,
32023,2005,16.0,16.0,12.0,,
32023,2006,32.0,16.0,16.0,12.0,14.666666666666666
32023,2007,16.0,32.0,16.0,16.0,21.333333333333332
32023,2008,18.0,16.0,32.0,16.0,21.333333333333332
32023,2009,28.0,18.0,16.0,32.0,22.0
32023,2010,28.28,28.0,18.0,16.0,20.666666666666668
32023,2011,24.5,28.28,28.0,18.0,24.76
32023,2012,39.9,24.5,28.28,28.0,26.926666666666666
32023,2013,33.6,39.9,24.5,28.28,30.893333333333334
32023,2014,43.4,33.6,39.9,24.5,32.666666666666664
32023,2015,44.25,43.4,33.6,39.9,38.96666666666667
32023,2016,31.8,44.25,43.4,33.6,40.416666666666664
32023,2017,37.44,31.8,44.25,43.4,39.81666666666667
32023,2018,39.66,37.44,31.8,44.25,37.830000000000005
32023,2019,40.26,39.66,37.44,31.8,36.300000000000004
32023,2020,44.2,40.26,39.66,37.44,39.12
32023,2021,46.67,44.2,40.26,39.66,41.373333333333335
32023,2022,47.4,46.67,44.2,40.26,43.71
32023,2023,51.03,47.4,46.67,44.2,46.09
32023,2025,54.28,,51.03,47.4,
32028,2003,8.0,,,,
32028,2004,12.0,8.0,,,
32028,2005,12.0,12.0,8.0,,
32028,2006,15.0,12.0,12.0,8.0,10.666666666666666
32028,2007,12.0,15.0,12.0,12.0,13.0
32028,2008,22.5,12.0,15.0,12.0,13.0
32028,2009,20.0,22.5,12.0,15.0,16.5
32028,2010,20.18,20.0,22.5,12.0,18.166666666666668
32028,2011,18.5,20.18,20.0,22.5,20.893333333333334
32028,2012,26.0,18.5,20.18,20.0,19.56
32028,2013,24.0,26.0,18.5,20.18,21.560000000000002
32028,2014,29.5,24.0,26.0,18.5,22.833333333333332
32028,2015,32.5,29.5,24.0,26.0,26.5
32028,2016,26.25,32.5,29.5,24.0,28.666666666666668
32028,2017,35.5,26.25,32.5,29.5,29.416666666666668
32028,2018,34.75,35.5,26.25,32.5,31.416666666666668
32028,2019,35.5,34.75,35.5,26.25,32.166666666666664
32028,2020,38.89,35.5,34.75,35.5,35.25
32028,2021,40.68,38.89,35.5,34.75,36.38
32028,2022,41.8,40.68,38.89,35.5,38.35666666666666
32028,2023,50.82,41.8,40.68,38.89,40.45666666666667
32028,2025,41.75,,50.82,41.8,
32033,2003,75.0,,,,
32033,2004,90.0,75.0,,,
32033,2005,90.0,90.0,75.0,,
32033,2006,75.0,90.0,90.0,75.0,85.0
32033,2007,90.0,75.0,90.0,90.0,85.0
32033,2008,100.0,90.0,75.0,90.0,85.0
32033,2009,120.0,100.0,90.0,75.0,88.33333333333333
32033,2010,121.2,120.0,100.0,90.0,103.33333333333333
32033,2011,110.0,121.2,120.0,100.0,113.73333333333333
32033,2012,118.0,110.0,121.2,120.0,117.06666666666666
32033,2013,67.0,118.0,110.0,121.2,116.39999999999999
32033,2014,69.5,67.0,118.0,110.0,98.33333333333333
32033,2015,32.5,69.5,67.0,118.0,84.83333333333333
32033,2016,64.5,32.5,69.5,67.0,56.333333333333336
32033,2017,64.08,64.5,32.5,69.5,55.5
32033,2018,61.92,64.08,64.5,32.5,53.69333333333333
32033,2019,35.75,61.92,64.08,64.5,63.5
32033,2020,63.0,35.75,61.92,64.08,53.916666666666664
32033,2021,68.49,63.0,35.75,61.92,53.55666666666667
32033,2022,64.8,68.49,63.0,35.75,55.74666666666667
32033,2023,66.96,64.8,68.49,63.0,65.42999999999999
32033,2025,150.3,,66.96,64.8,
32034,2003,14.0,,,,
32034,2004,7.0,14.0,,,
32034,2005,14.0,7.0,14.0,,
32034,2006,14.0,14.0,7.0,14.0,11.666666666666666
32034,2007,14.0,14.0,14.0,7.0,11.666666666666666
32034,2008,12.0,14.0,14.0,14.0,14.0
32034,2009,14.0,12.0,14.0,14.0,13.333333333333334
32034,2010,13.87,14.0,12.0,14.0,13.333333333333334
32034,2011,13.2,13.87,14.0,12.0,13.29
32034,2012,13.0,13.2,13.87,14.0,13.69
32034,2013,16.4,13.0,13.2,13.87,13.356666666666667
32034,2014,16.9,16.4,13.0,13.2,14.200000000000001
32034,2015,15.2,16.9,16.4,13.0,15.433333333333332
32034,2016,15.04,15.2,16.9,16.4,16.166666666666668
32034,2017,15.76,15.04,15.2,16.9,15.713333333333333
32034,2018,15.42,15.76,15.04,15.2,15.333333333333334
32034,2019,11.43,15.42,15.76,15.04,15.406666666666666
32034,2023,8.0,,,,
32034,2025,16.68,,8.0,,
32043,2003,15.0,,,,
32043,2004,15.0,15.0,,,
32043,2005,15.0,15.0,15.0,,
32043,2006,8.0,15.0,15.0,15.0,15.0
32043,2007,8.0,8.0,15.0,15.0,12.666666666666666
32043,2008,7.0,8.0,8.0,15.0,10.333333333333334
32043,2009,14.0,7.0,8.0,8.0,7.666666666666667
32043,2010,10.0,14.0,7.0,8.0,9.666666666666666
32043,2011,8.0,10.0,14.0,7.0,10.333333333333334
32043,2012,15.0,8.0,10.0,14.0,10.666666666666666
32043,2013,15.3,15.0,8.0,10.0,11.0
32043,2014,15.6,15.3,15.0,8.0,12.766666666666666
32043,2015,17.4,15.6,15.3,15.0,15.299999999999999
32043,2016,18.0,17.4,15.6,15.3,16.099999999999998
32043,2017,18.6,18.0,17.4,15.6,17.0
32043,2018,19.0,18.6,18.0,17.4,18.0
32043,2019,13.5,19.0,18.6,18.0,18.533333333333335
32043,2020,12.0,13.5,19.0,18.6,17.033333333333335
32043,2021,12.0,12.0,13.5,19.0,14.833333333333334
32043,2022,12.0,12.0,12.0,13.5,12.5
32043,2023,12.24,12.0,12.0,12.0,12.0
32043,2025,16.1,,12.24,12.0,
32055,2011,9.6,,,,
32055,2012,12.6,9.6,,,
32055,2013,15.9,12.6,9.6,,
32055,2014,17.4,15.9,12.6,9.6,12.700000000000001
32055,2015,17.7,17.4,15.9,12.6,15.299999999999999
32055,2016,18.36,17.7,17.4,15.9,17.0
32055,2017,6.4,18.36,17.7,17.4,17.819999999999997
32055,2018,17.07,6.4,18.36,17.7,14.153333333333334
